   start[kHz] stop[kHz]
  1     20.00     22.31
  2     22.31     24.62
  3     24.62     26.94
  4     26.94     29.25
  5     29.25     31.56
  6     31.56     33.88
  7     33.88     36.19
  8     36.19     38.50
  9     38.50     40.81
 10     40.81     43.12
 11     43.12     45.44
 12     45.44     47.75
 13     47.75     50.06
 14     50.06     52.38
 15     52.38     54.69
 16     54.69     57.00
 17     57.00     59.31
 18     59.31     61.62
 19     61.62     63.94
 20     63.94     66.25
 21     66.25     68.56
 22     68.56     70.88
 23     70.88     73.19
 24     73.19     75.50
 25     75.50     77.81
 26     77.81     80.12
 27     80.12     82.44
 28     82.44     84.75
 29     84.75     87.06
 30     87.06     89.38
 31     89.38     91.69
 32     91.69     94.00
 33     94.00     96.31
 34     96.31     98.62
 35     98.62    100.94
 36    100.94    103.25
 37    103.25    105.56
 38    105.56    107.88
 39    107.88    110.19
 40    110.19    112.50
 41    112.50    114.81
 42    114.81    117.12
 43    117.12    119.44
 44    119.44    121.75
 45    121.75    124.06
 46    124.06    126.38
 47    126.38    128.69
 48    128.69    131.00
 49    131.00    133.31
 50    133.31    135.62
 51    135.62    137.94
 52    137.94    140.25
 53    140.25    142.56
 54    142.56    144.88
 55    144.88    147.19
 56    147.19    149.50
 57    149.50    151.81
 58    151.81    154.12
 59    154.12    156.44
 60    156.44    158.75
 61    158.75    161.06
 62    161.06    163.38
 63    163.38    165.69
 64    165.69    168.00
 65    168.00    170.31
 66    170.31    172.62
 67    172.62    174.94
 68    174.94    177.25
 69    177.25    179.56
 70    179.56    181.88
 71    181.88    184.19
 72    184.19    186.50
 73    186.50    188.81
 74    188.81    191.12
 75    191.12    193.44
 76    193.44    195.75
 77    195.75    198.06
 78    198.06    200.38
 79    200.38    202.69
 80    202.69    205.00
 81    205.00    207.31
 82    207.31    209.62
 83    209.62    211.94
 84    211.94    214.25
 85    214.25    216.56
 86    216.56    218.88
 87    218.88    221.19
 88    221.19    223.50
 89    223.50    225.81
 90    225.81    228.12
 91    228.12    230.44
 92    230.44    232.75
 93    232.75    235.06
 94    235.06    237.38
 95    237.38    239.69
 96    239.69    242.00
 97    242.00    244.31
 98    244.31    246.62
 99    246.62    248.94
100    248.94    251.25
101    251.25    253.56
102    253.56    255.88
103    255.88    258.19
104    258.19    260.50
105    260.50    262.81
106    262.81    265.12
107    265.12    267.44
108    267.44    269.75
109    269.75    272.06
110    272.06    274.38
111    274.38    276.69
112    276.69    279.00
113    279.00    281.31
114    281.31    283.62
115    283.62    285.94
116    285.94    288.25
117    288.25    290.56
118    290.56    292.88
119    292.88    295.19
120    295.19    297.50
121    297.50    299.81
122    299.81    302.12
123    302.12    304.44
124    304.44    306.75
125    306.75    309.06
126    309.06    311.38
127    311.38    313.69
128    313.69    316.00
129    316.00    318.31
130    318.31    320.62
131    320.62    322.94
132    322.94    325.25
133    325.25    327.56
134    327.56    329.88
135    329.88    332.19
136    332.19    334.50
137    334.50    336.81
138    336.81    339.12
139    339.12    341.44
140    341.44    343.75
141    343.75    346.06
142    346.06    348.38
143    348.38    350.69
144    350.69    353.00
145    353.00    355.31
146    355.31    357.62
147    357.62    359.94
148    359.94    362.25
149    362.25    364.56
150    364.56    366.88
151    366.88    369.19
152    369.19    371.50
153    371.50    373.81
154    373.81    376.12
155    376.12    378.44
156    378.44    380.75
157    380.75    383.06
158    383.06    385.38
159    385.38    387.69
160    387.69    390.00
161    390.00    392.31
162    392.31    394.62
163    394.62    396.94
164    396.94    399.25
165    399.25    401.56
166    401.56    403.88
167    403.88    406.19
168    406.19    408.50
169    408.50    410.81
170    410.81    413.12
171    413.12    415.44
172    415.44    417.75
173    417.75    420.06
174    420.06    422.38
175    422.38    424.69
176    424.69    427.00
177    427.00    429.31
178    429.31    431.62
179    431.62    433.94
180    433.94    436.25
181    436.25    438.56
182    438.56    440.88
183    440.88    443.19
184    443.19    445.50
185    445.50    447.81
186    447.81    450.12
187    450.12    452.44
188    452.44    454.75
189    454.75    457.06
190    457.06    459.38
191    459.38    461.69
192    461.69    464.00
193    464.00    466.31
194    466.31    468.62
195    468.62    470.94
196    470.94    473.25
197    473.25    475.56
198    475.56    477.88
199    477.88    480.19
200    480.19    482.50
201    482.50    484.81
202    484.81    487.12
203    487.12    489.44
204    489.44    491.75
205    491.75    494.06
206    494.06    496.38
207    496.38    498.69
208    498.69    501.00
209    501.00    503.31
210    503.31    505.62
211    505.62    507.94
212    507.94    510.25
213    510.25    512.56
214    512.56    514.88
215    514.88    517.19
216    517.19    519.50
217    519.50    521.81
218    521.81    524.12
219    524.12    526.44
220    526.44    528.75
221    528.75    531.06
222    531.06    533.38
223    533.38    535.69
224    535.69    538.00
225    538.00    540.31
226    540.31    542.62
227    542.62    544.94
228    544.94    547.25
229    547.25    549.56
230    549.56    551.88
231    551.88    554.19
232    554.19    556.50
233    556.50    558.81
234    558.81    561.12
235    561.12    563.44
236    563.44    565.75
237    565.75    568.06
238    568.06    570.38
239    570.38    572.69
240    572.69    575.00
241    575.00    577.31
242    577.31    579.62
243    579.62    581.94
244    581.94    584.25
245    584.25    586.56
246    586.56    588.88
247    588.88    591.19
248    591.19    593.50
249    593.50    595.81
250    595.81    598.12
251    598.12    600.44
252    600.44    602.75
253    602.75    605.06
254    605.06    607.38
255    607.38    609.69
256    609.69    612.00
257    612.00    614.31
258    614.31    616.62
259    616.62    618.94
260    618.94    621.25
261    621.25    623.56
262    623.56    625.88
263    625.88    628.19
264    628.19    630.50
265    630.50    632.81
266    632.81    635.12
267    635.12    637.44
268    637.44    639.75
269    639.75    642.06
270    642.06    644.38
271    644.38    646.69
272    646.69    649.00
273    649.00    651.31
274    651.31    653.62
275    653.62    655.94
276    655.94    658.25
277    658.25    660.56
278    660.56    662.88
279    662.88    665.19
280    665.19    667.50
281    667.50    669.81
282    669.81    672.12
283    672.12    674.44
284    674.44    676.75
285    676.75    679.06
286    679.06    681.38
287    681.38    683.69
288    683.69    686.00
289    686.00    688.31
290    688.31    690.62
291    690.62    692.94
292    692.94    695.25
293    695.25    697.56
294    697.56    699.88
295    699.88    702.19
296    702.19    704.50
297    704.50    706.81
298    706.81    709.12
299    709.12    711.44
300    711.44    713.75
301    713.75    716.06
302    716.06    718.38
303    718.38    720.69
304    720.69    723.00
305    723.00    725.31
306    725.31    727.62
307    727.62    729.94
308    729.94    732.25
309    732.25    734.56
310    734.56    736.88
311    736.88    739.19
312    739.19    741.50
313    741.50    743.81
314    743.81    746.12
315    746.12    748.44
316    748.44    750.75
317    750.75    753.06
318    753.06    755.38
319    755.38    757.69
320    757.69    760.00
321    760.00    762.31
322    762.31    764.62
323    764.62    766.94
324    766.94    769.25
325    769.25    771.56
326    771.56    773.88
327    773.88    776.19
328    776.19    778.50
329    778.50    780.81
330    780.81    783.12
331    783.12    785.44
332    785.44    787.75
333    787.75    790.06
334    790.06    792.38
335    792.38    794.69
336    794.69    797.00
337    797.00    799.31
338    799.31    801.62
339    801.62    803.94
340    803.94    806.25
341    806.25    808.56
342    808.56    810.88
343    810.88    813.19
344    813.19    815.50
345    815.50    817.81
346    817.81    820.12
347    820.12    822.44
348    822.44    824.75
349    824.75    827.06
350    827.06    829.38
351    829.38    831.69
352    831.69    834.00
353    834.00    836.31
354    836.31    838.62
355    838.62    840.94
356    840.94    843.25
357    843.25    845.56
358    845.56    847.88
359    847.88    850.19
360    850.19    852.50
361    852.50    854.81
362    854.81    857.12
363    857.12    859.44
364    859.44    861.75
365    861.75    864.06
366    864.06    866.38
367    866.38    868.69
368    868.69    871.00
369    871.00    873.31
370    873.31    875.62
371    875.62    877.94
372    877.94    880.25
373    880.25    882.56
374    882.56    884.88
375    884.88    887.19
376    887.19    889.50
377    889.50    891.81
378    891.81    894.12
379    894.12    896.44
380    896.44    898.75
381    898.75    901.06
382    901.06    903.38
383    903.38    905.69
384    905.69    908.00
385    908.00    910.31
386    910.31    912.62
387    912.62    914.94
388    914.94    917.25
389    917.25    919.56
390    919.56    921.88
391    921.88    924.19
392    924.19    926.50
393    926.50    928.81
394    928.81    931.12
395    931.12    933.44
396    933.44    935.75
397    935.75    938.06
398    938.06    940.38
399    940.38    942.69
400    942.69    945.00
401    945.00    947.31
402    947.31    949.62
403    949.62    951.94
404    951.94    954.25
405    954.25    956.56
406    956.56    958.88
407    958.88    961.19
408    961.19    963.50
409    963.50    965.81
410    965.81    968.12
411    968.12    970.44
412    970.44    972.75
413    972.75    975.06
414    975.06    977.38
415    977.38    979.69
416    979.69    982.00
417    982.00    984.31
418    984.31    986.62
419    986.62    988.94
420    988.94    991.25
421    991.25    993.56
422    993.56    995.88
423    995.88    998.19
424    998.19   1000.50
425   1000.50   1002.81
426   1002.81   1005.12
427   1005.12   1007.44
428   1007.44   1009.75
429   1009.75   1012.06
430   1012.06   1014.38
431   1014.38   1016.69
432   1016.69   1019.00
433   1019.00   1021.31
434   1021.31   1023.62
435   1023.62   1025.94
436   1025.94   1028.25
437   1028.25   1030.56
438   1030.56   1032.88
439   1032.88   1035.19
440   1035.19   1037.50
441   1037.50   1039.81
442   1039.81   1042.12
443   1042.12   1044.44
444   1044.44   1046.75
445   1046.75   1049.06
446   1049.06   1051.38
447   1051.38   1053.69
448   1053.69   1056.00
449   1056.00   1058.31
450   1058.31   1060.62
451   1060.62   1062.94
452   1062.94   1065.25
453   1065.25   1067.56
454   1067.56   1069.88
455   1069.88   1072.19
456   1072.19   1074.50
457   1074.50   1076.81
458   1076.81   1079.12
459   1079.12   1081.44
460   1081.44   1083.75
461   1083.75   1086.06
462   1086.06   1088.38
463   1088.38   1090.69
464   1090.69   1093.00
465   1093.00   1095.31
466   1095.31   1097.62
467   1097.62   1099.94
468   1099.94   1102.25
469   1102.25   1104.56
470   1104.56   1106.88
471   1106.88   1109.19
472   1109.19   1111.50
473   1111.50   1113.81
474   1113.81   1116.12
475   1116.12   1118.44
476   1118.44   1120.75
477   1120.75   1123.06
478   1123.06   1125.38
479   1125.38   1127.69
480   1127.69   1130.00
481   1130.00   1132.31
482   1132.31   1134.62
483   1134.62   1136.94
484   1136.94   1139.25
485   1139.25   1141.56
486   1141.56   1143.88
487   1143.88   1146.19
488   1146.19   1148.50
489   1148.50   1150.81
490   1150.81   1153.12
491   1153.12   1155.44
492   1155.44   1157.75
493   1157.75   1160.06
494   1160.06   1162.38
495   1162.38   1164.69
496   1164.69   1167.00
497   1167.00   1169.31
498   1169.31   1171.62
499   1171.62   1173.94
500   1173.94   1176.25
501   1176.25   1178.56
502   1178.56   1180.88
503   1180.88   1183.19
504   1183.19   1185.50
505   1185.50   1187.81
506   1187.81   1190.12
507   1190.12   1192.44
508   1192.44   1194.75
509   1194.75   1197.06
510   1197.06   1199.38
511   1199.38   1201.69
512   1201.69   1204.00
513   1204.00   1206.31
514   1206.31   1208.62
515   1208.62   1210.94
516   1210.94   1213.25
517   1213.25   1215.56
518   1215.56   1217.88
519   1217.88   1220.19
520   1220.19   1222.50
521   1222.50   1224.81
522   1224.81   1227.12
523   1227.12   1229.44
524   1229.44   1231.75
525   1231.75   1234.06
526   1234.06   1236.38
527   1236.38   1238.69
528   1238.69   1241.00
529   1241.00   1243.31
530   1243.31   1245.62
531   1245.62   1247.94
532   1247.94   1250.25
533   1250.25   1252.56
534   1252.56   1254.88
535   1254.88   1257.19
536   1257.19   1259.50
537   1259.50   1261.81
538   1261.81   1264.12
539   1264.12   1266.44
540   1266.44   1268.75
541   1268.75   1271.06
542   1271.06   1273.38
543   1273.38   1275.69
544   1275.69   1278.00
545   1278.00   1280.31
546   1280.31   1282.62
547   1282.62   1284.94
548   1284.94   1287.25
549   1287.25   1289.56
550   1289.56   1291.88
551   1291.88   1294.19
552   1294.19   1296.50
553   1296.50   1298.81
554   1298.81   1301.12
555   1301.12   1303.44
556   1303.44   1305.75
557   1305.75   1308.06
558   1308.06   1310.38
559   1310.38   1312.69
560   1312.69   1315.00
561   1315.00   1317.31
562   1317.31   1319.62
563   1319.62   1321.94
564   1321.94   1324.25
565   1324.25   1326.56
566   1326.56   1328.88
567   1328.88   1331.19
568   1331.19   1333.50
569   1333.50   1335.81
570   1335.81   1338.12
571   1338.12   1340.44
572   1340.44   1342.75
573   1342.75   1345.06
574   1345.06   1347.38
575   1347.38   1349.69
576   1349.69   1352.00
577   1352.00   1354.31
578   1354.31   1356.62
579   1356.62   1358.94
580   1358.94   1361.25
581   1361.25   1363.56
582   1363.56   1365.88
583   1365.88   1368.19
584   1368.19   1370.50
585   1370.50   1372.81
586   1372.81   1375.12
587   1375.12   1377.44
588   1377.44   1379.75
589   1379.75   1382.06
590   1382.06   1384.38
591   1384.38   1386.69
592   1386.69   1389.00
593   1389.00   1391.31
594   1391.31   1393.62
595   1393.62   1395.94
596   1395.94   1398.25
597   1398.25   1400.56
598   1400.56   1402.88
599   1402.88   1405.19
600   1405.19   1407.50
601   1407.50   1409.81
602   1409.81   1412.12
603   1412.12   1414.44
604   1414.44   1416.75
605   1416.75   1419.06
606   1419.06   1421.38
607   1421.38   1423.69
608   1423.69   1426.00
609   1426.00   1428.31
610   1428.31   1430.62
611   1430.62   1432.94
612   1432.94   1435.25
613   1435.25   1437.56
614   1437.56   1439.88
615   1439.88   1442.19
616   1442.19   1444.50
617   1444.50   1446.81
618   1446.81   1449.12
619   1449.12   1451.44
620   1451.44   1453.75
621   1453.75   1456.06
622   1456.06   1458.38
623   1458.38   1460.69
624   1460.69   1463.00
625   1463.00   1465.31
626   1465.31   1467.62
627   1467.62   1469.94
628   1469.94   1472.25
629   1472.25   1474.56
630   1474.56   1476.88
631   1476.88   1479.19
632   1479.19   1481.50
633   1481.50   1483.81
634   1483.81   1486.12
635   1486.12   1488.44
636   1488.44   1490.75
637   1490.75   1493.06
638   1493.06   1495.38
639   1495.38   1497.69
640   1497.69   1500.00
641   1500.00   1502.31
642   1502.31   1504.62
643   1504.62   1506.94
644   1506.94   1509.25
645   1509.25   1511.56
646   1511.56   1513.88
647   1513.88   1516.19
648   1516.19   1518.50
649   1518.50   1520.81
650   1520.81   1523.12
651   1523.12   1525.44
652   1525.44   1527.75
653   1527.75   1530.06
654   1530.06   1532.38
655   1532.38   1534.69
656   1534.69   1537.00
657   1537.00   1539.31
658   1539.31   1541.62
659   1541.62   1543.94
660   1543.94   1546.25
661   1546.25   1548.56
662   1548.56   1550.88
663   1550.88   1553.19
664   1553.19   1555.50
665   1555.50   1557.81
666   1557.81   1560.12
667   1560.12   1562.44
668   1562.44   1564.75
669   1564.75   1567.06
670   1567.06   1569.38
671   1569.38   1571.69
672   1571.69   1574.00
673   1574.00   1576.31
674   1576.31   1578.62
675   1578.62   1580.94
676   1580.94   1583.25
677   1583.25   1585.56
678   1585.56   1587.88
679   1587.88   1590.19
680   1590.19   1592.50
681   1592.50   1594.81
682   1594.81   1597.12
683   1597.12   1599.44
684   1599.44   1601.75
685   1601.75   1604.06
686   1604.06   1606.38
687   1606.38   1608.69
688   1608.69   1611.00
689   1611.00   1613.31
690   1613.31   1615.62
691   1615.62   1617.94
692   1617.94   1620.25
693   1620.25   1622.56
694   1622.56   1624.88
695   1624.88   1627.19
696   1627.19   1629.50
697   1629.50   1631.81
698   1631.81   1634.12
699   1634.12   1636.44
700   1636.44   1638.75
701   1638.75   1641.06
702   1641.06   1643.38
703   1643.38   1645.69
704   1645.69   1648.00
705   1648.00   1650.31
706   1650.31   1652.62
707   1652.62   1654.94
708   1654.94   1657.25
709   1657.25   1659.56
710   1659.56   1661.88
711   1661.88   1664.19
712   1664.19   1666.50
713   1666.50   1668.81
714   1668.81   1671.12
715   1671.12   1673.44
716   1673.44   1675.75
717   1675.75   1678.06
718   1678.06   1680.38
719   1680.38   1682.69
720   1682.69   1685.00
721   1685.00   1687.31
722   1687.31   1689.62
723   1689.62   1691.94
724   1691.94   1694.25
725   1694.25   1696.56
726   1696.56   1698.88
727   1698.88   1701.19
728   1701.19   1703.50
729   1703.50   1705.81
730   1705.81   1708.12
731   1708.12   1710.44
732   1710.44   1712.75
733   1712.75   1715.06
734   1715.06   1717.38
735   1717.38   1719.69
736   1719.69   1722.00
737   1722.00   1724.31
738   1724.31   1726.62
739   1726.62   1728.94
740   1728.94   1731.25
741   1731.25   1733.56
742   1733.56   1735.88
743   1735.88   1738.19
744   1738.19   1740.50
745   1740.50   1742.81
746   1742.81   1745.12
747   1745.12   1747.44
748   1747.44   1749.75
749   1749.75   1752.06
750   1752.06   1754.38
751   1754.38   1756.69
752   1756.69   1759.00
753   1759.00   1761.31
754   1761.31   1763.62
755   1763.62   1765.94
756   1765.94   1768.25
757   1768.25   1770.56
758   1770.56   1772.88
759   1772.88   1775.19
760   1775.19   1777.50
761   1777.50   1779.81
762   1779.81   1782.12
763   1782.12   1784.44
764   1784.44   1786.75
765   1786.75   1789.06
766   1789.06   1791.38
767   1791.38   1793.69
768   1793.69   1796.00
769   1796.00   1798.31
770   1798.31   1800.62
771   1800.62   1802.94
772   1802.94   1805.25
773   1805.25   1807.56
774   1807.56   1809.88
775   1809.88   1812.19
776   1812.19   1814.50
777   1814.50   1816.81
778   1816.81   1819.12
779   1819.12   1821.44
780   1821.44   1823.75
781   1823.75   1826.06
782   1826.06   1828.38
783   1828.38   1830.69
784   1830.69   1833.00
785   1833.00   1835.31
786   1835.31   1837.62
787   1837.62   1839.94
788   1839.94   1842.25
789   1842.25   1844.56
790   1844.56   1846.88
791   1846.88   1849.19
792   1849.19   1851.50
793   1851.50   1853.81
794   1853.81   1856.12
795   1856.12   1858.44
796   1858.44   1860.75
797   1860.75   1863.06
798   1863.06   1865.38
799   1865.38   1867.69
800   1867.69   1870.00
801   1870.00   1872.31
802   1872.31   1874.62
803   1874.62   1876.94
804   1876.94   1879.25
805   1879.25   1881.56
806   1881.56   1883.88
807   1883.88   1886.19
808   1886.19   1888.50
809   1888.50   1890.81
810   1890.81   1893.12
811   1893.12   1895.44
812   1895.44   1897.75
813   1897.75   1900.06
814   1900.06   1902.38
815   1902.38   1904.69
816   1904.69   1907.00
817   1907.00   1909.31
818   1909.31   1911.62
819   1911.62   1913.94
820   1913.94   1916.25
821   1916.25   1918.56
822   1918.56   1920.88
823   1920.88   1923.19
824   1923.19   1925.50
825   1925.50   1927.81
826   1927.81   1930.12
827   1930.12   1932.44
828   1932.44   1934.75
829   1934.75   1937.06
830   1937.06   1939.38
831   1939.38   1941.69
832   1941.69   1944.00
833   1944.00   1946.31
834   1946.31   1948.62
835   1948.62   1950.94
836   1950.94   1953.25
837   1953.25   1955.56
838   1955.56   1957.88
839   1957.88   1960.19
840   1960.19   1962.50
841   1962.50   1964.81
842   1964.81   1967.12
843   1967.12   1969.44
844   1969.44   1971.75
845   1971.75   1974.06
846   1974.06   1976.38
847   1976.38   1978.69
848   1978.69   1981.00
849   1981.00   1983.31
850   1983.31   1985.62
851   1985.62   1987.94
852   1987.94   1990.25
853   1990.25   1992.56
854   1992.56   1994.88
855   1994.88   1997.19
856   1997.19   1999.50
857   1999.50   2001.81
858   2001.81   2004.12
859   2004.12   2006.44
860   2006.44   2008.75
861   2008.75   2011.06
862   2011.06   2013.38
863   2013.38   2015.69
864   2015.69   2018.00
865   2018.00   2020.31
866   2020.31   2022.62
867   2022.62   2024.94
868   2024.94   2027.25
869   2027.25   2029.56
870   2029.56   2031.88
871   2031.88   2034.19
872   2034.19   2036.50
873   2036.50   2038.81
874   2038.81   2041.12
875   2041.12   2043.44
876   2043.44   2045.75
877   2045.75   2048.06
878   2048.06   2050.38
879   2050.38   2052.69
880   2052.69   2055.00
881   2055.00   2057.31
882   2057.31   2059.62
883   2059.62   2061.94
884   2061.94   2064.25
885   2064.25   2066.56
886   2066.56   2068.88
887   2068.88   2071.19
888   2071.19   2073.50
889   2073.50   2075.81
890   2075.81   2078.12
891   2078.12   2080.44
892   2080.44   2082.75
893   2082.75   2085.06
894   2085.06   2087.38
895   2087.38   2089.69
896   2089.69   2092.00
897   2092.00   2094.31
898   2094.31   2096.62
899   2096.62   2098.94
900   2098.94   2101.25
901   2101.25   2103.56
902   2103.56   2105.88
903   2105.88   2108.19
904   2108.19   2110.50
905   2110.50   2112.81
906   2112.81   2115.12
907   2115.12   2117.44
908   2117.44   2119.75
909   2119.75   2122.06
910   2122.06   2124.38
911   2124.38   2126.69
912   2126.69   2129.00
913   2129.00   2131.31
914   2131.31   2133.62
915   2133.62   2135.94
916   2135.94   2138.25
917   2138.25   2140.56
918   2140.56   2142.88
919   2142.88   2145.19
920   2145.19   2147.50
921   2147.50   2149.81
922   2149.81   2152.12
923   2152.12   2154.44
924   2154.44   2156.75
925   2156.75   2159.06
926   2159.06   2161.38
927   2161.38   2163.69
928   2163.69   2166.00
929   2166.00   2168.31
930   2168.31   2170.62
931   2170.62   2172.94
932   2172.94   2175.25
933   2175.25   2177.56
934   2177.56   2179.88
935   2179.88   2182.19
936   2182.19   2184.50
937   2184.50   2186.81
938   2186.81   2189.12
939   2189.12   2191.44
940   2191.44   2193.75
941   2193.75   2196.06
942   2196.06   2198.38
943   2198.38   2200.69
944   2200.69   2203.00
945   2203.00   2205.31
946   2205.31   2207.62
947   2207.62   2209.94
948   2209.94   2212.25
949   2212.25   2214.56
950   2214.56   2216.88
951   2216.88   2219.19
952   2219.19   2221.50
953   2221.50   2223.81
954   2223.81   2226.12
955   2226.12   2228.44
956   2228.44   2230.75
957   2230.75   2233.06
958   2233.06   2235.38
959   2235.38   2237.69
960   2237.69   2240.00
961   2240.00   2242.31
962   2242.31   2244.62
963   2244.62   2246.94
964   2246.94   2249.25
965   2249.25   2251.56
966   2251.56   2253.88
967   2253.88   2256.19
968   2256.19   2258.50
969   2258.50   2260.81
970   2260.81   2263.12
971   2263.12   2265.44
972   2265.44   2267.75
973   2267.75   2270.06
974   2270.06   2272.38
975   2272.38   2274.69
976   2274.69   2277.00
977   2277.00   2279.31
978   2279.31   2281.62
979   2281.62   2283.94
980   2283.94   2286.25
981   2286.25   2288.56
982   2288.56   2290.88
983   2290.88   2293.19
984   2293.19   2295.50
985   2295.50   2297.81
986   2297.81   2300.12
987   2300.12   2302.44
988   2302.44   2304.75
989   2304.75   2307.06
990   2307.06   2309.38
991   2309.38   2311.69
992   2311.69   2314.00
993   2314.00   2316.31
994   2316.31   2318.62
995   2318.62   2320.94
996   2320.94   2323.25
997   2323.25   2325.56
998   2325.56   2327.88
999   2327.88   2330.19
1000   2330.19   2332.50
1001   2332.50   2334.81
1002   2334.81   2337.12
1003   2337.12   2339.44
1004   2339.44   2341.75
1005   2341.75   2344.06
1006   2344.06   2346.38
1007   2346.38   2348.69
1008   2348.69   2351.00
1009   2351.00   2353.31
1010   2353.31   2355.62
1011   2355.62   2357.94
1012   2357.94   2360.25
1013   2360.25   2362.56
1014   2362.56   2364.88
1015   2364.88   2367.19
1016   2367.19   2369.50
1017   2369.50   2371.81
1018   2371.81   2374.12
1019   2374.12   2376.44
1020   2376.44   2378.75
1021   2378.75   2381.06
1022   2381.06   2383.38
1023   2383.38   2385.69
1024   2385.69   2388.00
1025   2388.00   2390.31
1026   2390.31   2392.62
1027   2392.62   2394.94
1028   2394.94   2397.25
1029   2397.25   2399.56
1030   2399.56   2401.88
1031   2401.88   2404.19
1032   2404.19   2406.50
1033   2406.50   2408.81
1034   2408.81   2411.12
1035   2411.12   2413.44
1036   2413.44   2415.75
1037   2415.75   2418.06
1038   2418.06   2420.38
1039   2420.38   2422.69
1040   2422.69   2425.00
1041   2425.00   2427.31
1042   2427.31   2429.62
1043   2429.62   2431.94
1044   2431.94   2434.25
1045   2434.25   2436.56
1046   2436.56   2438.88
1047   2438.88   2441.19
1048   2441.19   2443.50
1049   2443.50   2445.81
1050   2445.81   2448.12
1051   2448.12   2450.44
1052   2450.44   2452.75
1053   2452.75   2455.06
1054   2455.06   2457.38
1055   2457.38   2459.69
1056   2459.69   2462.00
1057   2462.00   2464.31
1058   2464.31   2466.62
1059   2466.62   2468.94
1060   2468.94   2471.25
1061   2471.25   2473.56
1062   2473.56   2475.88
1063   2475.88   2478.19
1064   2478.19   2480.50
1065   2480.50   2482.81
1066   2482.81   2485.12
1067   2485.12   2487.44
1068   2487.44   2489.75
1069   2489.75   2492.06
1070   2492.06   2494.38
1071   2494.38   2496.69
1072   2496.69   2499.00
1073   2499.00   2501.31
1074   2501.31   2503.62
1075   2503.62   2505.94
1076   2505.94   2508.25
1077   2508.25   2510.56
1078   2510.56   2512.88
1079   2512.88   2515.19
1080   2515.19   2517.50
1081   2517.50   2519.81
1082   2519.81   2522.12
1083   2522.12   2524.44
1084   2524.44   2526.75
1085   2526.75   2529.06
1086   2529.06   2531.38
1087   2531.38   2533.69
1088   2533.69   2536.00
1089   2536.00   2538.31
1090   2538.31   2540.62
1091   2540.62   2542.94
1092   2542.94   2545.25
1093   2545.25   2547.56
1094   2547.56   2549.88
1095   2549.88   2552.19
1096   2552.19   2554.50
1097   2554.50   2556.81
1098   2556.81   2559.12
1099   2559.12   2561.44
1100   2561.44   2563.75
1101   2563.75   2566.06
1102   2566.06   2568.38
1103   2568.38   2570.69
1104   2570.69   2573.00
1105   2573.00   2575.31
1106   2575.31   2577.62
1107   2577.62   2579.94
1108   2579.94   2582.25
1109   2582.25   2584.56
1110   2584.56   2586.88
1111   2586.88   2589.19
1112   2589.19   2591.50
1113   2591.50   2593.81
1114   2593.81   2596.12
1115   2596.12   2598.44
1116   2598.44   2600.75
1117   2600.75   2603.06
1118   2603.06   2605.38
1119   2605.38   2607.69
1120   2607.69   2610.00
1121   2610.00   2612.31
1122   2612.31   2614.62
1123   2614.62   2616.94
1124   2616.94   2619.25
1125   2619.25   2621.56
1126   2621.56   2623.88
1127   2623.88   2626.19
1128   2626.19   2628.50
1129   2628.50   2630.81
1130   2630.81   2633.12
1131   2633.12   2635.44
1132   2635.44   2637.75
1133   2637.75   2640.06
1134   2640.06   2642.38
1135   2642.38   2644.69
1136   2644.69   2647.00
1137   2647.00   2649.31
1138   2649.31   2651.62
1139   2651.62   2653.94
1140   2653.94   2656.25
1141   2656.25   2658.56
1142   2658.56   2660.88
1143   2660.88   2663.19
1144   2663.19   2665.50
1145   2665.50   2667.81
1146   2667.81   2670.12
1147   2670.12   2672.44
1148   2672.44   2674.75
1149   2674.75   2677.06
1150   2677.06   2679.38
1151   2679.38   2681.69
1152   2681.69   2684.00
1153   2684.00   2686.31
1154   2686.31   2688.62
1155   2688.62   2690.94
1156   2690.94   2693.25
1157   2693.25   2695.56
1158   2695.56   2697.88
1159   2697.88   2700.19
1160   2700.19   2702.50
1161   2702.50   2704.81
1162   2704.81   2707.12
1163   2707.12   2709.44
1164   2709.44   2711.75
1165   2711.75   2714.06
1166   2714.06   2716.38
1167   2716.38   2718.69
1168   2718.69   2721.00
1169   2721.00   2723.31
1170   2723.31   2725.62
1171   2725.62   2727.94
1172   2727.94   2730.25
1173   2730.25   2732.56
1174   2732.56   2734.88
1175   2734.88   2737.19
1176   2737.19   2739.50
1177   2739.50   2741.81
1178   2741.81   2744.12
1179   2744.12   2746.44
1180   2746.44   2748.75
1181   2748.75   2751.06
1182   2751.06   2753.38
1183   2753.38   2755.69
1184   2755.69   2758.00
1185   2758.00   2760.31
1186   2760.31   2762.62
1187   2762.62   2764.94
1188   2764.94   2767.25
1189   2767.25   2769.56
1190   2769.56   2771.88
1191   2771.88   2774.19
1192   2774.19   2776.50
1193   2776.50   2778.81
1194   2778.81   2781.12
1195   2781.12   2783.44
1196   2783.44   2785.75
1197   2785.75   2788.06
1198   2788.06   2790.38
1199   2790.38   2792.69
1200   2792.69   2795.00
1201   2795.00   2797.31
1202   2797.31   2799.62
1203   2799.62   2801.94
1204   2801.94   2804.25
1205   2804.25   2806.56
1206   2806.56   2808.88
1207   2808.88   2811.19
1208   2811.19   2813.50
1209   2813.50   2815.81
1210   2815.81   2818.12
1211   2818.12   2820.44
1212   2820.44   2822.75
1213   2822.75   2825.06
1214   2825.06   2827.38
1215   2827.38   2829.69
1216   2829.69   2832.00
1217   2832.00   2834.31
1218   2834.31   2836.62
1219   2836.62   2838.94
1220   2838.94   2841.25
1221   2841.25   2843.56
1222   2843.56   2845.88
1223   2845.88   2848.19
1224   2848.19   2850.50
1225   2850.50   2852.81
1226   2852.81   2855.12
1227   2855.12   2857.44
1228   2857.44   2859.75
1229   2859.75   2862.06
1230   2862.06   2864.38
1231   2864.38   2866.69
1232   2866.69   2869.00
1233   2869.00   2871.31
1234   2871.31   2873.62
1235   2873.62   2875.94
1236   2875.94   2878.25
1237   2878.25   2880.56
1238   2880.56   2882.88
1239   2882.88   2885.19
1240   2885.19   2887.50
1241   2887.50   2889.81
1242   2889.81   2892.12
1243   2892.12   2894.44
1244   2894.44   2896.75
1245   2896.75   2899.06
1246   2899.06   2901.38
1247   2901.38   2903.69
1248   2903.69   2906.00
1249   2906.00   2908.31
1250   2908.31   2910.62
1251   2910.62   2912.94
1252   2912.94   2915.25
1253   2915.25   2917.56
1254   2917.56   2919.88
1255   2919.88   2922.19
1256   2922.19   2924.50
1257   2924.50   2926.81
1258   2926.81   2929.12
1259   2929.12   2931.44
1260   2931.44   2933.75
1261   2933.75   2936.06
1262   2936.06   2938.38
1263   2938.38   2940.69
1264   2940.69   2943.00
1265   2943.00   2945.31
1266   2945.31   2947.62
1267   2947.62   2949.94
1268   2949.94   2952.25
1269   2952.25   2954.56
1270   2954.56   2956.88
1271   2956.88   2959.19
1272   2959.19   2961.50
1273   2961.50   2963.81
1274   2963.81   2966.12
1275   2966.12   2968.44
1276   2968.44   2970.75
1277   2970.75   2973.06
1278   2973.06   2975.38
1279   2975.38   2977.69
1280   2977.69   2980.00
1281   2980.00   2982.31
1282   2982.31   2984.62
1283   2984.62   2986.94
1284   2986.94   2989.25
1285   2989.25   2991.56
1286   2991.56   2993.88
1287   2993.88   2996.19
1288   2996.19   2998.50
1289   2998.50   3000.81
1290   3000.81   3003.12
1291   3003.12   3005.44
1292   3005.44   3007.75
1293   3007.75   3010.06
1294   3010.06   3012.38
1295   3012.38   3014.69
1296   3014.69   3017.00
1297   3017.00   3019.31
1298   3019.31   3021.62
1299   3021.62   3023.94
1300   3023.94   3026.25
1301   3026.25   3028.56
1302   3028.56   3030.88
1303   3030.88   3033.19
1304   3033.19   3035.50
1305   3035.50   3037.81
1306   3037.81   3040.12
1307   3040.12   3042.44
1308   3042.44   3044.75
1309   3044.75   3047.06
1310   3047.06   3049.38
1311   3049.38   3051.69
1312   3051.69   3054.00
1313   3054.00   3056.31
1314   3056.31   3058.62
1315   3058.62   3060.94
1316   3060.94   3063.25
1317   3063.25   3065.56
1318   3065.56   3067.88
1319   3067.88   3070.19
1320   3070.19   3072.50
1321   3072.50   3074.81
1322   3074.81   3077.12
1323   3077.12   3079.44
1324   3079.44   3081.75
1325   3081.75   3084.06
1326   3084.06   3086.38
1327   3086.38   3088.69
1328   3088.69   3091.00
1329   3091.00   3093.31
1330   3093.31   3095.62
1331   3095.62   3097.94
1332   3097.94   3100.25
1333   3100.25   3102.56
1334   3102.56   3104.88
1335   3104.88   3107.19
1336   3107.19   3109.50
1337   3109.50   3111.81
1338   3111.81   3114.12
1339   3114.12   3116.44
1340   3116.44   3118.75
1341   3118.75   3121.06
1342   3121.06   3123.38
1343   3123.38   3125.69
1344   3125.69   3128.00
1345   3128.00   3130.31
1346   3130.31   3132.62
1347   3132.62   3134.94
1348   3134.94   3137.25
1349   3137.25   3139.56
1350   3139.56   3141.88
1351   3141.88   3144.19
1352   3144.19   3146.50
1353   3146.50   3148.81
1354   3148.81   3151.12
1355   3151.12   3153.44
1356   3153.44   3155.75
1357   3155.75   3158.06
1358   3158.06   3160.38
1359   3160.38   3162.69
1360   3162.69   3165.00
1361   3165.00   3167.31
1362   3167.31   3169.62
1363   3169.62   3171.94
1364   3171.94   3174.25
1365   3174.25   3176.56
1366   3176.56   3178.88
1367   3178.88   3181.19
1368   3181.19   3183.50
1369   3183.50   3185.81
1370   3185.81   3188.12
1371   3188.12   3190.44
1372   3190.44   3192.75
1373   3192.75   3195.06
1374   3195.06   3197.38
1375   3197.38   3199.69
1376   3199.69   3202.00
1377   3202.00   3204.31
1378   3204.31   3206.62
1379   3206.62   3208.94
1380   3208.94   3211.25
1381   3211.25   3213.56
1382   3213.56   3215.88
1383   3215.88   3218.19
1384   3218.19   3220.50
1385   3220.50   3222.81
1386   3222.81   3225.12
1387   3225.12   3227.44
1388   3227.44   3229.75
1389   3229.75   3232.06
1390   3232.06   3234.38
1391   3234.38   3236.69
1392   3236.69   3239.00
1393   3239.00   3241.31
1394   3241.31   3243.62
1395   3243.62   3245.94
1396   3245.94   3248.25
1397   3248.25   3250.56
1398   3250.56   3252.88
1399   3252.88   3255.19
1400   3255.19   3257.50
1401   3257.50   3259.81
1402   3259.81   3262.12
1403   3262.12   3264.44
1404   3264.44   3266.75
1405   3266.75   3269.06
1406   3269.06   3271.38
1407   3271.38   3273.69
1408   3273.69   3276.00
1409   3276.00   3278.31
1410   3278.31   3280.62
1411   3280.62   3282.94
1412   3282.94   3285.25
1413   3285.25   3287.56
1414   3287.56   3289.88
1415   3289.88   3292.19
1416   3292.19   3294.50
1417   3294.50   3296.81
1418   3296.81   3299.12
1419   3299.12   3301.44
1420   3301.44   3303.75
1421   3303.75   3306.06
1422   3306.06   3308.38
1423   3308.38   3310.69
1424   3310.69   3313.00
1425   3313.00   3315.31
1426   3315.31   3317.62
1427   3317.62   3319.94
1428   3319.94   3322.25
1429   3322.25   3324.56
1430   3324.56   3326.88
1431   3326.88   3329.19
1432   3329.19   3331.50
1433   3331.50   3333.81
1434   3333.81   3336.12
1435   3336.12   3338.44
1436   3338.44   3340.75
1437   3340.75   3343.06
1438   3343.06   3345.38
1439   3345.38   3347.69
1440   3347.69   3350.00
1441   3350.00   3352.31
1442   3352.31   3354.62
1443   3354.62   3356.94
1444   3356.94   3359.25
1445   3359.25   3361.56
1446   3361.56   3363.88
1447   3363.88   3366.19
1448   3366.19   3368.50
1449   3368.50   3370.81
1450   3370.81   3373.12
1451   3373.12   3375.44
1452   3375.44   3377.75
1453   3377.75   3380.06
1454   3380.06   3382.38
1455   3382.38   3384.69
1456   3384.69   3387.00
1457   3387.00   3389.31
1458   3389.31   3391.62
1459   3391.62   3393.94
1460   3393.94   3396.25
1461   3396.25   3398.56
1462   3398.56   3400.88
1463   3400.88   3403.19
1464   3403.19   3405.50
1465   3405.50   3407.81
1466   3407.81   3410.12
1467   3410.12   3412.44
1468   3412.44   3414.75
1469   3414.75   3417.06
1470   3417.06   3419.38
1471   3419.38   3421.69
1472   3421.69   3424.00
1473   3424.00   3426.31
1474   3426.31   3428.62
1475   3428.62   3430.94
1476   3430.94   3433.25
1477   3433.25   3435.56
1478   3435.56   3437.88
1479   3437.88   3440.19
1480   3440.19   3442.50
1481   3442.50   3444.81
1482   3444.81   3447.12
1483   3447.12   3449.44
1484   3449.44   3451.75
1485   3451.75   3454.06
1486   3454.06   3456.38
1487   3456.38   3458.69
1488   3458.69   3461.00
1489   3461.00   3463.31
1490   3463.31   3465.62
1491   3465.62   3467.94
1492   3467.94   3470.25
1493   3470.25   3472.56
1494   3472.56   3474.88
1495   3474.88   3477.19
1496   3477.19   3479.50
1497   3479.50   3481.81
1498   3481.81   3484.12
1499   3484.12   3486.44
1500   3486.44   3488.75
1501   3488.75   3491.06
1502   3491.06   3493.38
1503   3493.38   3495.69
1504   3495.69   3498.00
1505   3498.00   3500.31
1506   3500.31   3502.62
1507   3502.62   3504.94
1508   3504.94   3507.25
1509   3507.25   3509.56
1510   3509.56   3511.88
1511   3511.88   3514.19
1512   3514.19   3516.50
1513   3516.50   3518.81
1514   3518.81   3521.12
1515   3521.12   3523.44
1516   3523.44   3525.75
1517   3525.75   3528.06
1518   3528.06   3530.38
1519   3530.38   3532.69
1520   3532.69   3535.00
1521   3535.00   3537.31
1522   3537.31   3539.62
1523   3539.62   3541.94
1524   3541.94   3544.25
1525   3544.25   3546.56
1526   3546.56   3548.88
1527   3548.88   3551.19
1528   3551.19   3553.50
1529   3553.50   3555.81
1530   3555.81   3558.12
1531   3558.12   3560.44
1532   3560.44   3562.75
1533   3562.75   3565.06
1534   3565.06   3567.38
1535   3567.38   3569.69
1536   3569.69   3572.00
1537   3572.00   3574.31
1538   3574.31   3576.62
1539   3576.62   3578.94
1540   3578.94   3581.25
1541   3581.25   3583.56
1542   3583.56   3585.88
1543   3585.88   3588.19
1544   3588.19   3590.50
1545   3590.50   3592.81
1546   3592.81   3595.12
1547   3595.12   3597.44
1548   3597.44   3599.75
1549   3599.75   3602.06
1550   3602.06   3604.38
1551   3604.38   3606.69
1552   3606.69   3609.00
1553   3609.00   3611.31
1554   3611.31   3613.62
1555   3613.62   3615.94
1556   3615.94   3618.25
1557   3618.25   3620.56
1558   3620.56   3622.88
1559   3622.88   3625.19
1560   3625.19   3627.50
1561   3627.50   3629.81
1562   3629.81   3632.12
1563   3632.12   3634.44
1564   3634.44   3636.75
1565   3636.75   3639.06
1566   3639.06   3641.38
1567   3641.38   3643.69
1568   3643.69   3646.00
1569   3646.00   3648.31
1570   3648.31   3650.62
1571   3650.62   3652.94
1572   3652.94   3655.25
1573   3655.25   3657.56
1574   3657.56   3659.88
1575   3659.88   3662.19
1576   3662.19   3664.50
1577   3664.50   3666.81
1578   3666.81   3669.12
1579   3669.12   3671.44
1580   3671.44   3673.75
1581   3673.75   3676.06
1582   3676.06   3678.38
1583   3678.38   3680.69
1584   3680.69   3683.00
1585   3683.00   3685.31
1586   3685.31   3687.62
1587   3687.62   3689.94
1588   3689.94   3692.25
1589   3692.25   3694.56
1590   3694.56   3696.88
1591   3696.88   3699.19
1592   3699.19   3701.50
1593   3701.50   3703.81
1594   3703.81   3706.12
1595   3706.12   3708.44
1596   3708.44   3710.75
1597   3710.75   3713.06
1598   3713.06   3715.38
1599   3715.38   3717.69
1600   3717.69   3720.00
1601   3720.00   3722.31
1602   3722.31   3724.62
1603   3724.62   3726.94
1604   3726.94   3729.25
1605   3729.25   3731.56
1606   3731.56   3733.88
1607   3733.88   3736.19
1608   3736.19   3738.50
1609   3738.50   3740.81
1610   3740.81   3743.12
1611   3743.12   3745.44
1612   3745.44   3747.75
1613   3747.75   3750.06
1614   3750.06   3752.38
1615   3752.38   3754.69
1616   3754.69   3757.00
1617   3757.00   3759.31
1618   3759.31   3761.62
1619   3761.62   3763.94
1620   3763.94   3766.25
1621   3766.25   3768.56
1622   3768.56   3770.88
1623   3770.88   3773.19
1624   3773.19   3775.50
1625   3775.50   3777.81
1626   3777.81   3780.12
1627   3780.12   3782.44
1628   3782.44   3784.75
1629   3784.75   3787.06
1630   3787.06   3789.38
1631   3789.38   3791.69
1632   3791.69   3794.00
1633   3794.00   3796.31
1634   3796.31   3798.62
1635   3798.62   3800.94
1636   3800.94   3803.25
1637   3803.25   3805.56
1638   3805.56   3807.88
1639   3807.88   3810.19
1640   3810.19   3812.50
1641   3812.50   3814.81
1642   3814.81   3817.12
1643   3817.12   3819.44
1644   3819.44   3821.75
1645   3821.75   3824.06
1646   3824.06   3826.38
1647   3826.38   3828.69
1648   3828.69   3831.00
1649   3831.00   3833.31
1650   3833.31   3835.62
1651   3835.62   3837.94
1652   3837.94   3840.25
1653   3840.25   3842.56
1654   3842.56   3844.88
1655   3844.88   3847.19
1656   3847.19   3849.50
1657   3849.50   3851.81
1658   3851.81   3854.12
1659   3854.12   3856.44
1660   3856.44   3858.75
1661   3858.75   3861.06
1662   3861.06   3863.38
1663   3863.38   3865.69
1664   3865.69   3868.00
1665   3868.00   3870.31
1666   3870.31   3872.62
1667   3872.62   3874.94
1668   3874.94   3877.25
1669   3877.25   3879.56
1670   3879.56   3881.88
1671   3881.88   3884.19
1672   3884.19   3886.50
1673   3886.50   3888.81
1674   3888.81   3891.12
1675   3891.12   3893.44
1676   3893.44   3895.75
1677   3895.75   3898.06
1678   3898.06   3900.38
1679   3900.38   3902.69
1680   3902.69   3905.00
1681   3905.00   3907.31
1682   3907.31   3909.62
1683   3909.62   3911.94
1684   3911.94   3914.25
1685   3914.25   3916.56
1686   3916.56   3918.88
1687   3918.88   3921.19
1688   3921.19   3923.50
1689   3923.50   3925.81
1690   3925.81   3928.12
1691   3928.12   3930.44
1692   3930.44   3932.75
1693   3932.75   3935.06
1694   3935.06   3937.38
1695   3937.38   3939.69
1696   3939.69   3942.00
1697   3942.00   3944.31
1698   3944.31   3946.62
1699   3946.62   3948.94
1700   3948.94   3951.25
1701   3951.25   3953.56
1702   3953.56   3955.88
1703   3955.88   3958.19
1704   3958.19   3960.50
1705   3960.50   3962.81
1706   3962.81   3965.12
1707   3965.12   3967.44
1708   3967.44   3969.75
1709   3969.75   3972.06
1710   3972.06   3974.38
1711   3974.38   3976.69
1712   3976.69   3979.00
1713   3979.00   3981.31
1714   3981.31   3983.62
1715   3983.62   3985.94
1716   3985.94   3988.25
1717   3988.25   3990.56
1718   3990.56   3992.88
1719   3992.88   3995.19
1720   3995.19   3997.50
1721   3997.50   3999.81
1722   3999.81   4002.12
1723   4002.12   4004.44
1724   4004.44   4006.75
1725   4006.75   4009.06
1726   4009.06   4011.38
1727   4011.38   4013.69
1728   4013.69   4016.00
1729   4016.00   4018.31
1730   4018.31   4020.62
1731   4020.62   4022.94
1732   4022.94   4025.25
1733   4025.25   4027.56
1734   4027.56   4029.88
1735   4029.88   4032.19
1736   4032.19   4034.50
1737   4034.50   4036.81
1738   4036.81   4039.12
1739   4039.12   4041.44
1740   4041.44   4043.75
1741   4043.75   4046.06
1742   4046.06   4048.38
1743   4048.38   4050.69
1744   4050.69   4053.00
1745   4053.00   4055.31
1746   4055.31   4057.62
1747   4057.62   4059.94
1748   4059.94   4062.25
1749   4062.25   4064.56
1750   4064.56   4066.88
1751   4066.88   4069.19
1752   4069.19   4071.50
1753   4071.50   4073.81
1754   4073.81   4076.12
1755   4076.12   4078.44
1756   4078.44   4080.75
1757   4080.75   4083.06
1758   4083.06   4085.38
1759   4085.38   4087.69
1760   4087.69   4090.00
1761   4090.00   4092.31
1762   4092.31   4094.62
1763   4094.62   4096.94
1764   4096.94   4099.25
1765   4099.25   4101.56
1766   4101.56   4103.88
1767   4103.88   4106.19
1768   4106.19   4108.50
1769   4108.50   4110.81
1770   4110.81   4113.12
1771   4113.12   4115.44
1772   4115.44   4117.75
1773   4117.75   4120.06
1774   4120.06   4122.38
1775   4122.38   4124.69
1776   4124.69   4127.00
1777   4127.00   4129.31
1778   4129.31   4131.62
1779   4131.62   4133.94
1780   4133.94   4136.25
1781   4136.25   4138.56
1782   4138.56   4140.88
1783   4140.88   4143.19
1784   4143.19   4145.50
1785   4145.50   4147.81
1786   4147.81   4150.12
1787   4150.12   4152.44
1788   4152.44   4154.75
1789   4154.75   4157.06
1790   4157.06   4159.38
1791   4159.38   4161.69
1792   4161.69   4164.00
1793   4164.00   4166.31
1794   4166.31   4168.62
1795   4168.62   4170.94
1796   4170.94   4173.25
1797   4173.25   4175.56
1798   4175.56   4177.88
1799   4177.88   4180.19
1800   4180.19   4182.50
1801   4182.50   4184.81
1802   4184.81   4187.12
1803   4187.12   4189.44
1804   4189.44   4191.75
1805   4191.75   4194.06
1806   4194.06   4196.38
1807   4196.38   4198.69
1808   4198.69   4201.00
1809   4201.00   4203.31
1810   4203.31   4205.62
1811   4205.62   4207.94
1812   4207.94   4210.25
1813   4210.25   4212.56
1814   4212.56   4214.88
1815   4214.88   4217.19
1816   4217.19   4219.50
1817   4219.50   4221.81
1818   4221.81   4224.12
1819   4224.12   4226.44
1820   4226.44   4228.75
1821   4228.75   4231.06
1822   4231.06   4233.38
1823   4233.38   4235.69
1824   4235.69   4238.00
1825   4238.00   4240.31
1826   4240.31   4242.62
1827   4242.62   4244.94
1828   4244.94   4247.25
1829   4247.25   4249.56
1830   4249.56   4251.88
1831   4251.88   4254.19
1832   4254.19   4256.50
1833   4256.50   4258.81
1834   4258.81   4261.12
1835   4261.12   4263.44
1836   4263.44   4265.75
1837   4265.75   4268.06
1838   4268.06   4270.38
1839   4270.38   4272.69
1840   4272.69   4275.00
1841   4275.00   4277.31
1842   4277.31   4279.62
1843   4279.62   4281.94
1844   4281.94   4284.25
1845   4284.25   4286.56
1846   4286.56   4288.88
1847   4288.88   4291.19
1848   4291.19   4293.50
1849   4293.50   4295.81
1850   4295.81   4298.12
1851   4298.12   4300.44
1852   4300.44   4302.75
1853   4302.75   4305.06
1854   4305.06   4307.38
1855   4307.38   4309.69
1856   4309.69   4312.00
1857   4312.00   4314.31
1858   4314.31   4316.62
1859   4316.62   4318.94
1860   4318.94   4321.25
1861   4321.25   4323.56
1862   4323.56   4325.88
1863   4325.88   4328.19
1864   4328.19   4330.50
1865   4330.50   4332.81
1866   4332.81   4335.12
1867   4335.12   4337.44
1868   4337.44   4339.75
1869   4339.75   4342.06
1870   4342.06   4344.38
1871   4344.38   4346.69
1872   4346.69   4349.00
1873   4349.00   4351.31
1874   4351.31   4353.62
1875   4353.62   4355.94
1876   4355.94   4358.25
1877   4358.25   4360.56
1878   4360.56   4362.88
1879   4362.88   4365.19
1880   4365.19   4367.50
1881   4367.50   4369.81
1882   4369.81   4372.12
1883   4372.12   4374.44
1884   4374.44   4376.75
1885   4376.75   4379.06
1886   4379.06   4381.38
1887   4381.38   4383.69
1888   4383.69   4386.00
1889   4386.00   4388.31
1890   4388.31   4390.62
1891   4390.62   4392.94
1892   4392.94   4395.25
1893   4395.25   4397.56
1894   4397.56   4399.88
1895   4399.88   4402.19
1896   4402.19   4404.50
1897   4404.50   4406.81
1898   4406.81   4409.12
1899   4409.12   4411.44
1900   4411.44   4413.75
1901   4413.75   4416.06
1902   4416.06   4418.38
1903   4418.38   4420.69
1904   4420.69   4423.00
1905   4423.00   4425.31
1906   4425.31   4427.62
1907   4427.62   4429.94
1908   4429.94   4432.25
1909   4432.25   4434.56
1910   4434.56   4436.88
1911   4436.88   4439.19
1912   4439.19   4441.50
1913   4441.50   4443.81
1914   4443.81   4446.12
1915   4446.12   4448.44
1916   4448.44   4450.75
1917   4450.75   4453.06
1918   4453.06   4455.38
1919   4455.38   4457.69
1920   4457.69   4460.00
1921   4460.00   4462.31
1922   4462.31   4464.62
1923   4464.62   4466.94
1924   4466.94   4469.25
1925   4469.25   4471.56
1926   4471.56   4473.88
1927   4473.88   4476.19
1928   4476.19   4478.50
1929   4478.50   4480.81
1930   4480.81   4483.12
1931   4483.12   4485.44
1932   4485.44   4487.75
1933   4487.75   4490.06
1934   4490.06   4492.38
1935   4492.38   4494.69
1936   4494.69   4497.00
1937   4497.00   4499.31
1938   4499.31   4501.62
1939   4501.62   4503.94
1940   4503.94   4506.25
1941   4506.25   4508.56
1942   4508.56   4510.88
1943   4510.88   4513.19
1944   4513.19   4515.50
1945   4515.50   4517.81
1946   4517.81   4520.12
1947   4520.12   4522.44
1948   4522.44   4524.75
1949   4524.75   4527.06
1950   4527.06   4529.38
1951   4529.38   4531.69
1952   4531.69   4534.00
1953   4534.00   4536.31
1954   4536.31   4538.62
1955   4538.62   4540.94
1956   4540.94   4543.25
1957   4543.25   4545.56
1958   4545.56   4547.88
1959   4547.88   4550.19
1960   4550.19   4552.50
1961   4552.50   4554.81
1962   4554.81   4557.12
1963   4557.12   4559.44
1964   4559.44   4561.75
1965   4561.75   4564.06
1966   4564.06   4566.38
1967   4566.38   4568.69
1968   4568.69   4571.00
1969   4571.00   4573.31
1970   4573.31   4575.62
1971   4575.62   4577.94
1972   4577.94   4580.25
1973   4580.25   4582.56
1974   4582.56   4584.88
1975   4584.88   4587.19
1976   4587.19   4589.50
1977   4589.50   4591.81
1978   4591.81   4594.12
1979   4594.12   4596.44
1980   4596.44   4598.75
1981   4598.75   4601.06
1982   4601.06   4603.38
1983   4603.38   4605.69
1984   4605.69   4608.00
1985   4608.00   4610.31
1986   4610.31   4612.62
1987   4612.62   4614.94
1988   4614.94   4617.25
1989   4617.25   4619.56
1990   4619.56   4621.88
1991   4621.88   4624.19
1992   4624.19   4626.50
1993   4626.50   4628.81
1994   4628.81   4631.12
1995   4631.12   4633.44
1996   4633.44   4635.75
1997   4635.75   4638.06
1998   4638.06   4640.38
1999   4640.38   4642.69
2000   4642.69   4645.00
2001   4645.00   4647.31
2002   4647.31   4649.62
2003   4649.62   4651.94
2004   4651.94   4654.25
2005   4654.25   4656.56
2006   4656.56   4658.88
2007   4658.88   4661.19
2008   4661.19   4663.50
2009   4663.50   4665.81
2010   4665.81   4668.12
2011   4668.12   4670.44
2012   4670.44   4672.75
2013   4672.75   4675.06
2014   4675.06   4677.38
2015   4677.38   4679.69
2016   4679.69   4682.00
2017   4682.00   4684.31
2018   4684.31   4686.62
2019   4686.62   4688.94
2020   4688.94   4691.25
2021   4691.25   4693.56
2022   4693.56   4695.88
2023   4695.88   4698.19
2024   4698.19   4700.50
2025   4700.50   4702.81
2026   4702.81   4705.12
2027   4705.12   4707.44
2028   4707.44   4709.75
2029   4709.75   4712.06
2030   4712.06   4714.38
2031   4714.38   4716.69
2032   4716.69   4719.00
2033   4719.00   4721.31
2034   4721.31   4723.62
2035   4723.62   4725.94
2036   4725.94   4728.25
2037   4728.25   4730.56
2038   4730.56   4732.88
2039   4732.88   4735.19
2040   4735.19   4737.50
2041   4737.50   4739.81
2042   4739.81   4742.12
2043   4742.12   4744.44
2044   4744.44   4746.75
2045   4746.75   4749.06
2046   4749.06   4751.38
2047   4751.38   4753.69
2048   4753.69   4756.00
2049   4756.00   4758.31
2050   4758.31   4760.62
2051   4760.62   4762.94
2052   4762.94   4765.25
2053   4765.25   4767.56
2054   4767.56   4769.88
2055   4769.88   4772.19
2056   4772.19   4774.50
2057   4774.50   4776.81
2058   4776.81   4779.12
2059   4779.12   4781.44
2060   4781.44   4783.75
2061   4783.75   4786.06
2062   4786.06   4788.38
2063   4788.38   4790.69
2064   4790.69   4793.00
2065   4793.00   4795.31
2066   4795.31   4797.62
2067   4797.62   4799.94
2068   4799.94   4802.25
2069   4802.25   4804.56
2070   4804.56   4806.88
2071   4806.88   4809.19
2072   4809.19   4811.50
2073   4811.50   4813.81
2074   4813.81   4816.12
2075   4816.12   4818.44
2076   4818.44   4820.75
2077   4820.75   4823.06
2078   4823.06   4825.38
2079   4825.38   4827.69
2080   4827.69   4830.00
2081   4830.00   4832.31
2082   4832.31   4834.62
2083   4834.62   4836.94
2084   4836.94   4839.25
2085   4839.25   4841.56
2086   4841.56   4843.88
2087   4843.88   4846.19
2088   4846.19   4848.50
2089   4848.50   4850.81
2090   4850.81   4853.12
2091   4853.12   4855.44
2092   4855.44   4857.75
2093   4857.75   4860.06
2094   4860.06   4862.38
2095   4862.38   4864.69
2096   4864.69   4867.00
2097   4867.00   4869.31
2098   4869.31   4871.62
2099   4871.62   4873.94
2100   4873.94   4876.25
2101   4876.25   4878.56
2102   4878.56   4880.88
2103   4880.88   4883.19
2104   4883.19   4885.50
2105   4885.50   4887.81
2106   4887.81   4890.12
2107   4890.12   4892.44
2108   4892.44   4894.75
2109   4894.75   4897.06
2110   4897.06   4899.38
2111   4899.38   4901.69
2112   4901.69   4904.00
2113   4904.00   4906.31
2114   4906.31   4908.62
2115   4908.62   4910.94
2116   4910.94   4913.25
2117   4913.25   4915.56
2118   4915.56   4917.88
2119   4917.88   4920.19
2120   4920.19   4922.50
2121   4922.50   4924.81
2122   4924.81   4927.12
2123   4927.12   4929.44
2124   4929.44   4931.75
2125   4931.75   4934.06
2126   4934.06   4936.38
2127   4936.38   4938.69
2128   4938.69   4941.00
2129   4941.00   4943.31
2130   4943.31   4945.62
2131   4945.62   4947.94
2132   4947.94   4950.25
2133   4950.25   4952.56
2134   4952.56   4954.88
2135   4954.88   4957.19
2136   4957.19   4959.50
2137   4959.50   4961.81
2138   4961.81   4964.12
2139   4964.12   4966.44
2140   4966.44   4968.75
2141   4968.75   4971.06
2142   4971.06   4973.38
2143   4973.38   4975.69
2144   4975.69   4978.00
2145   4978.00   4980.31
2146   4980.31   4982.62
2147   4982.62   4984.94
2148   4984.94   4987.25
2149   4987.25   4989.56
2150   4989.56   4991.88
2151   4991.88   4994.19
2152   4994.19   4996.50
2153   4996.50   4998.81
2154   4998.81   5001.12
2155   5001.12   5003.44
2156   5003.44   5005.75
2157   5005.75   5008.06
2158   5008.06   5010.38
2159   5010.38   5012.69
2160   5012.69   5015.00
2161   5015.00   5017.31
2162   5017.31   5019.62
2163   5019.62   5021.94
2164   5021.94   5024.25
2165   5024.25   5026.56
2166   5026.56   5028.88
2167   5028.88   5031.19
2168   5031.19   5033.50
2169   5033.50   5035.81
2170   5035.81   5038.12
2171   5038.12   5040.44
2172   5040.44   5042.75
2173   5042.75   5045.06
2174   5045.06   5047.38
2175   5047.38   5049.69
2176   5049.69   5052.00
2177   5052.00   5054.31
2178   5054.31   5056.62
2179   5056.62   5058.94
2180   5058.94   5061.25
2181   5061.25   5063.56
2182   5063.56   5065.88
2183   5065.88   5068.19
2184   5068.19   5070.50
2185   5070.50   5072.81
2186   5072.81   5075.12
2187   5075.12   5077.44
2188   5077.44   5079.75
2189   5079.75   5082.06
2190   5082.06   5084.38
2191   5084.38   5086.69
2192   5086.69   5089.00
2193   5089.00   5091.31
2194   5091.31   5093.62
2195   5093.62   5095.94
2196   5095.94   5098.25
2197   5098.25   5100.56
2198   5100.56   5102.88
2199   5102.88   5105.19
2200   5105.19   5107.50
2201   5107.50   5109.81
2202   5109.81   5112.12
2203   5112.12   5114.44
2204   5114.44   5116.75
2205   5116.75   5119.06
2206   5119.06   5121.38
2207   5121.38   5123.69
2208   5123.69   5126.00
2209   5126.00   5128.31
2210   5128.31   5130.62
2211   5130.62   5132.94
2212   5132.94   5135.25
2213   5135.25   5137.56
2214   5137.56   5139.88
2215   5139.88   5142.19
2216   5142.19   5144.50
2217   5144.50   5146.81
2218   5146.81   5149.12
2219   5149.12   5151.44
2220   5151.44   5153.75
2221   5153.75   5156.06
2222   5156.06   5158.38
2223   5158.38   5160.69
2224   5160.69   5163.00
2225   5163.00   5165.31
2226   5165.31   5167.62
2227   5167.62   5169.94
2228   5169.94   5172.25
2229   5172.25   5174.56
2230   5174.56   5176.88
2231   5176.88   5179.19
2232   5179.19   5181.50
2233   5181.50   5183.81
2234   5183.81   5186.12
2235   5186.12   5188.44
2236   5188.44   5190.75
2237   5190.75   5193.06
2238   5193.06   5195.38
2239   5195.38   5197.69
2240   5197.69   5200.00
2241   5200.00   5202.31
2242   5202.31   5204.62
2243   5204.62   5206.94
2244   5206.94   5209.25
2245   5209.25   5211.56
2246   5211.56   5213.88
2247   5213.88   5216.19
2248   5216.19   5218.50
2249   5218.50   5220.81
2250   5220.81   5223.12
2251   5223.12   5225.44
2252   5225.44   5227.75
2253   5227.75   5230.06
2254   5230.06   5232.38
2255   5232.38   5234.69
2256   5234.69   5237.00
2257   5237.00   5239.31
2258   5239.31   5241.62
2259   5241.62   5243.94
2260   5243.94   5246.25
2261   5246.25   5248.56
2262   5248.56   5250.88
2263   5250.88   5253.19
2264   5253.19   5255.50
2265   5255.50   5257.81
2266   5257.81   5260.12
2267   5260.12   5262.44
2268   5262.44   5264.75
2269   5264.75   5267.06
2270   5267.06   5269.38
2271   5269.38   5271.69
2272   5271.69   5274.00
2273   5274.00   5276.31
2274   5276.31   5278.62
2275   5278.62   5280.94
2276   5280.94   5283.25
2277   5283.25   5285.56
2278   5285.56   5287.88
2279   5287.88   5290.19
2280   5290.19   5292.50
2281   5292.50   5294.81
2282   5294.81   5297.12
2283   5297.12   5299.44
2284   5299.44   5301.75
2285   5301.75   5304.06
2286   5304.06   5306.38
2287   5306.38   5308.69
2288   5308.69   5311.00
2289   5311.00   5313.31
2290   5313.31   5315.62
2291   5315.62   5317.94
2292   5317.94   5320.25
2293   5320.25   5322.56
2294   5322.56   5324.88
2295   5324.88   5327.19
2296   5327.19   5329.50
2297   5329.50   5331.81
2298   5331.81   5334.12
2299   5334.12   5336.44
2300   5336.44   5338.75
2301   5338.75   5341.06
2302   5341.06   5343.38
2303   5343.38   5345.69
2304   5345.69   5348.00
2305   5348.00   5350.31
2306   5350.31   5352.62
2307   5352.62   5354.94
2308   5354.94   5357.25
2309   5357.25   5359.56
2310   5359.56   5361.88
2311   5361.88   5364.19
2312   5364.19   5366.50
2313   5366.50   5368.81
2314   5368.81   5371.12
2315   5371.12   5373.44
2316   5373.44   5375.75
2317   5375.75   5378.06
2318   5378.06   5380.38
2319   5380.38   5382.69
2320   5382.69   5385.00
2321   5385.00   5387.31
2322   5387.31   5389.62
2323   5389.62   5391.94
2324   5391.94   5394.25
2325   5394.25   5396.56
2326   5396.56   5398.88
2327   5398.88   5401.19
2328   5401.19   5403.50
2329   5403.50   5405.81
2330   5405.81   5408.12
2331   5408.12   5410.44
2332   5410.44   5412.75
2333   5412.75   5415.06
2334   5415.06   5417.38
2335   5417.38   5419.69
2336   5419.69   5422.00
2337   5422.00   5424.31
2338   5424.31   5426.62
2339   5426.62   5428.94
2340   5428.94   5431.25
2341   5431.25   5433.56
2342   5433.56   5435.88
2343   5435.88   5438.19
2344   5438.19   5440.50
2345   5440.50   5442.81
2346   5442.81   5445.12
2347   5445.12   5447.44
2348   5447.44   5449.75
2349   5449.75   5452.06
2350   5452.06   5454.38
2351   5454.38   5456.69
2352   5456.69   5459.00
2353   5459.00   5461.31
2354   5461.31   5463.62
2355   5463.62   5465.94
2356   5465.94   5468.25
2357   5468.25   5470.56
2358   5470.56   5472.88
2359   5472.88   5475.19
2360   5475.19   5477.50
2361   5477.50   5479.81
2362   5479.81   5482.12
2363   5482.12   5484.44
2364   5484.44   5486.75
2365   5486.75   5489.06
2366   5489.06   5491.38
2367   5491.38   5493.69
2368   5493.69   5496.00
2369   5496.00   5498.31
2370   5498.31   5500.62
2371   5500.62   5502.94
2372   5502.94   5505.25
2373   5505.25   5507.56
2374   5507.56   5509.88
2375   5509.88   5512.19
2376   5512.19   5514.50
2377   5514.50   5516.81
2378   5516.81   5519.12
2379   5519.12   5521.44
2380   5521.44   5523.75
2381   5523.75   5526.06
2382   5526.06   5528.38
2383   5528.38   5530.69
2384   5530.69   5533.00
2385   5533.00   5535.31
2386   5535.31   5537.62
2387   5537.62   5539.94
2388   5539.94   5542.25
2389   5542.25   5544.56
2390   5544.56   5546.88
2391   5546.88   5549.19
2392   5549.19   5551.50
2393   5551.50   5553.81
2394   5553.81   5556.12
2395   5556.12   5558.44
2396   5558.44   5560.75
2397   5560.75   5563.06
2398   5563.06   5565.38
2399   5565.38   5567.69
2400   5567.69   5570.00
2401   5570.00   5572.31
2402   5572.31   5574.62
2403   5574.62   5576.94
2404   5576.94   5579.25
2405   5579.25   5581.56
2406   5581.56   5583.88
2407   5583.88   5586.19
2408   5586.19   5588.50
2409   5588.50   5590.81
2410   5590.81   5593.12
2411   5593.12   5595.44
2412   5595.44   5597.75
2413   5597.75   5600.06
2414   5600.06   5602.38
2415   5602.38   5604.69
2416   5604.69   5607.00
2417   5607.00   5609.31
2418   5609.31   5611.62
2419   5611.62   5613.94
2420   5613.94   5616.25
2421   5616.25   5618.56
2422   5618.56   5620.88
2423   5620.88   5623.19
2424   5623.19   5625.50
2425   5625.50   5627.81
2426   5627.81   5630.12
2427   5630.12   5632.44
2428   5632.44   5634.75
2429   5634.75   5637.06
2430   5637.06   5639.38
2431   5639.38   5641.69
2432   5641.69   5644.00
2433   5644.00   5646.31
2434   5646.31   5648.62
2435   5648.62   5650.94
2436   5650.94   5653.25
2437   5653.25   5655.56
2438   5655.56   5657.88
2439   5657.88   5660.19
2440   5660.19   5662.50
2441   5662.50   5664.81
2442   5664.81   5667.12
2443   5667.12   5669.44
2444   5669.44   5671.75
2445   5671.75   5674.06
2446   5674.06   5676.38
2447   5676.38   5678.69
2448   5678.69   5681.00
2449   5681.00   5683.31
2450   5683.31   5685.62
2451   5685.62   5687.94
2452   5687.94   5690.25
2453   5690.25   5692.56
2454   5692.56   5694.88
2455   5694.88   5697.19
2456   5697.19   5699.50
2457   5699.50   5701.81
2458   5701.81   5704.12
2459   5704.12   5706.44
2460   5706.44   5708.75
2461   5708.75   5711.06
2462   5711.06   5713.38
2463   5713.38   5715.69
2464   5715.69   5718.00
2465   5718.00   5720.31
2466   5720.31   5722.62
2467   5722.62   5724.94
2468   5724.94   5727.25
2469   5727.25   5729.56
2470   5729.56   5731.88
2471   5731.88   5734.19
2472   5734.19   5736.50
2473   5736.50   5738.81
2474   5738.81   5741.12
2475   5741.12   5743.44
2476   5743.44   5745.75
2477   5745.75   5748.06
2478   5748.06   5750.38
2479   5750.38   5752.69
2480   5752.69   5755.00
2481   5755.00   5757.31
2482   5757.31   5759.62
2483   5759.62   5761.94
2484   5761.94   5764.25
2485   5764.25   5766.56
2486   5766.56   5768.88
2487   5768.88   5771.19
2488   5771.19   5773.50
2489   5773.50   5775.81
2490   5775.81   5778.12
2491   5778.12   5780.44
2492   5780.44   5782.75
2493   5782.75   5785.06
2494   5785.06   5787.38
2495   5787.38   5789.69
2496   5789.69   5792.00
2497   5792.00   5794.31
2498   5794.31   5796.62
2499   5796.62   5798.94
2500   5798.94   5801.25
2501   5801.25   5803.56
2502   5803.56   5805.88
2503   5805.88   5808.19
2504   5808.19   5810.50
2505   5810.50   5812.81
2506   5812.81   5815.12
2507   5815.12   5817.44
2508   5817.44   5819.75
2509   5819.75   5822.06
2510   5822.06   5824.38
2511   5824.38   5826.69
2512   5826.69   5829.00
2513   5829.00   5831.31
2514   5831.31   5833.62
2515   5833.62   5835.94
2516   5835.94   5838.25
2517   5838.25   5840.56
2518   5840.56   5842.88
2519   5842.88   5845.19
2520   5845.19   5847.50
2521   5847.50   5849.81
2522   5849.81   5852.12
2523   5852.12   5854.44
2524   5854.44   5856.75
2525   5856.75   5859.06
2526   5859.06   5861.38
2527   5861.38   5863.69
2528   5863.69   5866.00
2529   5866.00   5868.31
2530   5868.31   5870.62
2531   5870.62   5872.94
2532   5872.94   5875.25
2533   5875.25   5877.56
2534   5877.56   5879.88
2535   5879.88   5882.19
2536   5882.19   5884.50
2537   5884.50   5886.81
2538   5886.81   5889.12
2539   5889.12   5891.44
2540   5891.44   5893.75
2541   5893.75   5896.06
2542   5896.06   5898.38
2543   5898.38   5900.69
2544   5900.69   5903.00
2545   5903.00   5905.31
2546   5905.31   5907.62
2547   5907.62   5909.94
2548   5909.94   5912.25
2549   5912.25   5914.56
2550   5914.56   5916.88
2551   5916.88   5919.19
2552   5919.19   5921.50
2553   5921.50   5923.81
2554   5923.81   5926.12
2555   5926.12   5928.44
2556   5928.44   5930.75
2557   5930.75   5933.06
2558   5933.06   5935.38
2559   5935.38   5937.69
2560   5937.69   5940.00
2561   5940.00   5942.31
2562   5942.31   5944.62
2563   5944.62   5946.94
2564   5946.94   5949.25
2565   5949.25   5951.56
2566   5951.56   5953.88
2567   5953.88   5956.19
2568   5956.19   5958.50
2569   5958.50   5960.81
2570   5960.81   5963.12
2571   5963.12   5965.44
2572   5965.44   5967.75
2573   5967.75   5970.06
2574   5970.06   5972.38
2575   5972.38   5974.69
2576   5974.69   5977.00
2577   5977.00   5979.31
2578   5979.31   5981.62
2579   5981.62   5983.94
2580   5983.94   5986.25
2581   5986.25   5988.56
2582   5988.56   5990.88
2583   5990.88   5993.19
2584   5993.19   5995.50
2585   5995.50   5997.81
2586   5997.81   6000.12
2587   6000.12   6002.44
2588   6002.44   6004.75
2589   6004.75   6007.06
2590   6007.06   6009.38
2591   6009.38   6011.69
2592   6011.69   6014.00
2593   6014.00   6016.31
2594   6016.31   6018.62
2595   6018.62   6020.94
2596   6020.94   6023.25
2597   6023.25   6025.56
2598   6025.56   6027.88
2599   6027.88   6030.19
2600   6030.19   6032.50
2601   6032.50   6034.81
2602   6034.81   6037.12
2603   6037.12   6039.44
2604   6039.44   6041.75
2605   6041.75   6044.06
2606   6044.06   6046.38
2607   6046.38   6048.69
2608   6048.69   6051.00
2609   6051.00   6053.31
2610   6053.31   6055.62
2611   6055.62   6057.94
2612   6057.94   6060.25
2613   6060.25   6062.56
2614   6062.56   6064.88
2615   6064.88   6067.19
2616   6067.19   6069.50
2617   6069.50   6071.81
2618   6071.81   6074.12
2619   6074.12   6076.44
2620   6076.44   6078.75
2621   6078.75   6081.06
2622   6081.06   6083.38
2623   6083.38   6085.69
2624   6085.69   6088.00
2625   6088.00   6090.31
2626   6090.31   6092.62
2627   6092.62   6094.94
2628   6094.94   6097.25
2629   6097.25   6099.56
2630   6099.56   6101.88
2631   6101.88   6104.19
2632   6104.19   6106.50
2633   6106.50   6108.81
2634   6108.81   6111.12
2635   6111.12   6113.44
2636   6113.44   6115.75
2637   6115.75   6118.06
2638   6118.06   6120.38
2639   6120.38   6122.69
2640   6122.69   6125.00
2641   6125.00   6127.31
2642   6127.31   6129.62
2643   6129.62   6131.94
2644   6131.94   6134.25
2645   6134.25   6136.56
2646   6136.56   6138.88
2647   6138.88   6141.19
2648   6141.19   6143.50
2649   6143.50   6145.81
2650   6145.81   6148.12
2651   6148.12   6150.44
2652   6150.44   6152.75
2653   6152.75   6155.06
2654   6155.06   6157.38
2655   6157.38   6159.69
2656   6159.69   6162.00
2657   6162.00   6164.31
2658   6164.31   6166.62
2659   6166.62   6168.94
2660   6168.94   6171.25
2661   6171.25   6173.56
2662   6173.56   6175.88
2663   6175.88   6178.19
2664   6178.19   6180.50
2665   6180.50   6182.81
2666   6182.81   6185.12
2667   6185.12   6187.44
2668   6187.44   6189.75
2669   6189.75   6192.06
2670   6192.06   6194.38
2671   6194.38   6196.69
2672   6196.69   6199.00
2673   6199.00   6201.31
2674   6201.31   6203.62
2675   6203.62   6205.94
2676   6205.94   6208.25
2677   6208.25   6210.56
2678   6210.56   6212.88
2679   6212.88   6215.19
2680   6215.19   6217.50
2681   6217.50   6219.81
2682   6219.81   6222.12
2683   6222.12   6224.44
2684   6224.44   6226.75
2685   6226.75   6229.06
2686   6229.06   6231.38
2687   6231.38   6233.69
2688   6233.69   6236.00
2689   6236.00   6238.31
2690   6238.31   6240.62
2691   6240.62   6242.94
2692   6242.94   6245.25
2693   6245.25   6247.56
2694   6247.56   6249.88
2695   6249.88   6252.19
2696   6252.19   6254.50
2697   6254.50   6256.81
2698   6256.81   6259.12
2699   6259.12   6261.44
2700   6261.44   6263.75
2701   6263.75   6266.06
2702   6266.06   6268.38
2703   6268.38   6270.69
2704   6270.69   6273.00
2705   6273.00   6275.31
2706   6275.31   6277.62
2707   6277.62   6279.94
2708   6279.94   6282.25
2709   6282.25   6284.56
2710   6284.56   6286.88
2711   6286.88   6289.19
2712   6289.19   6291.50
2713   6291.50   6293.81
2714   6293.81   6296.12
2715   6296.12   6298.44
2716   6298.44   6300.75
2717   6300.75   6303.06
2718   6303.06   6305.38
2719   6305.38   6307.69
2720   6307.69   6310.00
2721   6310.00   6312.31
2722   6312.31   6314.62
2723   6314.62   6316.94
2724   6316.94   6319.25
2725   6319.25   6321.56
2726   6321.56   6323.88
2727   6323.88   6326.19
2728   6326.19   6328.50
2729   6328.50   6330.81
2730   6330.81   6333.12
2731   6333.12   6335.44
2732   6335.44   6337.75
2733   6337.75   6340.06
2734   6340.06   6342.38
2735   6342.38   6344.69
2736   6344.69   6347.00
2737   6347.00   6349.31
2738   6349.31   6351.62
2739   6351.62   6353.94
2740   6353.94   6356.25
2741   6356.25   6358.56
2742   6358.56   6360.88
2743   6360.88   6363.19
2744   6363.19   6365.50
2745   6365.50   6367.81
2746   6367.81   6370.12
2747   6370.12   6372.44
2748   6372.44   6374.75
2749   6374.75   6377.06
2750   6377.06   6379.38
2751   6379.38   6381.69
2752   6381.69   6384.00
2753   6384.00   6386.31
2754   6386.31   6388.62
2755   6388.62   6390.94
2756   6390.94   6393.25
2757   6393.25   6395.56
2758   6395.56   6397.88
2759   6397.88   6400.19
2760   6400.19   6402.50
2761   6402.50   6404.81
2762   6404.81   6407.12
2763   6407.12   6409.44
2764   6409.44   6411.75
2765   6411.75   6414.06
2766   6414.06   6416.38
2767   6416.38   6418.69
2768   6418.69   6421.00
2769   6421.00   6423.31
2770   6423.31   6425.62
2771   6425.62   6427.94
2772   6427.94   6430.25
2773   6430.25   6432.56
2774   6432.56   6434.88
2775   6434.88   6437.19
2776   6437.19   6439.50
2777   6439.50   6441.81
2778   6441.81   6444.12
2779   6444.12   6446.44
2780   6446.44   6448.75
2781   6448.75   6451.06
2782   6451.06   6453.38
2783   6453.38   6455.69
2784   6455.69   6458.00
2785   6458.00   6460.31
2786   6460.31   6462.62
2787   6462.62   6464.94
2788   6464.94   6467.25
2789   6467.25   6469.56
2790   6469.56   6471.88
2791   6471.88   6474.19
2792   6474.19   6476.50
2793   6476.50   6478.81
2794   6478.81   6481.12
2795   6481.12   6483.44
2796   6483.44   6485.75
2797   6485.75   6488.06
2798   6488.06   6490.38
2799   6490.38   6492.69
2800   6492.69   6495.00
2801   6495.00   6497.31
2802   6497.31   6499.62
2803   6499.62   6501.94
2804   6501.94   6504.25
2805   6504.25   6506.56
2806   6506.56   6508.88
2807   6508.88   6511.19
2808   6511.19   6513.50
2809   6513.50   6515.81
2810   6515.81   6518.12
2811   6518.12   6520.44
2812   6520.44   6522.75
2813   6522.75   6525.06
2814   6525.06   6527.38
2815   6527.38   6529.69
2816   6529.69   6532.00
2817   6532.00   6534.31
2818   6534.31   6536.62
2819   6536.62   6538.94
2820   6538.94   6541.25
2821   6541.25   6543.56
2822   6543.56   6545.88
2823   6545.88   6548.19
2824   6548.19   6550.50
2825   6550.50   6552.81
2826   6552.81   6555.12
2827   6555.12   6557.44
2828   6557.44   6559.75
2829   6559.75   6562.06
2830   6562.06   6564.38
2831   6564.38   6566.69
2832   6566.69   6569.00
2833   6569.00   6571.31
2834   6571.31   6573.62
2835   6573.62   6575.94
2836   6575.94   6578.25
2837   6578.25   6580.56
2838   6580.56   6582.88
2839   6582.88   6585.19
2840   6585.19   6587.50
2841   6587.50   6589.81
2842   6589.81   6592.12
2843   6592.12   6594.44
2844   6594.44   6596.75
2845   6596.75   6599.06
2846   6599.06   6601.38
2847   6601.38   6603.69
2848   6603.69   6606.00
2849   6606.00   6608.31
2850   6608.31   6610.62
2851   6610.62   6612.94
2852   6612.94   6615.25
2853   6615.25   6617.56
2854   6617.56   6619.88
2855   6619.88   6622.19
2856   6622.19   6624.50
2857   6624.50   6626.81
2858   6626.81   6629.12
2859   6629.12   6631.44
2860   6631.44   6633.75
2861   6633.75   6636.06
2862   6636.06   6638.38
2863   6638.38   6640.69
2864   6640.69   6643.00
2865   6643.00   6645.31
2866   6645.31   6647.62
2867   6647.62   6649.94
2868   6649.94   6652.25
2869   6652.25   6654.56
2870   6654.56   6656.88
2871   6656.88   6659.19
2872   6659.19   6661.50
2873   6661.50   6663.81
2874   6663.81   6666.12
2875   6666.12   6668.44
2876   6668.44   6670.75
2877   6670.75   6673.06
2878   6673.06   6675.38
2879   6675.38   6677.69
2880   6677.69   6680.00
2881   6680.00   6682.31
2882   6682.31   6684.62
2883   6684.62   6686.94
2884   6686.94   6689.25
2885   6689.25   6691.56
2886   6691.56   6693.88
2887   6693.88   6696.19
2888   6696.19   6698.50
2889   6698.50   6700.81
2890   6700.81   6703.12
2891   6703.12   6705.44
2892   6705.44   6707.75
2893   6707.75   6710.06
2894   6710.06   6712.38
2895   6712.38   6714.69
2896   6714.69   6717.00
2897   6717.00   6719.31
2898   6719.31   6721.62
2899   6721.62   6723.94
2900   6723.94   6726.25
2901   6726.25   6728.56
2902   6728.56   6730.88
2903   6730.88   6733.19
2904   6733.19   6735.50
2905   6735.50   6737.81
2906   6737.81   6740.12
2907   6740.12   6742.44
2908   6742.44   6744.75
2909   6744.75   6747.06
2910   6747.06   6749.38
2911   6749.38   6751.69
2912   6751.69   6754.00
2913   6754.00   6756.31
2914   6756.31   6758.62
2915   6758.62   6760.94
2916   6760.94   6763.25
2917   6763.25   6765.56
2918   6765.56   6767.88
2919   6767.88   6770.19
2920   6770.19   6772.50
2921   6772.50   6774.81
2922   6774.81   6777.12
2923   6777.12   6779.44
2924   6779.44   6781.75
2925   6781.75   6784.06
2926   6784.06   6786.38
2927   6786.38   6788.69
2928   6788.69   6791.00
2929   6791.00   6793.31
2930   6793.31   6795.62
2931   6795.62   6797.94
2932   6797.94   6800.25
2933   6800.25   6802.56
2934   6802.56   6804.88
2935   6804.88   6807.19
2936   6807.19   6809.50
2937   6809.50   6811.81
2938   6811.81   6814.12
2939   6814.12   6816.44
2940   6816.44   6818.75
2941   6818.75   6821.06
2942   6821.06   6823.38
2943   6823.38   6825.69
2944   6825.69   6828.00
2945   6828.00   6830.31
2946   6830.31   6832.62
2947   6832.62   6834.94
2948   6834.94   6837.25
2949   6837.25   6839.56
2950   6839.56   6841.88
2951   6841.88   6844.19
2952   6844.19   6846.50
2953   6846.50   6848.81
2954   6848.81   6851.12
2955   6851.12   6853.44
2956   6853.44   6855.75
2957   6855.75   6858.06
2958   6858.06   6860.38
2959   6860.38   6862.69
2960   6862.69   6865.00
2961   6865.00   6867.31
2962   6867.31   6869.62
2963   6869.62   6871.94
2964   6871.94   6874.25
2965   6874.25   6876.56
2966   6876.56   6878.88
2967   6878.88   6881.19
2968   6881.19   6883.50
2969   6883.50   6885.81
2970   6885.81   6888.12
2971   6888.12   6890.44
2972   6890.44   6892.75
2973   6892.75   6895.06
2974   6895.06   6897.38
2975   6897.38   6899.69
2976   6899.69   6902.00
2977   6902.00   6904.31
2978   6904.31   6906.62
2979   6906.62   6908.94
2980   6908.94   6911.25
2981   6911.25   6913.56
2982   6913.56   6915.88
2983   6915.88   6918.19
2984   6918.19   6920.50
2985   6920.50   6922.81
2986   6922.81   6925.12
2987   6925.12   6927.44
2988   6927.44   6929.75
2989   6929.75   6932.06
2990   6932.06   6934.38
2991   6934.38   6936.69
2992   6936.69   6939.00
2993   6939.00   6941.31
2994   6941.31   6943.62
2995   6943.62   6945.94
2996   6945.94   6948.25
2997   6948.25   6950.56
2998   6950.56   6952.88
2999   6952.88   6955.19
3000   6955.19   6957.50
3001   6957.50   6959.81
3002   6959.81   6962.12
3003   6962.12   6964.44
3004   6964.44   6966.75
3005   6966.75   6969.06
3006   6969.06   6971.38
3007   6971.38   6973.69
3008   6973.69   6976.00
3009   6976.00   6978.31
3010   6978.31   6980.62
3011   6980.62   6982.94
3012   6982.94   6985.25
3013   6985.25   6987.56
3014   6987.56   6989.88
3015   6989.88   6992.19
3016   6992.19   6994.50
3017   6994.50   6996.81
3018   6996.81   6999.12
3019   6999.12   7001.44
3020   7001.44   7003.75
3021   7003.75   7006.06
3022   7006.06   7008.38
3023   7008.38   7010.69
3024   7010.69   7013.00
3025   7013.00   7015.31
3026   7015.31   7017.62
3027   7017.62   7019.94
3028   7019.94   7022.25
3029   7022.25   7024.56
3030   7024.56   7026.88
3031   7026.88   7029.19
3032   7029.19   7031.50
3033   7031.50   7033.81
3034   7033.81   7036.12
3035   7036.12   7038.44
3036   7038.44   7040.75
3037   7040.75   7043.06
3038   7043.06   7045.38
3039   7045.38   7047.69
3040   7047.69   7050.00
3041   7050.00   7052.31
3042   7052.31   7054.62
3043   7054.62   7056.94
3044   7056.94   7059.25
3045   7059.25   7061.56
3046   7061.56   7063.88
3047   7063.88   7066.19
3048   7066.19   7068.50
3049   7068.50   7070.81
3050   7070.81   7073.12
3051   7073.12   7075.44
3052   7075.44   7077.75
3053   7077.75   7080.06
3054   7080.06   7082.38
3055   7082.38   7084.69
3056   7084.69   7087.00
3057   7087.00   7089.31
3058   7089.31   7091.62
3059   7091.62   7093.94
3060   7093.94   7096.25
3061   7096.25   7098.56
3062   7098.56   7100.88
3063   7100.88   7103.19
3064   7103.19   7105.50
3065   7105.50   7107.81
3066   7107.81   7110.12
3067   7110.12   7112.44
3068   7112.44   7114.75
3069   7114.75   7117.06
3070   7117.06   7119.38
3071   7119.38   7121.69
3072   7121.69   7124.00
3073   7124.00   7126.31
3074   7126.31   7128.62
3075   7128.62   7130.94
3076   7130.94   7133.25
3077   7133.25   7135.56
3078   7135.56   7137.88
3079   7137.88   7140.19
3080   7140.19   7142.50
3081   7142.50   7144.81
3082   7144.81   7147.12
3083   7147.12   7149.44
3084   7149.44   7151.75
3085   7151.75   7154.06
3086   7154.06   7156.38
3087   7156.38   7158.69
3088   7158.69   7161.00
3089   7161.00   7163.31
3090   7163.31   7165.62
3091   7165.62   7167.94
3092   7167.94   7170.25
3093   7170.25   7172.56
3094   7172.56   7174.88
3095   7174.88   7177.19
3096   7177.19   7179.50
3097   7179.50   7181.81
3098   7181.81   7184.12
3099   7184.12   7186.44
3100   7186.44   7188.75
3101   7188.75   7191.06
3102   7191.06   7193.38
3103   7193.38   7195.69
3104   7195.69   7198.00
3105   7198.00   7200.31
3106   7200.31   7202.62
3107   7202.62   7204.94
3108   7204.94   7207.25
3109   7207.25   7209.56
3110   7209.56   7211.88
3111   7211.88   7214.19
3112   7214.19   7216.50
3113   7216.50   7218.81
3114   7218.81   7221.12
3115   7221.12   7223.44
3116   7223.44   7225.75
3117   7225.75   7228.06
3118   7228.06   7230.38
3119   7230.38   7232.69
3120   7232.69   7235.00
3121   7235.00   7237.31
3122   7237.31   7239.62
3123   7239.62   7241.94
3124   7241.94   7244.25
3125   7244.25   7246.56
3126   7246.56   7248.88
3127   7248.88   7251.19
3128   7251.19   7253.50
3129   7253.50   7255.81
3130   7255.81   7258.12
3131   7258.12   7260.44
3132   7260.44   7262.75
3133   7262.75   7265.06
3134   7265.06   7267.38
3135   7267.38   7269.69
3136   7269.69   7272.00
3137   7272.00   7274.31
3138   7274.31   7276.62
3139   7276.62   7278.94
3140   7278.94   7281.25
3141   7281.25   7283.56
3142   7283.56   7285.88
3143   7285.88   7288.19
3144   7288.19   7290.50
3145   7290.50   7292.81
3146   7292.81   7295.12
3147   7295.12   7297.44
3148   7297.44   7299.75
3149   7299.75   7302.06
3150   7302.06   7304.38
3151   7304.38   7306.69
3152   7306.69   7309.00
3153   7309.00   7311.31
3154   7311.31   7313.62
3155   7313.62   7315.94
3156   7315.94   7318.25
3157   7318.25   7320.56
3158   7320.56   7322.88
3159   7322.88   7325.19
3160   7325.19   7327.50
3161   7327.50   7329.81
3162   7329.81   7332.12
3163   7332.12   7334.44
3164   7334.44   7336.75
3165   7336.75   7339.06
3166   7339.06   7341.38
3167   7341.38   7343.69
3168   7343.69   7346.00
3169   7346.00   7348.31
3170   7348.31   7350.62
3171   7350.62   7352.94
3172   7352.94   7355.25
3173   7355.25   7357.56
3174   7357.56   7359.88
3175   7359.88   7362.19
3176   7362.19   7364.50
3177   7364.50   7366.81
3178   7366.81   7369.12
3179   7369.12   7371.44
3180   7371.44   7373.75
3181   7373.75   7376.06
3182   7376.06   7378.38
3183   7378.38   7380.69
3184   7380.69   7383.00
3185   7383.00   7385.31
3186   7385.31   7387.62
3187   7387.62   7389.94
3188   7389.94   7392.25
3189   7392.25   7394.56
3190   7394.56   7396.88
3191   7396.88   7399.19
3192   7399.19   7401.50
3193   7401.50   7403.81
3194   7403.81   7406.12
3195   7406.12   7408.44
3196   7408.44   7410.75
3197   7410.75   7413.06
3198   7413.06   7415.38
3199   7415.38   7417.69
3200   7417.69   7420.00
3201   7420.00   7422.31
3202   7422.31   7424.62
3203   7424.62   7426.94
3204   7426.94   7429.25
3205   7429.25   7431.56
3206   7431.56   7433.88
3207   7433.88   7436.19
3208   7436.19   7438.50
3209   7438.50   7440.81
3210   7440.81   7443.12
3211   7443.12   7445.44
3212   7445.44   7447.75
3213   7447.75   7450.06
3214   7450.06   7452.38
3215   7452.38   7454.69
3216   7454.69   7457.00
3217   7457.00   7459.31
3218   7459.31   7461.62
3219   7461.62   7463.94
3220   7463.94   7466.25
3221   7466.25   7468.56
3222   7468.56   7470.88
3223   7470.88   7473.19
3224   7473.19   7475.50
3225   7475.50   7477.81
3226   7477.81   7480.12
3227   7480.12   7482.44
3228   7482.44   7484.75
3229   7484.75   7487.06
3230   7487.06   7489.38
3231   7489.38   7491.69
3232   7491.69   7494.00
3233   7494.00   7496.31
3234   7496.31   7498.62
3235   7498.62   7500.94
3236   7500.94   7503.25
3237   7503.25   7505.56
3238   7505.56   7507.88
3239   7507.88   7510.19
3240   7510.19   7512.50
3241   7512.50   7514.81
3242   7514.81   7517.12
3243   7517.12   7519.44
3244   7519.44   7521.75
3245   7521.75   7524.06
3246   7524.06   7526.38
3247   7526.38   7528.69
3248   7528.69   7531.00
3249   7531.00   7533.31
3250   7533.31   7535.62
3251   7535.62   7537.94
3252   7537.94   7540.25
3253   7540.25   7542.56
3254   7542.56   7544.88
3255   7544.88   7547.19
3256   7547.19   7549.50
3257   7549.50   7551.81
3258   7551.81   7554.12
3259   7554.12   7556.44
3260   7556.44   7558.75
3261   7558.75   7561.06
3262   7561.06   7563.38
3263   7563.38   7565.69
3264   7565.69   7568.00
3265   7568.00   7570.31
3266   7570.31   7572.62
3267   7572.62   7574.94
3268   7574.94   7577.25
3269   7577.25   7579.56
3270   7579.56   7581.88
3271   7581.88   7584.19
3272   7584.19   7586.50
3273   7586.50   7588.81
3274   7588.81   7591.12
3275   7591.12   7593.44
3276   7593.44   7595.75
3277   7595.75   7598.06
3278   7598.06   7600.38
3279   7600.38   7602.69
3280   7602.69   7605.00
3281   7605.00   7607.31
3282   7607.31   7609.62
3283   7609.62   7611.94
3284   7611.94   7614.25
3285   7614.25   7616.56
3286   7616.56   7618.88
3287   7618.88   7621.19
3288   7621.19   7623.50
3289   7623.50   7625.81
3290   7625.81   7628.12
3291   7628.12   7630.44
3292   7630.44   7632.75
3293   7632.75   7635.06
3294   7635.06   7637.38
3295   7637.38   7639.69
3296   7639.69   7642.00
3297   7642.00   7644.31
3298   7644.31   7646.62
3299   7646.62   7648.94
3300   7648.94   7651.25
3301   7651.25   7653.56
3302   7653.56   7655.88
3303   7655.88   7658.19
3304   7658.19   7660.50
3305   7660.50   7662.81
3306   7662.81   7665.12
3307   7665.12   7667.44
3308   7667.44   7669.75
3309   7669.75   7672.06
3310   7672.06   7674.38
3311   7674.38   7676.69
3312   7676.69   7679.00
3313   7679.00   7681.31
3314   7681.31   7683.62
3315   7683.62   7685.94
3316   7685.94   7688.25
3317   7688.25   7690.56
3318   7690.56   7692.88
3319   7692.88   7695.19
3320   7695.19   7697.50
3321   7697.50   7699.81
3322   7699.81   7702.12
3323   7702.12   7704.44
3324   7704.44   7706.75
3325   7706.75   7709.06
3326   7709.06   7711.38
3327   7711.38   7713.69
3328   7713.69   7716.00
3329   7716.00   7718.31
3330   7718.31   7720.62
3331   7720.62   7722.94
3332   7722.94   7725.25
3333   7725.25   7727.56
3334   7727.56   7729.88
3335   7729.88   7732.19
3336   7732.19   7734.50
3337   7734.50   7736.81
3338   7736.81   7739.12
3339   7739.12   7741.44
3340   7741.44   7743.75
3341   7743.75   7746.06
3342   7746.06   7748.38
3343   7748.38   7750.69
3344   7750.69   7753.00
3345   7753.00   7755.31
3346   7755.31   7757.62
3347   7757.62   7759.94
3348   7759.94   7762.25
3349   7762.25   7764.56
3350   7764.56   7766.88
3351   7766.88   7769.19
3352   7769.19   7771.50
3353   7771.50   7773.81
3354   7773.81   7776.12
3355   7776.12   7778.44
3356   7778.44   7780.75
3357   7780.75   7783.06
3358   7783.06   7785.38
3359   7785.38   7787.69
3360   7787.69   7790.00
3361   7790.00   7792.31
3362   7792.31   7794.62
3363   7794.62   7796.94
3364   7796.94   7799.25
3365   7799.25   7801.56
3366   7801.56   7803.88
3367   7803.88   7806.19
3368   7806.19   7808.50
3369   7808.50   7810.81
3370   7810.81   7813.12
3371   7813.12   7815.44
3372   7815.44   7817.75
3373   7817.75   7820.06
3374   7820.06   7822.38
3375   7822.38   7824.69
3376   7824.69   7827.00
3377   7827.00   7829.31
3378   7829.31   7831.62
3379   7831.62   7833.94
3380   7833.94   7836.25
3381   7836.25   7838.56
3382   7838.56   7840.88
3383   7840.88   7843.19
3384   7843.19   7845.50
3385   7845.50   7847.81
3386   7847.81   7850.12
3387   7850.12   7852.44
3388   7852.44   7854.75
3389   7854.75   7857.06
3390   7857.06   7859.38
3391   7859.38   7861.69
3392   7861.69   7864.00
3393   7864.00   7866.31
3394   7866.31   7868.62
3395   7868.62   7870.94
3396   7870.94   7873.25
3397   7873.25   7875.56
3398   7875.56   7877.88
3399   7877.88   7880.19
3400   7880.19   7882.50
3401   7882.50   7884.81
3402   7884.81   7887.12
3403   7887.12   7889.44
3404   7889.44   7891.75
3405   7891.75   7894.06
3406   7894.06   7896.38
3407   7896.38   7898.69
3408   7898.69   7901.00
3409   7901.00   7903.31
3410   7903.31   7905.62
3411   7905.62   7907.94
3412   7907.94   7910.25
3413   7910.25   7912.56
3414   7912.56   7914.88
3415   7914.88   7917.19
3416   7917.19   7919.50
3417   7919.50   7921.81
3418   7921.81   7924.12
3419   7924.12   7926.44
3420   7926.44   7928.75
3421   7928.75   7931.06
3422   7931.06   7933.38
3423   7933.38   7935.69
3424   7935.69   7938.00
3425   7938.00   7940.31
3426   7940.31   7942.62
3427   7942.62   7944.94
3428   7944.94   7947.25
3429   7947.25   7949.56
3430   7949.56   7951.88
3431   7951.88   7954.19
3432   7954.19   7956.50
3433   7956.50   7958.81
3434   7958.81   7961.12
3435   7961.12   7963.44
3436   7963.44   7965.75
3437   7965.75   7968.06
3438   7968.06   7970.38
3439   7970.38   7972.69
3440   7972.69   7975.00
3441   7975.00   7977.31
3442   7977.31   7979.62
3443   7979.62   7981.94
3444   7981.94   7984.25
3445   7984.25   7986.56
3446   7986.56   7988.88
3447   7988.88   7991.19
3448   7991.19   7993.50
3449   7993.50   7995.81
3450   7995.81   7998.12
3451   7998.12   8000.44
3452   8000.44   8002.75
3453   8002.75   8005.06
3454   8005.06   8007.38
3455   8007.38   8009.69
3456   8009.69   8012.00
3457   8012.00   8014.31
3458   8014.31   8016.62
3459   8016.62   8018.94
3460   8018.94   8021.25
3461   8021.25   8023.56
3462   8023.56   8025.88
3463   8025.88   8028.19
3464   8028.19   8030.50
3465   8030.50   8032.81
3466   8032.81   8035.12
3467   8035.12   8037.44
3468   8037.44   8039.75
3469   8039.75   8042.06
3470   8042.06   8044.38
3471   8044.38   8046.69
3472   8046.69   8049.00
3473   8049.00   8051.31
3474   8051.31   8053.62
3475   8053.62   8055.94
3476   8055.94   8058.25
3477   8058.25   8060.56
3478   8060.56   8062.88
3479   8062.88   8065.19
3480   8065.19   8067.50
3481   8067.50   8069.81
3482   8069.81   8072.12
3483   8072.12   8074.44
3484   8074.44   8076.75
3485   8076.75   8079.06
3486   8079.06   8081.38
3487   8081.38   8083.69
3488   8083.69   8086.00
3489   8086.00   8088.31
3490   8088.31   8090.62
3491   8090.62   8092.94
3492   8092.94   8095.25
3493   8095.25   8097.56
3494   8097.56   8099.88
3495   8099.88   8102.19
3496   8102.19   8104.50
3497   8104.50   8106.81
3498   8106.81   8109.12
3499   8109.12   8111.44
3500   8111.44   8113.75
3501   8113.75   8116.06
3502   8116.06   8118.38
3503   8118.38   8120.69
3504   8120.69   8123.00
3505   8123.00   8125.31
3506   8125.31   8127.62
3507   8127.62   8129.94
3508   8129.94   8132.25
3509   8132.25   8134.56
3510   8134.56   8136.88
3511   8136.88   8139.19
3512   8139.19   8141.50
3513   8141.50   8143.81
3514   8143.81   8146.12
3515   8146.12   8148.44
3516   8148.44   8150.75
3517   8150.75   8153.06
3518   8153.06   8155.38
3519   8155.38   8157.69
3520   8157.69   8160.00
3521   8160.00   8162.31
3522   8162.31   8164.62
3523   8164.62   8166.94
3524   8166.94   8169.25
3525   8169.25   8171.56
3526   8171.56   8173.88
3527   8173.88   8176.19
3528   8176.19   8178.50
3529   8178.50   8180.81
3530   8180.81   8183.12
3531   8183.12   8185.44
3532   8185.44   8187.75
3533   8187.75   8190.06
3534   8190.06   8192.38
3535   8192.38   8194.69
3536   8194.69   8197.00
3537   8197.00   8199.31
3538   8199.31   8201.62
3539   8201.62   8203.94
3540   8203.94   8206.25
3541   8206.25   8208.56
3542   8208.56   8210.88
3543   8210.88   8213.19
3544   8213.19   8215.50
3545   8215.50   8217.81
3546   8217.81   8220.12
3547   8220.12   8222.44
3548   8222.44   8224.75
3549   8224.75   8227.06
3550   8227.06   8229.38
3551   8229.38   8231.69
3552   8231.69   8234.00
3553   8234.00   8236.31
3554   8236.31   8238.62
3555   8238.62   8240.94
3556   8240.94   8243.25
3557   8243.25   8245.56
3558   8245.56   8247.88
3559   8247.88   8250.19
3560   8250.19   8252.50
3561   8252.50   8254.81
3562   8254.81   8257.12
3563   8257.12   8259.44
3564   8259.44   8261.75
3565   8261.75   8264.06
3566   8264.06   8266.38
3567   8266.38   8268.69
3568   8268.69   8271.00
3569   8271.00   8273.31
3570   8273.31   8275.62
3571   8275.62   8277.94
3572   8277.94   8280.25
3573   8280.25   8282.56
3574   8282.56   8284.88
3575   8284.88   8287.19
3576   8287.19   8289.50
3577   8289.50   8291.81
3578   8291.81   8294.12
3579   8294.12   8296.44
3580   8296.44   8298.75
3581   8298.75   8301.06
3582   8301.06   8303.38
3583   8303.38   8305.69
3584   8305.69   8308.00
3585   8308.00   8310.31
3586   8310.31   8312.62
3587   8312.62   8314.94
3588   8314.94   8317.25
3589   8317.25   8319.56
3590   8319.56   8321.88
3591   8321.88   8324.19
3592   8324.19   8326.50
3593   8326.50   8328.81
3594   8328.81   8331.12
3595   8331.12   8333.44
3596   8333.44   8335.75
3597   8335.75   8338.06
3598   8338.06   8340.38
3599   8340.38   8342.69
3600   8342.69   8345.00
3601   8345.00   8347.31
3602   8347.31   8349.62
3603   8349.62   8351.94
3604   8351.94   8354.25
3605   8354.25   8356.56
3606   8356.56   8358.88
3607   8358.88   8361.19
3608   8361.19   8363.50
3609   8363.50   8365.81
3610   8365.81   8368.12
3611   8368.12   8370.44
3612   8370.44   8372.75
3613   8372.75   8375.06
3614   8375.06   8377.38
3615   8377.38   8379.69
3616   8379.69   8382.00
3617   8382.00   8384.31
3618   8384.31   8386.62
3619   8386.62   8388.94
3620   8388.94   8391.25
3621   8391.25   8393.56
3622   8393.56   8395.88
3623   8395.88   8398.19
3624   8398.19   8400.50
3625   8400.50   8402.81
3626   8402.81   8405.12
3627   8405.12   8407.44
3628   8407.44   8409.75
3629   8409.75   8412.06
3630   8412.06   8414.38
3631   8414.38   8416.69
3632   8416.69   8419.00
3633   8419.00   8421.31
3634   8421.31   8423.62
3635   8423.62   8425.94
3636   8425.94   8428.25
3637   8428.25   8430.56
3638   8430.56   8432.88
3639   8432.88   8435.19
3640   8435.19   8437.50
3641   8437.50   8439.81
3642   8439.81   8442.12
3643   8442.12   8444.44
3644   8444.44   8446.75
3645   8446.75   8449.06
3646   8449.06   8451.38
3647   8451.38   8453.69
3648   8453.69   8456.00
3649   8456.00   8458.31
3650   8458.31   8460.62
3651   8460.62   8462.94
3652   8462.94   8465.25
3653   8465.25   8467.56
3654   8467.56   8469.88
3655   8469.88   8472.19
3656   8472.19   8474.50
3657   8474.50   8476.81
3658   8476.81   8479.12
3659   8479.12   8481.44
3660   8481.44   8483.75
3661   8483.75   8486.06
3662   8486.06   8488.38
3663   8488.38   8490.69
3664   8490.69   8493.00
3665   8493.00   8495.31
3666   8495.31   8497.62
3667   8497.62   8499.94
3668   8499.94   8502.25
3669   8502.25   8504.56
3670   8504.56   8506.88
3671   8506.88   8509.19
3672   8509.19   8511.50
3673   8511.50   8513.81
3674   8513.81   8516.12
3675   8516.12   8518.44
3676   8518.44   8520.75
3677   8520.75   8523.06
3678   8523.06   8525.38
3679   8525.38   8527.69
3680   8527.69   8530.00
3681   8530.00   8532.31
3682   8532.31   8534.62
3683   8534.62   8536.94
3684   8536.94   8539.25
3685   8539.25   8541.56
3686   8541.56   8543.88
3687   8543.88   8546.19
3688   8546.19   8548.50
3689   8548.50   8550.81
3690   8550.81   8553.12
3691   8553.12   8555.44
3692   8555.44   8557.75
3693   8557.75   8560.06
3694   8560.06   8562.38
3695   8562.38   8564.69
3696   8564.69   8567.00
3697   8567.00   8569.31
3698   8569.31   8571.62
3699   8571.62   8573.94
3700   8573.94   8576.25
3701   8576.25   8578.56
3702   8578.56   8580.88
3703   8580.88   8583.19
3704   8583.19   8585.50
3705   8585.50   8587.81
3706   8587.81   8590.12
3707   8590.12   8592.44
3708   8592.44   8594.75
3709   8594.75   8597.06
3710   8597.06   8599.38
3711   8599.38   8601.69
3712   8601.69   8604.00
3713   8604.00   8606.31
3714   8606.31   8608.62
3715   8608.62   8610.94
3716   8610.94   8613.25
3717   8613.25   8615.56
3718   8615.56   8617.88
3719   8617.88   8620.19
3720   8620.19   8622.50
3721   8622.50   8624.81
3722   8624.81   8627.12
3723   8627.12   8629.44
3724   8629.44   8631.75
3725   8631.75   8634.06
3726   8634.06   8636.38
3727   8636.38   8638.69
3728   8638.69   8641.00
3729   8641.00   8643.31
3730   8643.31   8645.62
3731   8645.62   8647.94
3732   8647.94   8650.25
3733   8650.25   8652.56
3734   8652.56   8654.88
3735   8654.88   8657.19
3736   8657.19   8659.50
3737   8659.50   8661.81
3738   8661.81   8664.12
3739   8664.12   8666.44
3740   8666.44   8668.75
3741   8668.75   8671.06
3742   8671.06   8673.38
3743   8673.38   8675.69
3744   8675.69   8678.00
3745   8678.00   8680.31
3746   8680.31   8682.62
3747   8682.62   8684.94
3748   8684.94   8687.25
3749   8687.25   8689.56
3750   8689.56   8691.88
3751   8691.88   8694.19
3752   8694.19   8696.50
3753   8696.50   8698.81
3754   8698.81   8701.12
3755   8701.12   8703.44
3756   8703.44   8705.75
3757   8705.75   8708.06
3758   8708.06   8710.38
3759   8710.38   8712.69
3760   8712.69   8715.00
3761   8715.00   8717.31
3762   8717.31   8719.62
3763   8719.62   8721.94
3764   8721.94   8724.25
3765   8724.25   8726.56
3766   8726.56   8728.88
3767   8728.88   8731.19
3768   8731.19   8733.50
3769   8733.50   8735.81
3770   8735.81   8738.12
3771   8738.12   8740.44
3772   8740.44   8742.75
3773   8742.75   8745.06
3774   8745.06   8747.38
3775   8747.38   8749.69
3776   8749.69   8752.00
3777   8752.00   8754.31
3778   8754.31   8756.62
3779   8756.62   8758.94
3780   8758.94   8761.25
3781   8761.25   8763.56
3782   8763.56   8765.88
3783   8765.88   8768.19
3784   8768.19   8770.50
3785   8770.50   8772.81
3786   8772.81   8775.12
3787   8775.12   8777.44
3788   8777.44   8779.75
3789   8779.75   8782.06
3790   8782.06   8784.38
3791   8784.38   8786.69
3792   8786.69   8789.00
3793   8789.00   8791.31
3794   8791.31   8793.62
3795   8793.62   8795.94
3796   8795.94   8798.25
3797   8798.25   8800.56
3798   8800.56   8802.88
3799   8802.88   8805.19
3800   8805.19   8807.50
3801   8807.50   8809.81
3802   8809.81   8812.12
3803   8812.12   8814.44
3804   8814.44   8816.75
3805   8816.75   8819.06
3806   8819.06   8821.38
3807   8821.38   8823.69
3808   8823.69   8826.00
3809   8826.00   8828.31
3810   8828.31   8830.62
3811   8830.62   8832.94
3812   8832.94   8835.25
3813   8835.25   8837.56
3814   8837.56   8839.88
3815   8839.88   8842.19
3816   8842.19   8844.50
3817   8844.50   8846.81
3818   8846.81   8849.12
3819   8849.12   8851.44
3820   8851.44   8853.75
3821   8853.75   8856.06
3822   8856.06   8858.38
3823   8858.38   8860.69
3824   8860.69   8863.00
3825   8863.00   8865.31
3826   8865.31   8867.62
3827   8867.62   8869.94
3828   8869.94   8872.25
3829   8872.25   8874.56
3830   8874.56   8876.88
3831   8876.88   8879.19
3832   8879.19   8881.50
3833   8881.50   8883.81
3834   8883.81   8886.12
3835   8886.12   8888.44
3836   8888.44   8890.75
3837   8890.75   8893.06
3838   8893.06   8895.38
3839   8895.38   8897.69
3840   8897.69   8900.00
3841   8900.00   8902.31
3842   8902.31   8904.62
3843   8904.62   8906.94
3844   8906.94   8909.25
3845   8909.25   8911.56
3846   8911.56   8913.88
3847   8913.88   8916.19
3848   8916.19   8918.50
3849   8918.50   8920.81
3850   8920.81   8923.12
3851   8923.12   8925.44
3852   8925.44   8927.75
3853   8927.75   8930.06
3854   8930.06   8932.38
3855   8932.38   8934.69
3856   8934.69   8937.00
3857   8937.00   8939.31
3858   8939.31   8941.62
3859   8941.62   8943.94
3860   8943.94   8946.25
3861   8946.25   8948.56
3862   8948.56   8950.88
3863   8950.88   8953.19
3864   8953.19   8955.50
3865   8955.50   8957.81
3866   8957.81   8960.12
3867   8960.12   8962.44
3868   8962.44   8964.75
3869   8964.75   8967.06
3870   8967.06   8969.38
3871   8969.38   8971.69
3872   8971.69   8974.00
3873   8974.00   8976.31
3874   8976.31   8978.62
3875   8978.62   8980.94
3876   8980.94   8983.25
3877   8983.25   8985.56
3878   8985.56   8987.88
3879   8987.88   8990.19
3880   8990.19   8992.50
3881   8992.50   8994.81
3882   8994.81   8997.12
3883   8997.12   8999.44
3884   8999.44   9001.75
3885   9001.75   9004.06
3886   9004.06   9006.38
3887   9006.38   9008.69
3888   9008.69   9011.00
3889   9011.00   9013.31
3890   9013.31   9015.62
3891   9015.62   9017.94
3892   9017.94   9020.25
3893   9020.25   9022.56
3894   9022.56   9024.88
3895   9024.88   9027.19
3896   9027.19   9029.50
3897   9029.50   9031.81
3898   9031.81   9034.12
3899   9034.12   9036.44
3900   9036.44   9038.75
3901   9038.75   9041.06
3902   9041.06   9043.38
3903   9043.38   9045.69
3904   9045.69   9048.00
3905   9048.00   9050.31
3906   9050.31   9052.62
3907   9052.62   9054.94
3908   9054.94   9057.25
3909   9057.25   9059.56
3910   9059.56   9061.88
3911   9061.88   9064.19
3912   9064.19   9066.50
3913   9066.50   9068.81
3914   9068.81   9071.12
3915   9071.12   9073.44
3916   9073.44   9075.75
3917   9075.75   9078.06
3918   9078.06   9080.38
3919   9080.38   9082.69
3920   9082.69   9085.00
3921   9085.00   9087.31
3922   9087.31   9089.62
3923   9089.62   9091.94
3924   9091.94   9094.25
3925   9094.25   9096.56
3926   9096.56   9098.88
3927   9098.88   9101.19
3928   9101.19   9103.50
3929   9103.50   9105.81
3930   9105.81   9108.12
3931   9108.12   9110.44
3932   9110.44   9112.75
3933   9112.75   9115.06
3934   9115.06   9117.38
3935   9117.38   9119.69
3936   9119.69   9122.00
3937   9122.00   9124.31
3938   9124.31   9126.62
3939   9126.62   9128.94
3940   9128.94   9131.25
3941   9131.25   9133.56
3942   9133.56   9135.88
3943   9135.88   9138.19
3944   9138.19   9140.50
3945   9140.50   9142.81
3946   9142.81   9145.12
3947   9145.12   9147.44
3948   9147.44   9149.75
3949   9149.75   9152.06
3950   9152.06   9154.38
3951   9154.38   9156.69
3952   9156.69   9159.00
3953   9159.00   9161.31
3954   9161.31   9163.62
3955   9163.62   9165.94
3956   9165.94   9168.25
3957   9168.25   9170.56
3958   9170.56   9172.88
3959   9172.88   9175.19
3960   9175.19   9177.50
3961   9177.50   9179.81
3962   9179.81   9182.12
3963   9182.12   9184.44
3964   9184.44   9186.75
3965   9186.75   9189.06
3966   9189.06   9191.38
3967   9191.38   9193.69
3968   9193.69   9196.00
3969   9196.00   9198.31
3970   9198.31   9200.62
3971   9200.62   9202.94
3972   9202.94   9205.25
3973   9205.25   9207.56
3974   9207.56   9209.88
3975   9209.88   9212.19
3976   9212.19   9214.50
3977   9214.50   9216.81
3978   9216.81   9219.12
3979   9219.12   9221.44
3980   9221.44   9223.75
3981   9223.75   9226.06
3982   9226.06   9228.38
3983   9228.38   9230.69
3984   9230.69   9233.00
3985   9233.00   9235.31
3986   9235.31   9237.62
3987   9237.62   9239.94
3988   9239.94   9242.25
3989   9242.25   9244.56
3990   9244.56   9246.88
3991   9246.88   9249.19
3992   9249.19   9251.50
3993   9251.50   9253.81
3994   9253.81   9256.12
3995   9256.12   9258.44
3996   9258.44   9260.75
3997   9260.75   9263.06
3998   9263.06   9265.38
3999   9265.38   9267.69
4000   9267.69   9270.00
4001   9270.00   9272.31
4002   9272.31   9274.62
4003   9274.62   9276.94
4004   9276.94   9279.25
4005   9279.25   9281.56
4006   9281.56   9283.88
4007   9283.88   9286.19
4008   9286.19   9288.50
4009   9288.50   9290.81
4010   9290.81   9293.12
4011   9293.12   9295.44
4012   9295.44   9297.75
4013   9297.75   9300.06
4014   9300.06   9302.38
4015   9302.38   9304.69
4016   9304.69   9307.00
4017   9307.00   9309.31
4018   9309.31   9311.62
4019   9311.62   9313.94
4020   9313.94   9316.25
4021   9316.25   9318.56
4022   9318.56   9320.88
4023   9320.88   9323.19
4024   9323.19   9325.50
4025   9325.50   9327.81
4026   9327.81   9330.12
4027   9330.12   9332.44
4028   9332.44   9334.75
4029   9334.75   9337.06
4030   9337.06   9339.38
4031   9339.38   9341.69
4032   9341.69   9344.00
4033   9344.00   9346.31
4034   9346.31   9348.62
4035   9348.62   9350.94
4036   9350.94   9353.25
4037   9353.25   9355.56
4038   9355.56   9357.88
4039   9357.88   9360.19
4040   9360.19   9362.50
4041   9362.50   9364.81
4042   9364.81   9367.12
4043   9367.12   9369.44
4044   9369.44   9371.75
4045   9371.75   9374.06
4046   9374.06   9376.38
4047   9376.38   9378.69
4048   9378.69   9381.00
4049   9381.00   9383.31
4050   9383.31   9385.62
4051   9385.62   9387.94
4052   9387.94   9390.25
4053   9390.25   9392.56
4054   9392.56   9394.88
4055   9394.88   9397.19
4056   9397.19   9399.50
4057   9399.50   9401.81
4058   9401.81   9404.12
4059   9404.12   9406.44
4060   9406.44   9408.75
4061   9408.75   9411.06
4062   9411.06   9413.38
4063   9413.38   9415.69
4064   9415.69   9418.00
4065   9418.00   9420.31
4066   9420.31   9422.62
4067   9422.62   9424.94
4068   9424.94   9427.25
4069   9427.25   9429.56
4070   9429.56   9431.88
4071   9431.88   9434.19
4072   9434.19   9436.50
4073   9436.50   9438.81
4074   9438.81   9441.12
4075   9441.12   9443.44
4076   9443.44   9445.75
4077   9445.75   9448.06
4078   9448.06   9450.38
4079   9450.38   9452.69
4080   9452.69   9455.00
4081   9455.00   9457.31
4082   9457.31   9459.62
4083   9459.62   9461.94
4084   9461.94   9464.25
4085   9464.25   9466.56
4086   9466.56   9468.88
4087   9468.88   9471.19
4088   9471.19   9473.50
4089   9473.50   9475.81
4090   9475.81   9478.12
4091   9478.12   9480.44
4092   9480.44   9482.75
4093   9482.75   9485.06
4094   9485.06   9487.38
4095   9487.38   9489.69
4096   9489.69   9492.00
4097   9492.00   9494.31
4098   9494.31   9496.62
4099   9496.62   9498.94
4100   9498.94   9501.25
4101   9501.25   9503.56
4102   9503.56   9505.88
4103   9505.88   9508.19
4104   9508.19   9510.50
4105   9510.50   9512.81
4106   9512.81   9515.12
4107   9515.12   9517.44
4108   9517.44   9519.75
4109   9519.75   9522.06
4110   9522.06   9524.38
4111   9524.38   9526.69
4112   9526.69   9529.00
4113   9529.00   9531.31
4114   9531.31   9533.62
4115   9533.62   9535.94
4116   9535.94   9538.25
4117   9538.25   9540.56
4118   9540.56   9542.88
4119   9542.88   9545.19
4120   9545.19   9547.50
4121   9547.50   9549.81
4122   9549.81   9552.12
4123   9552.12   9554.44
4124   9554.44   9556.75
4125   9556.75   9559.06
4126   9559.06   9561.38
4127   9561.38   9563.69
4128   9563.69   9566.00
4129   9566.00   9568.31
4130   9568.31   9570.62
4131   9570.62   9572.94
4132   9572.94   9575.25
4133   9575.25   9577.56
4134   9577.56   9579.88
4135   9579.88   9582.19
4136   9582.19   9584.50
4137   9584.50   9586.81
4138   9586.81   9589.12
4139   9589.12   9591.44
4140   9591.44   9593.75
4141   9593.75   9596.06
4142   9596.06   9598.38
4143   9598.38   9600.69
4144   9600.69   9603.00
4145   9603.00   9605.31
4146   9605.31   9607.62
4147   9607.62   9609.94
4148   9609.94   9612.25
4149   9612.25   9614.56
4150   9614.56   9616.88
4151   9616.88   9619.19
4152   9619.19   9621.50
4153   9621.50   9623.81
4154   9623.81   9626.12
4155   9626.12   9628.44
4156   9628.44   9630.75
4157   9630.75   9633.06
4158   9633.06   9635.38
4159   9635.38   9637.69
4160   9637.69   9640.00
4161   9640.00   9642.31
4162   9642.31   9644.62
4163   9644.62   9646.94
4164   9646.94   9649.25
4165   9649.25   9651.56
4166   9651.56   9653.88
4167   9653.88   9656.19
4168   9656.19   9658.50
4169   9658.50   9660.81
4170   9660.81   9663.12
4171   9663.12   9665.44
4172   9665.44   9667.75
4173   9667.75   9670.06
4174   9670.06   9672.38
4175   9672.38   9674.69
4176   9674.69   9677.00
4177   9677.00   9679.31
4178   9679.31   9681.62
4179   9681.62   9683.94
4180   9683.94   9686.25
4181   9686.25   9688.56
4182   9688.56   9690.88
4183   9690.88   9693.19
4184   9693.19   9695.50
4185   9695.50   9697.81
4186   9697.81   9700.12
4187   9700.12   9702.44
4188   9702.44   9704.75
4189   9704.75   9707.06
4190   9707.06   9709.38
4191   9709.38   9711.69
4192   9711.69   9714.00
4193   9714.00   9716.31
4194   9716.31   9718.62
4195   9718.62   9720.94
4196   9720.94   9723.25
4197   9723.25   9725.56
4198   9725.56   9727.88
4199   9727.88   9730.19
4200   9730.19   9732.50
4201   9732.50   9734.81
4202   9734.81   9737.12
4203   9737.12   9739.44
4204   9739.44   9741.75
4205   9741.75   9744.06
4206   9744.06   9746.38
4207   9746.38   9748.69
4208   9748.69   9751.00
4209   9751.00   9753.31
4210   9753.31   9755.62
4211   9755.62   9757.94
4212   9757.94   9760.25
4213   9760.25   9762.56
4214   9762.56   9764.88
4215   9764.88   9767.19
4216   9767.19   9769.50
4217   9769.50   9771.81
4218   9771.81   9774.12
4219   9774.12   9776.44
4220   9776.44   9778.75
4221   9778.75   9781.06
4222   9781.06   9783.38
4223   9783.38   9785.69
4224   9785.69   9788.00
4225   9788.00   9790.31
4226   9790.31   9792.62
4227   9792.62   9794.94
4228   9794.94   9797.25
4229   9797.25   9799.56
4230   9799.56   9801.88
4231   9801.88   9804.19
4232   9804.19   9806.50
4233   9806.50   9808.81
4234   9808.81   9811.12
4235   9811.12   9813.44
4236   9813.44   9815.75
4237   9815.75   9818.06
4238   9818.06   9820.38
4239   9820.38   9822.69
4240   9822.69   9825.00
4241   9825.00   9827.31
4242   9827.31   9829.62
4243   9829.62   9831.94
4244   9831.94   9834.25
4245   9834.25   9836.56
4246   9836.56   9838.88
4247   9838.88   9841.19
4248   9841.19   9843.50
4249   9843.50   9845.81
4250   9845.81   9848.12
4251   9848.12   9850.44
4252   9850.44   9852.75
4253   9852.75   9855.06
4254   9855.06   9857.38
4255   9857.38   9859.69
4256   9859.69   9862.00
4257   9862.00   9864.31
4258   9864.31   9866.62
4259   9866.62   9868.94
4260   9868.94   9871.25
4261   9871.25   9873.56
4262   9873.56   9875.88
4263   9875.88   9878.19
4264   9878.19   9880.50
4265   9880.50   9882.81
4266   9882.81   9885.12
4267   9885.12   9887.44
4268   9887.44   9889.75
4269   9889.75   9892.06
4270   9892.06   9894.38
4271   9894.38   9896.69
4272   9896.69   9899.00
4273   9899.00   9901.31
4274   9901.31   9903.62
4275   9903.62   9905.94
4276   9905.94   9908.25
4277   9908.25   9910.56
4278   9910.56   9912.88
4279   9912.88   9915.19
4280   9915.19   9917.50
4281   9917.50   9919.81
4282   9919.81   9922.12
4283   9922.12   9924.44
4284   9924.44   9926.75
4285   9926.75   9929.06
4286   9929.06   9931.38
4287   9931.38   9933.69
4288   9933.69   9936.00
4289   9936.00   9938.31
4290   9938.31   9940.62
4291   9940.62   9942.94
4292   9942.94   9945.25
4293   9945.25   9947.56
4294   9947.56   9949.88
4295   9949.88   9952.19
4296   9952.19   9954.50
4297   9954.50   9956.81
4298   9956.81   9959.12
4299   9959.12   9961.44
4300   9961.44   9963.75
4301   9963.75   9966.06
4302   9966.06   9968.38
4303   9968.38   9970.69
4304   9970.69   9973.00
4305   9973.00   9975.31
4306   9975.31   9977.62
4307   9977.62   9979.94
4308   9979.94   9982.25
4309   9982.25   9984.56
4310   9984.56   9986.88
4311   9986.88   9989.19
4312   9989.19   9991.50
4313   9991.50   9993.81
4314   9993.81   9996.12
4315   9996.12   9998.44
4316   9998.44  10000.75
4317  10000.75  10003.06
4318  10003.06  10005.38
4319  10005.38  10007.69
4320  10007.69  10010.00
4321  10010.00  10012.31
4322  10012.31  10014.62
4323  10014.62  10016.94
4324  10016.94  10019.25
4325  10019.25  10021.56
4326  10021.56  10023.88
4327  10023.88  10026.19
4328  10026.19  10028.50
4329  10028.50  10030.81
4330  10030.81  10033.12
4331  10033.12  10035.44
4332  10035.44  10037.75
4333  10037.75  10040.06
4334  10040.06  10042.38
4335  10042.38  10044.69
4336  10044.69  10047.00
4337  10047.00  10049.31
4338  10049.31  10051.62
4339  10051.62  10053.94
4340  10053.94  10056.25
4341  10056.25  10058.56
4342  10058.56  10060.88
4343  10060.88  10063.19
4344  10063.19  10065.50
4345  10065.50  10067.81
4346  10067.81  10070.12
4347  10070.12  10072.44
4348  10072.44  10074.75
4349  10074.75  10077.06
4350  10077.06  10079.38
4351  10079.38  10081.69
4352  10081.69  10084.00
4353  10084.00  10086.31
4354  10086.31  10088.62
4355  10088.62  10090.94
4356  10090.94  10093.25
4357  10093.25  10095.56
4358  10095.56  10097.88
4359  10097.88  10100.19
4360  10100.19  10102.50
4361  10102.50  10104.81
4362  10104.81  10107.12
4363  10107.12  10109.44
4364  10109.44  10111.75
4365  10111.75  10114.06
4366  10114.06  10116.38
4367  10116.38  10118.69
4368  10118.69  10121.00
4369  10121.00  10123.31
4370  10123.31  10125.62
4371  10125.62  10127.94
4372  10127.94  10130.25
4373  10130.25  10132.56
4374  10132.56  10134.88
4375  10134.88  10137.19
4376  10137.19  10139.50
4377  10139.50  10141.81
4378  10141.81  10144.12
4379  10144.12  10146.44
4380  10146.44  10148.75
4381  10148.75  10151.06
4382  10151.06  10153.38
4383  10153.38  10155.69
4384  10155.69  10158.00
4385  10158.00  10160.31
4386  10160.31  10162.62
4387  10162.62  10164.94
4388  10164.94  10167.25
4389  10167.25  10169.56
4390  10169.56  10171.88
4391  10171.88  10174.19
4392  10174.19  10176.50
4393  10176.50  10178.81
4394  10178.81  10181.12
4395  10181.12  10183.44
4396  10183.44  10185.75
4397  10185.75  10188.06
4398  10188.06  10190.38
4399  10190.38  10192.69
4400  10192.69  10195.00
4401  10195.00  10197.31
4402  10197.31  10199.62
4403  10199.62  10201.94
4404  10201.94  10204.25
4405  10204.25  10206.56
4406  10206.56  10208.88
4407  10208.88  10211.19
4408  10211.19  10213.50
4409  10213.50  10215.81
4410  10215.81  10218.12
4411  10218.12  10220.44
4412  10220.44  10222.75
4413  10222.75  10225.06
4414  10225.06  10227.38
4415  10227.38  10229.69
4416  10229.69  10232.00
4417  10232.00  10234.31
4418  10234.31  10236.62
4419  10236.62  10238.94
4420  10238.94  10241.25
4421  10241.25  10243.56
4422  10243.56  10245.88
4423  10245.88  10248.19
4424  10248.19  10250.50
4425  10250.50  10252.81
4426  10252.81  10255.12
4427  10255.12  10257.44
4428  10257.44  10259.75
4429  10259.75  10262.06
4430  10262.06  10264.38
4431  10264.38  10266.69
4432  10266.69  10269.00
4433  10269.00  10271.31
4434  10271.31  10273.62
4435  10273.62  10275.94
4436  10275.94  10278.25
4437  10278.25  10280.56
4438  10280.56  10282.88
4439  10282.88  10285.19
4440  10285.19  10287.50
4441  10287.50  10289.81
4442  10289.81  10292.12
4443  10292.12  10294.44
4444  10294.44  10296.75
4445  10296.75  10299.06
4446  10299.06  10301.38
4447  10301.38  10303.69
4448  10303.69  10306.00
4449  10306.00  10308.31
4450  10308.31  10310.62
4451  10310.62  10312.94
4452  10312.94  10315.25
4453  10315.25  10317.56
4454  10317.56  10319.88
4455  10319.88  10322.19
4456  10322.19  10324.50
4457  10324.50  10326.81
4458  10326.81  10329.12
4459  10329.12  10331.44
4460  10331.44  10333.75
4461  10333.75  10336.06
4462  10336.06  10338.38
4463  10338.38  10340.69
4464  10340.69  10343.00
4465  10343.00  10345.31
4466  10345.31  10347.62
4467  10347.62  10349.94
4468  10349.94  10352.25
4469  10352.25  10354.56
4470  10354.56  10356.88
4471  10356.88  10359.19
4472  10359.19  10361.50
4473  10361.50  10363.81
4474  10363.81  10366.12
4475  10366.12  10368.44
4476  10368.44  10370.75
4477  10370.75  10373.06
4478  10373.06  10375.38
4479  10375.38  10377.69
4480  10377.69  10380.00
4481  10380.00  10382.31
4482  10382.31  10384.62
4483  10384.62  10386.94
4484  10386.94  10389.25
4485  10389.25  10391.56
4486  10391.56  10393.88
4487  10393.88  10396.19
4488  10396.19  10398.50
4489  10398.50  10400.81
4490  10400.81  10403.12
4491  10403.12  10405.44
4492  10405.44  10407.75
4493  10407.75  10410.06
4494  10410.06  10412.38
4495  10412.38  10414.69
4496  10414.69  10417.00
4497  10417.00  10419.31
4498  10419.31  10421.62
4499  10421.62  10423.94
4500  10423.94  10426.25
4501  10426.25  10428.56
4502  10428.56  10430.88
4503  10430.88  10433.19
4504  10433.19  10435.50
4505  10435.50  10437.81
4506  10437.81  10440.12
4507  10440.12  10442.44
4508  10442.44  10444.75
4509  10444.75  10447.06
4510  10447.06  10449.38
4511  10449.38  10451.69
4512  10451.69  10454.00
4513  10454.00  10456.31
4514  10456.31  10458.62
4515  10458.62  10460.94
4516  10460.94  10463.25
4517  10463.25  10465.56
4518  10465.56  10467.88
4519  10467.88  10470.19
4520  10470.19  10472.50
4521  10472.50  10474.81
4522  10474.81  10477.12
4523  10477.12  10479.44
4524  10479.44  10481.75
4525  10481.75  10484.06
4526  10484.06  10486.38
4527  10486.38  10488.69
4528  10488.69  10491.00
4529  10491.00  10493.31
4530  10493.31  10495.62
4531  10495.62  10497.94
4532  10497.94  10500.25
4533  10500.25  10502.56
4534  10502.56  10504.88
4535  10504.88  10507.19
4536  10507.19  10509.50
4537  10509.50  10511.81
4538  10511.81  10514.12
4539  10514.12  10516.44
4540  10516.44  10518.75
4541  10518.75  10521.06
4542  10521.06  10523.38
4543  10523.38  10525.69
4544  10525.69  10528.00
4545  10528.00  10530.31
4546  10530.31  10532.62
4547  10532.62  10534.94
4548  10534.94  10537.25
4549  10537.25  10539.56
4550  10539.56  10541.88
4551  10541.88  10544.19
4552  10544.19  10546.50
4553  10546.50  10548.81
4554  10548.81  10551.12
4555  10551.12  10553.44
4556  10553.44  10555.75
4557  10555.75  10558.06
4558  10558.06  10560.38
4559  10560.38  10562.69
4560  10562.69  10565.00
4561  10565.00  10567.31
4562  10567.31  10569.62
4563  10569.62  10571.94
4564  10571.94  10574.25
4565  10574.25  10576.56
4566  10576.56  10578.88
4567  10578.88  10581.19
4568  10581.19  10583.50
4569  10583.50  10585.81
4570  10585.81  10588.12
4571  10588.12  10590.44
4572  10590.44  10592.75
4573  10592.75  10595.06
4574  10595.06  10597.38
4575  10597.38  10599.69
4576  10599.69  10602.00
4577  10602.00  10604.31
4578  10604.31  10606.62
4579  10606.62  10608.94
4580  10608.94  10611.25
4581  10611.25  10613.56
4582  10613.56  10615.88
4583  10615.88  10618.19
4584  10618.19  10620.50
4585  10620.50  10622.81
4586  10622.81  10625.12
4587  10625.12  10627.44
4588  10627.44  10629.75
4589  10629.75  10632.06
4590  10632.06  10634.38
4591  10634.38  10636.69
4592  10636.69  10639.00
4593  10639.00  10641.31
4594  10641.31  10643.62
4595  10643.62  10645.94
4596  10645.94  10648.25
4597  10648.25  10650.56
4598  10650.56  10652.88
4599  10652.88  10655.19
4600  10655.19  10657.50
4601  10657.50  10659.81
4602  10659.81  10662.12
4603  10662.12  10664.44
4604  10664.44  10666.75
4605  10666.75  10669.06
4606  10669.06  10671.38
4607  10671.38  10673.69
4608  10673.69  10676.00
4609  10676.00  10678.31
4610  10678.31  10680.62
4611  10680.62  10682.94
4612  10682.94  10685.25
4613  10685.25  10687.56
4614  10687.56  10689.88
4615  10689.88  10692.19
4616  10692.19  10694.50
4617  10694.50  10696.81
4618  10696.81  10699.12
4619  10699.12  10701.44
4620  10701.44  10703.75
4621  10703.75  10706.06
4622  10706.06  10708.38
4623  10708.38  10710.69
4624  10710.69  10713.00
4625  10713.00  10715.31
4626  10715.31  10717.62
4627  10717.62  10719.94
4628  10719.94  10722.25
4629  10722.25  10724.56
4630  10724.56  10726.88
4631  10726.88  10729.19
4632  10729.19  10731.50
4633  10731.50  10733.81
4634  10733.81  10736.12
4635  10736.12  10738.44
4636  10738.44  10740.75
4637  10740.75  10743.06
4638  10743.06  10745.38
4639  10745.38  10747.69
4640  10747.69  10750.00
4641  10750.00  10752.31
4642  10752.31  10754.62
4643  10754.62  10756.94
4644  10756.94  10759.25
4645  10759.25  10761.56
4646  10761.56  10763.88
4647  10763.88  10766.19
4648  10766.19  10768.50
4649  10768.50  10770.81
4650  10770.81  10773.12
4651  10773.12  10775.44
4652  10775.44  10777.75
4653  10777.75  10780.06
4654  10780.06  10782.38
4655  10782.38  10784.69
4656  10784.69  10787.00
4657  10787.00  10789.31
4658  10789.31  10791.62
4659  10791.62  10793.94
4660  10793.94  10796.25
4661  10796.25  10798.56
4662  10798.56  10800.88
4663  10800.88  10803.19
4664  10803.19  10805.50
4665  10805.50  10807.81
4666  10807.81  10810.12
4667  10810.12  10812.44
4668  10812.44  10814.75
4669  10814.75  10817.06
4670  10817.06  10819.38
4671  10819.38  10821.69
4672  10821.69  10824.00
4673  10824.00  10826.31
4674  10826.31  10828.62
4675  10828.62  10830.94
4676  10830.94  10833.25
4677  10833.25  10835.56
4678  10835.56  10837.88
4679  10837.88  10840.19
4680  10840.19  10842.50
4681  10842.50  10844.81
4682  10844.81  10847.12
4683  10847.12  10849.44
4684  10849.44  10851.75
4685  10851.75  10854.06
4686  10854.06  10856.38
4687  10856.38  10858.69
4688  10858.69  10861.00
4689  10861.00  10863.31
4690  10863.31  10865.62
4691  10865.62  10867.94
4692  10867.94  10870.25
4693  10870.25  10872.56
4694  10872.56  10874.88
4695  10874.88  10877.19
4696  10877.19  10879.50
4697  10879.50  10881.81
4698  10881.81  10884.12
4699  10884.12  10886.44
4700  10886.44  10888.75
4701  10888.75  10891.06
4702  10891.06  10893.38
4703  10893.38  10895.69
4704  10895.69  10898.00
4705  10898.00  10900.31
4706  10900.31  10902.62
4707  10902.62  10904.94
4708  10904.94  10907.25
4709  10907.25  10909.56
4710  10909.56  10911.88
4711  10911.88  10914.19
4712  10914.19  10916.50
4713  10916.50  10918.81
4714  10918.81  10921.12
4715  10921.12  10923.44
4716  10923.44  10925.75
4717  10925.75  10928.06
4718  10928.06  10930.38
4719  10930.38  10932.69
4720  10932.69  10935.00
4721  10935.00  10937.31
4722  10937.31  10939.62
4723  10939.62  10941.94
4724  10941.94  10944.25
4725  10944.25  10946.56
4726  10946.56  10948.88
4727  10948.88  10951.19
4728  10951.19  10953.50
4729  10953.50  10955.81
4730  10955.81  10958.12
4731  10958.12  10960.44
4732  10960.44  10962.75
4733  10962.75  10965.06
4734  10965.06  10967.38
4735  10967.38  10969.69
4736  10969.69  10972.00
4737  10972.00  10974.31
4738  10974.31  10976.62
4739  10976.62  10978.94
4740  10978.94  10981.25
4741  10981.25  10983.56
4742  10983.56  10985.88
4743  10985.88  10988.19
4744  10988.19  10990.50
4745  10990.50  10992.81
4746  10992.81  10995.12
4747  10995.12  10997.44
4748  10997.44  10999.75
4749  10999.75  11002.06
4750  11002.06  11004.38
4751  11004.38  11006.69
4752  11006.69  11009.00
4753  11009.00  11011.31
4754  11011.31  11013.62
4755  11013.62  11015.94
4756  11015.94  11018.25
4757  11018.25  11020.56
4758  11020.56  11022.88
4759  11022.88  11025.19
4760  11025.19  11027.50
4761  11027.50  11029.81
4762  11029.81  11032.12
4763  11032.12  11034.44
4764  11034.44  11036.75
4765  11036.75  11039.06
4766  11039.06  11041.38
4767  11041.38  11043.69
4768  11043.69  11046.00
4769  11046.00  11048.31
4770  11048.31  11050.62
4771  11050.62  11052.94
4772  11052.94  11055.25
4773  11055.25  11057.56
4774  11057.56  11059.88
4775  11059.88  11062.19
4776  11062.19  11064.50
4777  11064.50  11066.81
4778  11066.81  11069.12
4779  11069.12  11071.44
4780  11071.44  11073.75
4781  11073.75  11076.06
4782  11076.06  11078.38
4783  11078.38  11080.69
4784  11080.69  11083.00
4785  11083.00  11085.31
4786  11085.31  11087.62
4787  11087.62  11089.94
4788  11089.94  11092.25
4789  11092.25  11094.56
4790  11094.56  11096.88
4791  11096.88  11099.19
4792  11099.19  11101.50
4793  11101.50  11103.81
4794  11103.81  11106.12
4795  11106.12  11108.44
4796  11108.44  11110.75
4797  11110.75  11113.06
4798  11113.06  11115.38
4799  11115.38  11117.69
4800  11117.69  11120.00
4801  11120.00  11122.31
4802  11122.31  11124.62
4803  11124.62  11126.94
4804  11126.94  11129.25
4805  11129.25  11131.56
4806  11131.56  11133.88
4807  11133.88  11136.19
4808  11136.19  11138.50
4809  11138.50  11140.81
4810  11140.81  11143.12
4811  11143.12  11145.44
4812  11145.44  11147.75
4813  11147.75  11150.06
4814  11150.06  11152.38
4815  11152.38  11154.69
4816  11154.69  11157.00
4817  11157.00  11159.31
4818  11159.31  11161.62
4819  11161.62  11163.94
4820  11163.94  11166.25
4821  11166.25  11168.56
4822  11168.56  11170.88
4823  11170.88  11173.19
4824  11173.19  11175.50
4825  11175.50  11177.81
4826  11177.81  11180.12
4827  11180.12  11182.44
4828  11182.44  11184.75
4829  11184.75  11187.06
4830  11187.06  11189.38
4831  11189.38  11191.69
4832  11191.69  11194.00
4833  11194.00  11196.31
4834  11196.31  11198.62
4835  11198.62  11200.94
4836  11200.94  11203.25
4837  11203.25  11205.56
4838  11205.56  11207.88
4839  11207.88  11210.19
4840  11210.19  11212.50
4841  11212.50  11214.81
4842  11214.81  11217.12
4843  11217.12  11219.44
4844  11219.44  11221.75
4845  11221.75  11224.06
4846  11224.06  11226.38
4847  11226.38  11228.69
4848  11228.69  11231.00
4849  11231.00  11233.31
4850  11233.31  11235.62
4851  11235.62  11237.94
4852  11237.94  11240.25
4853  11240.25  11242.56
4854  11242.56  11244.88
4855  11244.88  11247.19
4856  11247.19  11249.50
4857  11249.50  11251.81
4858  11251.81  11254.12
4859  11254.12  11256.44
4860  11256.44  11258.75
4861  11258.75  11261.06
4862  11261.06  11263.38
4863  11263.38  11265.69
4864  11265.69  11268.00
4865  11268.00  11270.31
4866  11270.31  11272.62
4867  11272.62  11274.94
4868  11274.94  11277.25
4869  11277.25  11279.56
4870  11279.56  11281.88
4871  11281.88  11284.19
4872  11284.19  11286.50
4873  11286.50  11288.81
4874  11288.81  11291.12
4875  11291.12  11293.44
4876  11293.44  11295.75
4877  11295.75  11298.06
4878  11298.06  11300.38
4879  11300.38  11302.69
4880  11302.69  11305.00
4881  11305.00  11307.31
4882  11307.31  11309.62
4883  11309.62  11311.94
4884  11311.94  11314.25
4885  11314.25  11316.56
4886  11316.56  11318.88
4887  11318.88  11321.19
4888  11321.19  11323.50
4889  11323.50  11325.81
4890  11325.81  11328.12
4891  11328.12  11330.44
4892  11330.44  11332.75
4893  11332.75  11335.06
4894  11335.06  11337.38
4895  11337.38  11339.69
4896  11339.69  11342.00
4897  11342.00  11344.31
4898  11344.31  11346.62
4899  11346.62  11348.94
4900  11348.94  11351.25
4901  11351.25  11353.56
4902  11353.56  11355.88
4903  11355.88  11358.19
4904  11358.19  11360.50
4905  11360.50  11362.81
4906  11362.81  11365.12
4907  11365.12  11367.44
4908  11367.44  11369.75
4909  11369.75  11372.06
4910  11372.06  11374.38
4911  11374.38  11376.69
4912  11376.69  11379.00
4913  11379.00  11381.31
4914  11381.31  11383.62
4915  11383.62  11385.94
4916  11385.94  11388.25
4917  11388.25  11390.56
4918  11390.56  11392.88
4919  11392.88  11395.19
4920  11395.19  11397.50
4921  11397.50  11399.81
4922  11399.81  11402.12
4923  11402.12  11404.44
4924  11404.44  11406.75
4925  11406.75  11409.06
4926  11409.06  11411.38
4927  11411.38  11413.69
4928  11413.69  11416.00
4929  11416.00  11418.31
4930  11418.31  11420.62
4931  11420.62  11422.94
4932  11422.94  11425.25
4933  11425.25  11427.56
4934  11427.56  11429.88
4935  11429.88  11432.19
4936  11432.19  11434.50
4937  11434.50  11436.81
4938  11436.81  11439.12
4939  11439.12  11441.44
4940  11441.44  11443.75
4941  11443.75  11446.06
4942  11446.06  11448.38
4943  11448.38  11450.69
4944  11450.69  11453.00
4945  11453.00  11455.31
4946  11455.31  11457.62
4947  11457.62  11459.94
4948  11459.94  11462.25
4949  11462.25  11464.56
4950  11464.56  11466.88
4951  11466.88  11469.19
4952  11469.19  11471.50
4953  11471.50  11473.81
4954  11473.81  11476.12
4955  11476.12  11478.44
4956  11478.44  11480.75
4957  11480.75  11483.06
4958  11483.06  11485.38
4959  11485.38  11487.69
4960  11487.69  11490.00
4961  11490.00  11492.31
4962  11492.31  11494.62
4963  11494.62  11496.94
4964  11496.94  11499.25
4965  11499.25  11501.56
4966  11501.56  11503.88
4967  11503.88  11506.19
4968  11506.19  11508.50
4969  11508.50  11510.81
4970  11510.81  11513.12
4971  11513.12  11515.44
4972  11515.44  11517.75
4973  11517.75  11520.06
4974  11520.06  11522.38
4975  11522.38  11524.69
4976  11524.69  11527.00
4977  11527.00  11529.31
4978  11529.31  11531.62
4979  11531.62  11533.94
4980  11533.94  11536.25
4981  11536.25  11538.56
4982  11538.56  11540.88
4983  11540.88  11543.19
4984  11543.19  11545.50
4985  11545.50  11547.81
4986  11547.81  11550.12
4987  11550.12  11552.44
4988  11552.44  11554.75
4989  11554.75  11557.06
4990  11557.06  11559.38
4991  11559.38  11561.69
4992  11561.69  11564.00
4993  11564.00  11566.31
4994  11566.31  11568.62
4995  11568.62  11570.94
4996  11570.94  11573.25
4997  11573.25  11575.56
4998  11575.56  11577.88
4999  11577.88  11580.19
5000  11580.19  11582.50
5001  11582.50  11584.81
5002  11584.81  11587.12
5003  11587.12  11589.44
5004  11589.44  11591.75
5005  11591.75  11594.06
5006  11594.06  11596.38
5007  11596.38  11598.69
5008  11598.69  11601.00
5009  11601.00  11603.31
5010  11603.31  11605.62
5011  11605.62  11607.94
5012  11607.94  11610.25
5013  11610.25  11612.56
5014  11612.56  11614.88
5015  11614.88  11617.19
5016  11617.19  11619.50
5017  11619.50  11621.81
5018  11621.81  11624.12
5019  11624.12  11626.44
5020  11626.44  11628.75
5021  11628.75  11631.06
5022  11631.06  11633.38
5023  11633.38  11635.69
5024  11635.69  11638.00
5025  11638.00  11640.31
5026  11640.31  11642.62
5027  11642.62  11644.94
5028  11644.94  11647.25
5029  11647.25  11649.56
5030  11649.56  11651.88
5031  11651.88  11654.19
5032  11654.19  11656.50
5033  11656.50  11658.81
5034  11658.81  11661.12
5035  11661.12  11663.44
5036  11663.44  11665.75
5037  11665.75  11668.06
5038  11668.06  11670.38
5039  11670.38  11672.69
5040  11672.69  11675.00
5041  11675.00  11677.31
5042  11677.31  11679.62
5043  11679.62  11681.94
5044  11681.94  11684.25
5045  11684.25  11686.56
5046  11686.56  11688.88
5047  11688.88  11691.19
5048  11691.19  11693.50
5049  11693.50  11695.81
5050  11695.81  11698.12
5051  11698.12  11700.44
5052  11700.44  11702.75
5053  11702.75  11705.06
5054  11705.06  11707.38
5055  11707.38  11709.69
5056  11709.69  11712.00
5057  11712.00  11714.31
5058  11714.31  11716.62
5059  11716.62  11718.94
5060  11718.94  11721.25
5061  11721.25  11723.56
5062  11723.56  11725.88
5063  11725.88  11728.19
5064  11728.19  11730.50
5065  11730.50  11732.81
5066  11732.81  11735.12
5067  11735.12  11737.44
5068  11737.44  11739.75
5069  11739.75  11742.06
5070  11742.06  11744.38
5071  11744.38  11746.69
5072  11746.69  11749.00
5073  11749.00  11751.31
5074  11751.31  11753.62
5075  11753.62  11755.94
5076  11755.94  11758.25
5077  11758.25  11760.56
5078  11760.56  11762.88
5079  11762.88  11765.19
5080  11765.19  11767.50
5081  11767.50  11769.81
5082  11769.81  11772.12
5083  11772.12  11774.44
5084  11774.44  11776.75
5085  11776.75  11779.06
5086  11779.06  11781.38
5087  11781.38  11783.69
5088  11783.69  11786.00
5089  11786.00  11788.31
5090  11788.31  11790.62
5091  11790.62  11792.94
5092  11792.94  11795.25
5093  11795.25  11797.56
5094  11797.56  11799.88
5095  11799.88  11802.19
5096  11802.19  11804.50
5097  11804.50  11806.81
5098  11806.81  11809.12
5099  11809.12  11811.44
5100  11811.44  11813.75
5101  11813.75  11816.06
5102  11816.06  11818.38
5103  11818.38  11820.69
5104  11820.69  11823.00
5105  11823.00  11825.31
5106  11825.31  11827.62
5107  11827.62  11829.94
5108  11829.94  11832.25
5109  11832.25  11834.56
5110  11834.56  11836.88
5111  11836.88  11839.19
5112  11839.19  11841.50
5113  11841.50  11843.81
5114  11843.81  11846.12
5115  11846.12  11848.44
5116  11848.44  11850.75
5117  11850.75  11853.06
5118  11853.06  11855.38
5119  11855.38  11857.69
5120  11857.69  11860.00
5121  11860.00  11862.31
5122  11862.31  11864.62
5123  11864.62  11866.94
5124  11866.94  11869.25
5125  11869.25  11871.56
5126  11871.56  11873.88
5127  11873.88  11876.19
5128  11876.19  11878.50
5129  11878.50  11880.81
5130  11880.81  11883.12
5131  11883.12  11885.44
5132  11885.44  11887.75
5133  11887.75  11890.06
5134  11890.06  11892.38
5135  11892.38  11894.69
5136  11894.69  11897.00
5137  11897.00  11899.31
5138  11899.31  11901.62
5139  11901.62  11903.94
5140  11903.94  11906.25
5141  11906.25  11908.56
5142  11908.56  11910.88
5143  11910.88  11913.19
5144  11913.19  11915.50
5145  11915.50  11917.81
5146  11917.81  11920.12
5147  11920.12  11922.44
5148  11922.44  11924.75
5149  11924.75  11927.06
5150  11927.06  11929.38
5151  11929.38  11931.69
5152  11931.69  11934.00
5153  11934.00  11936.31
5154  11936.31  11938.62
5155  11938.62  11940.94
5156  11940.94  11943.25
5157  11943.25  11945.56
5158  11945.56  11947.88
5159  11947.88  11950.19
5160  11950.19  11952.50
5161  11952.50  11954.81
5162  11954.81  11957.12
5163  11957.12  11959.44
5164  11959.44  11961.75
5165  11961.75  11964.06
5166  11964.06  11966.38
5167  11966.38  11968.69
5168  11968.69  11971.00
5169  11971.00  11973.31
5170  11973.31  11975.62
5171  11975.62  11977.94
5172  11977.94  11980.25
5173  11980.25  11982.56
5174  11982.56  11984.88
5175  11984.88  11987.19
5176  11987.19  11989.50
5177  11989.50  11991.81
5178  11991.81  11994.12
5179  11994.12  11996.44
5180  11996.44  11998.75
5181  11998.75  12001.06
5182  12001.06  12003.38
5183  12003.38  12005.69
5184  12005.69  12008.00
5185  12008.00  12010.31
5186  12010.31  12012.62
5187  12012.62  12014.94
5188  12014.94  12017.25
5189  12017.25  12019.56
5190  12019.56  12021.88
5191  12021.88  12024.19
5192  12024.19  12026.50
5193  12026.50  12028.81
5194  12028.81  12031.12
5195  12031.12  12033.44
5196  12033.44  12035.75
5197  12035.75  12038.06
5198  12038.06  12040.38
5199  12040.38  12042.69
5200  12042.69  12045.00
5201  12045.00  12047.31
5202  12047.31  12049.62
5203  12049.62  12051.94
5204  12051.94  12054.25
5205  12054.25  12056.56
5206  12056.56  12058.88
5207  12058.88  12061.19
5208  12061.19  12063.50
5209  12063.50  12065.81
5210  12065.81  12068.12
5211  12068.12  12070.44
5212  12070.44  12072.75
5213  12072.75  12075.06
5214  12075.06  12077.38
5215  12077.38  12079.69
5216  12079.69  12082.00
5217  12082.00  12084.31
5218  12084.31  12086.62
5219  12086.62  12088.94
5220  12088.94  12091.25
5221  12091.25  12093.56
5222  12093.56  12095.88
5223  12095.88  12098.19
5224  12098.19  12100.50
5225  12100.50  12102.81
5226  12102.81  12105.12
5227  12105.12  12107.44
5228  12107.44  12109.75
5229  12109.75  12112.06
5230  12112.06  12114.38
5231  12114.38  12116.69
5232  12116.69  12119.00
5233  12119.00  12121.31
5234  12121.31  12123.62
5235  12123.62  12125.94
5236  12125.94  12128.25
5237  12128.25  12130.56
5238  12130.56  12132.88
5239  12132.88  12135.19
5240  12135.19  12137.50
5241  12137.50  12139.81
5242  12139.81  12142.12
5243  12142.12  12144.44
5244  12144.44  12146.75
5245  12146.75  12149.06
5246  12149.06  12151.38
5247  12151.38  12153.69
5248  12153.69  12156.00
5249  12156.00  12158.31
5250  12158.31  12160.62
5251  12160.62  12162.94
5252  12162.94  12165.25
5253  12165.25  12167.56
5254  12167.56  12169.88
5255  12169.88  12172.19
5256  12172.19  12174.50
5257  12174.50  12176.81
5258  12176.81  12179.12
5259  12179.12  12181.44
5260  12181.44  12183.75
5261  12183.75  12186.06
5262  12186.06  12188.38
5263  12188.38  12190.69
5264  12190.69  12193.00
5265  12193.00  12195.31
5266  12195.31  12197.62
5267  12197.62  12199.94
5268  12199.94  12202.25
5269  12202.25  12204.56
5270  12204.56  12206.88
5271  12206.88  12209.19
5272  12209.19  12211.50
5273  12211.50  12213.81
5274  12213.81  12216.12
5275  12216.12  12218.44
5276  12218.44  12220.75
5277  12220.75  12223.06
5278  12223.06  12225.38
5279  12225.38  12227.69
5280  12227.69  12230.00
5281  12230.00  12232.31
5282  12232.31  12234.62
5283  12234.62  12236.94
5284  12236.94  12239.25
5285  12239.25  12241.56
5286  12241.56  12243.88
5287  12243.88  12246.19
5288  12246.19  12248.50
5289  12248.50  12250.81
5290  12250.81  12253.12
5291  12253.12  12255.44
5292  12255.44  12257.75
5293  12257.75  12260.06
5294  12260.06  12262.38
5295  12262.38  12264.69
5296  12264.69  12267.00
5297  12267.00  12269.31
5298  12269.31  12271.62
5299  12271.62  12273.94
5300  12273.94  12276.25
5301  12276.25  12278.56
5302  12278.56  12280.88
5303  12280.88  12283.19
5304  12283.19  12285.50
5305  12285.50  12287.81
5306  12287.81  12290.12
5307  12290.12  12292.44
5308  12292.44  12294.75
5309  12294.75  12297.06
5310  12297.06  12299.38
5311  12299.38  12301.69
5312  12301.69  12304.00
5313  12304.00  12306.31
5314  12306.31  12308.62
5315  12308.62  12310.94
5316  12310.94  12313.25
5317  12313.25  12315.56
5318  12315.56  12317.88
5319  12317.88  12320.19
5320  12320.19  12322.50
5321  12322.50  12324.81
5322  12324.81  12327.12
5323  12327.12  12329.44
5324  12329.44  12331.75
5325  12331.75  12334.06
5326  12334.06  12336.38
5327  12336.38  12338.69
5328  12338.69  12341.00
5329  12341.00  12343.31
5330  12343.31  12345.62
5331  12345.62  12347.94
5332  12347.94  12350.25
5333  12350.25  12352.56
5334  12352.56  12354.88
5335  12354.88  12357.19
5336  12357.19  12359.50
5337  12359.50  12361.81
5338  12361.81  12364.12
5339  12364.12  12366.44
5340  12366.44  12368.75
5341  12368.75  12371.06
5342  12371.06  12373.38
5343  12373.38  12375.69
5344  12375.69  12378.00
5345  12378.00  12380.31
5346  12380.31  12382.62
5347  12382.62  12384.94
5348  12384.94  12387.25
5349  12387.25  12389.56
5350  12389.56  12391.88
5351  12391.88  12394.19
5352  12394.19  12396.50
5353  12396.50  12398.81
5354  12398.81  12401.12
5355  12401.12  12403.44
5356  12403.44  12405.75
5357  12405.75  12408.06
5358  12408.06  12410.38
5359  12410.38  12412.69
5360  12412.69  12415.00
5361  12415.00  12417.31
5362  12417.31  12419.62
5363  12419.62  12421.94
5364  12421.94  12424.25
5365  12424.25  12426.56
5366  12426.56  12428.88
5367  12428.88  12431.19
5368  12431.19  12433.50
5369  12433.50  12435.81
5370  12435.81  12438.12
5371  12438.12  12440.44
5372  12440.44  12442.75
5373  12442.75  12445.06
5374  12445.06  12447.38
5375  12447.38  12449.69
5376  12449.69  12452.00
5377  12452.00  12454.31
5378  12454.31  12456.62
5379  12456.62  12458.94
5380  12458.94  12461.25
5381  12461.25  12463.56
5382  12463.56  12465.88
5383  12465.88  12468.19
5384  12468.19  12470.50
5385  12470.50  12472.81
5386  12472.81  12475.12
5387  12475.12  12477.44
5388  12477.44  12479.75
5389  12479.75  12482.06
5390  12482.06  12484.38
5391  12484.38  12486.69
5392  12486.69  12489.00
5393  12489.00  12491.31
5394  12491.31  12493.62
5395  12493.62  12495.94
5396  12495.94  12498.25
5397  12498.25  12500.56
5398  12500.56  12502.88
5399  12502.88  12505.19
5400  12505.19  12507.50
5401  12507.50  12509.81
5402  12509.81  12512.12
5403  12512.12  12514.44
5404  12514.44  12516.75
5405  12516.75  12519.06
5406  12519.06  12521.38
5407  12521.38  12523.69
5408  12523.69  12526.00
5409  12526.00  12528.31
5410  12528.31  12530.62
5411  12530.62  12532.94
5412  12532.94  12535.25
5413  12535.25  12537.56
5414  12537.56  12539.88
5415  12539.88  12542.19
5416  12542.19  12544.50
5417  12544.50  12546.81
5418  12546.81  12549.12
5419  12549.12  12551.44
5420  12551.44  12553.75
5421  12553.75  12556.06
5422  12556.06  12558.38
5423  12558.38  12560.69
5424  12560.69  12563.00
5425  12563.00  12565.31
5426  12565.31  12567.62
5427  12567.62  12569.94
5428  12569.94  12572.25
5429  12572.25  12574.56
5430  12574.56  12576.88
5431  12576.88  12579.19
5432  12579.19  12581.50
5433  12581.50  12583.81
5434  12583.81  12586.12
5435  12586.12  12588.44
5436  12588.44  12590.75
5437  12590.75  12593.06
5438  12593.06  12595.38
5439  12595.38  12597.69
5440  12597.69  12600.00
5441  12600.00  12602.31
5442  12602.31  12604.62
5443  12604.62  12606.94
5444  12606.94  12609.25
5445  12609.25  12611.56
5446  12611.56  12613.88
5447  12613.88  12616.19
5448  12616.19  12618.50
5449  12618.50  12620.81
5450  12620.81  12623.12
5451  12623.12  12625.44
5452  12625.44  12627.75
5453  12627.75  12630.06
5454  12630.06  12632.38
5455  12632.38  12634.69
5456  12634.69  12637.00
5457  12637.00  12639.31
5458  12639.31  12641.62
5459  12641.62  12643.94
5460  12643.94  12646.25
5461  12646.25  12648.56
5462  12648.56  12650.88
5463  12650.88  12653.19
5464  12653.19  12655.50
5465  12655.50  12657.81
5466  12657.81  12660.12
5467  12660.12  12662.44
5468  12662.44  12664.75
5469  12664.75  12667.06
5470  12667.06  12669.38
5471  12669.38  12671.69
5472  12671.69  12674.00
5473  12674.00  12676.31
5474  12676.31  12678.62
5475  12678.62  12680.94
5476  12680.94  12683.25
5477  12683.25  12685.56
5478  12685.56  12687.88
5479  12687.88  12690.19
5480  12690.19  12692.50
5481  12692.50  12694.81
5482  12694.81  12697.12
5483  12697.12  12699.44
5484  12699.44  12701.75
5485  12701.75  12704.06
5486  12704.06  12706.38
5487  12706.38  12708.69
5488  12708.69  12711.00
5489  12711.00  12713.31
5490  12713.31  12715.62
5491  12715.62  12717.94
5492  12717.94  12720.25
5493  12720.25  12722.56
5494  12722.56  12724.88
5495  12724.88  12727.19
5496  12727.19  12729.50
5497  12729.50  12731.81
5498  12731.81  12734.12
5499  12734.12  12736.44
5500  12736.44  12738.75
5501  12738.75  12741.06
5502  12741.06  12743.38
5503  12743.38  12745.69
5504  12745.69  12748.00
5505  12748.00  12750.31
5506  12750.31  12752.62
5507  12752.62  12754.94
5508  12754.94  12757.25
5509  12757.25  12759.56
5510  12759.56  12761.88
5511  12761.88  12764.19
5512  12764.19  12766.50
5513  12766.50  12768.81
5514  12768.81  12771.12
5515  12771.12  12773.44
5516  12773.44  12775.75
5517  12775.75  12778.06
5518  12778.06  12780.38
5519  12780.38  12782.69
5520  12782.69  12785.00
5521  12785.00  12787.31
5522  12787.31  12789.62
5523  12789.62  12791.94
5524  12791.94  12794.25
5525  12794.25  12796.56
5526  12796.56  12798.88
5527  12798.88  12801.19
5528  12801.19  12803.50
5529  12803.50  12805.81
5530  12805.81  12808.12
5531  12808.12  12810.44
5532  12810.44  12812.75
5533  12812.75  12815.06
5534  12815.06  12817.38
5535  12817.38  12819.69
5536  12819.69  12822.00
5537  12822.00  12824.31
5538  12824.31  12826.62
5539  12826.62  12828.94
5540  12828.94  12831.25
5541  12831.25  12833.56
5542  12833.56  12835.88
5543  12835.88  12838.19
5544  12838.19  12840.50
5545  12840.50  12842.81
5546  12842.81  12845.12
5547  12845.12  12847.44
5548  12847.44  12849.75
5549  12849.75  12852.06
5550  12852.06  12854.38
5551  12854.38  12856.69
5552  12856.69  12859.00
5553  12859.00  12861.31
5554  12861.31  12863.62
5555  12863.62  12865.94
5556  12865.94  12868.25
5557  12868.25  12870.56
5558  12870.56  12872.88
5559  12872.88  12875.19
5560  12875.19  12877.50
5561  12877.50  12879.81
5562  12879.81  12882.12
5563  12882.12  12884.44
5564  12884.44  12886.75
5565  12886.75  12889.06
5566  12889.06  12891.38
5567  12891.38  12893.69
5568  12893.69  12896.00
5569  12896.00  12898.31
5570  12898.31  12900.62
5571  12900.62  12902.94
5572  12902.94  12905.25
5573  12905.25  12907.56
5574  12907.56  12909.88
5575  12909.88  12912.19
5576  12912.19  12914.50
5577  12914.50  12916.81
5578  12916.81  12919.12
5579  12919.12  12921.44
5580  12921.44  12923.75
5581  12923.75  12926.06
5582  12926.06  12928.38
5583  12928.38  12930.69
5584  12930.69  12933.00
5585  12933.00  12935.31
5586  12935.31  12937.62
5587  12937.62  12939.94
5588  12939.94  12942.25
5589  12942.25  12944.56
5590  12944.56  12946.88
5591  12946.88  12949.19
5592  12949.19  12951.50
5593  12951.50  12953.81
5594  12953.81  12956.12
5595  12956.12  12958.44
5596  12958.44  12960.75
5597  12960.75  12963.06
5598  12963.06  12965.38
5599  12965.38  12967.69
5600  12967.69  12970.00
5601  12970.00  12972.31
5602  12972.31  12974.62
5603  12974.62  12976.94
5604  12976.94  12979.25
5605  12979.25  12981.56
5606  12981.56  12983.88
5607  12983.88  12986.19
5608  12986.19  12988.50
5609  12988.50  12990.81
5610  12990.81  12993.12
5611  12993.12  12995.44
5612  12995.44  12997.75
5613  12997.75  13000.06
5614  13000.06  13002.38
5615  13002.38  13004.69
5616  13004.69  13007.00
5617  13007.00  13009.31
5618  13009.31  13011.62
5619  13011.62  13013.94
5620  13013.94  13016.25
5621  13016.25  13018.56
5622  13018.56  13020.88
5623  13020.88  13023.19
5624  13023.19  13025.50
5625  13025.50  13027.81
5626  13027.81  13030.12
5627  13030.12  13032.44
5628  13032.44  13034.75
5629  13034.75  13037.06
5630  13037.06  13039.38
5631  13039.38  13041.69
5632  13041.69  13044.00
5633  13044.00  13046.31
5634  13046.31  13048.62
5635  13048.62  13050.94
5636  13050.94  13053.25
5637  13053.25  13055.56
5638  13055.56  13057.88
5639  13057.88  13060.19
5640  13060.19  13062.50
5641  13062.50  13064.81
5642  13064.81  13067.12
5643  13067.12  13069.44
5644  13069.44  13071.75
5645  13071.75  13074.06
5646  13074.06  13076.38
5647  13076.38  13078.69
5648  13078.69  13081.00
5649  13081.00  13083.31
5650  13083.31  13085.62
5651  13085.62  13087.94
5652  13087.94  13090.25
5653  13090.25  13092.56
5654  13092.56  13094.88
5655  13094.88  13097.19
5656  13097.19  13099.50
5657  13099.50  13101.81
5658  13101.81  13104.12
5659  13104.12  13106.44
5660  13106.44  13108.75
5661  13108.75  13111.06
5662  13111.06  13113.38
5663  13113.38  13115.69
5664  13115.69  13118.00
5665  13118.00  13120.31
5666  13120.31  13122.62
5667  13122.62  13124.94
5668  13124.94  13127.25
5669  13127.25  13129.56
5670  13129.56  13131.88
5671  13131.88  13134.19
5672  13134.19  13136.50
5673  13136.50  13138.81
5674  13138.81  13141.12
5675  13141.12  13143.44
5676  13143.44  13145.75
5677  13145.75  13148.06
5678  13148.06  13150.38
5679  13150.38  13152.69
5680  13152.69  13155.00
5681  13155.00  13157.31
5682  13157.31  13159.62
5683  13159.62  13161.94
5684  13161.94  13164.25
5685  13164.25  13166.56
5686  13166.56  13168.88
5687  13168.88  13171.19
5688  13171.19  13173.50
5689  13173.50  13175.81
5690  13175.81  13178.12
5691  13178.12  13180.44
5692  13180.44  13182.75
5693  13182.75  13185.06
5694  13185.06  13187.38
5695  13187.38  13189.69
5696  13189.69  13192.00
5697  13192.00  13194.31
5698  13194.31  13196.62
5699  13196.62  13198.94
5700  13198.94  13201.25
5701  13201.25  13203.56
5702  13203.56  13205.88
5703  13205.88  13208.19
5704  13208.19  13210.50
5705  13210.50  13212.81
5706  13212.81  13215.12
5707  13215.12  13217.44
5708  13217.44  13219.75
5709  13219.75  13222.06
5710  13222.06  13224.38
5711  13224.38  13226.69
5712  13226.69  13229.00
5713  13229.00  13231.31
5714  13231.31  13233.62
5715  13233.62  13235.94
5716  13235.94  13238.25
5717  13238.25  13240.56
5718  13240.56  13242.88
5719  13242.88  13245.19
5720  13245.19  13247.50
5721  13247.50  13249.81
5722  13249.81  13252.12
5723  13252.12  13254.44
5724  13254.44  13256.75
5725  13256.75  13259.06
5726  13259.06  13261.38
5727  13261.38  13263.69
5728  13263.69  13266.00
5729  13266.00  13268.31
5730  13268.31  13270.62
5731  13270.62  13272.94
5732  13272.94  13275.25
5733  13275.25  13277.56
5734  13277.56  13279.88
5735  13279.88  13282.19
5736  13282.19  13284.50
5737  13284.50  13286.81
5738  13286.81  13289.12
5739  13289.12  13291.44
5740  13291.44  13293.75
5741  13293.75  13296.06
5742  13296.06  13298.38
5743  13298.38  13300.69
5744  13300.69  13303.00
5745  13303.00  13305.31
5746  13305.31  13307.62
5747  13307.62  13309.94
5748  13309.94  13312.25
5749  13312.25  13314.56
5750  13314.56  13316.88
5751  13316.88  13319.19
5752  13319.19  13321.50
5753  13321.50  13323.81
5754  13323.81  13326.12
5755  13326.12  13328.44
5756  13328.44  13330.75
5757  13330.75  13333.06
5758  13333.06  13335.38
5759  13335.38  13337.69
5760  13337.69  13340.00
5761  13340.00  13342.31
5762  13342.31  13344.62
5763  13344.62  13346.94
5764  13346.94  13349.25
5765  13349.25  13351.56
5766  13351.56  13353.88
5767  13353.88  13356.19
5768  13356.19  13358.50
5769  13358.50  13360.81
5770  13360.81  13363.12
5771  13363.12  13365.44
5772  13365.44  13367.75
5773  13367.75  13370.06
5774  13370.06  13372.38
5775  13372.38  13374.69
5776  13374.69  13377.00
5777  13377.00  13379.31
5778  13379.31  13381.62
5779  13381.62  13383.94
5780  13383.94  13386.25
5781  13386.25  13388.56
5782  13388.56  13390.88
5783  13390.88  13393.19
5784  13393.19  13395.50
5785  13395.50  13397.81
5786  13397.81  13400.12
5787  13400.12  13402.44
5788  13402.44  13404.75
5789  13404.75  13407.06
5790  13407.06  13409.38
5791  13409.38  13411.69
5792  13411.69  13414.00
5793  13414.00  13416.31
5794  13416.31  13418.62
5795  13418.62  13420.94
5796  13420.94  13423.25
5797  13423.25  13425.56
5798  13425.56  13427.88
5799  13427.88  13430.19
5800  13430.19  13432.50
5801  13432.50  13434.81
5802  13434.81  13437.12
5803  13437.12  13439.44
5804  13439.44  13441.75
5805  13441.75  13444.06
5806  13444.06  13446.38
5807  13446.38  13448.69
5808  13448.69  13451.00
5809  13451.00  13453.31
5810  13453.31  13455.62
5811  13455.62  13457.94
5812  13457.94  13460.25
5813  13460.25  13462.56
5814  13462.56  13464.88
5815  13464.88  13467.19
5816  13467.19  13469.50
5817  13469.50  13471.81
5818  13471.81  13474.12
5819  13474.12  13476.44
5820  13476.44  13478.75
5821  13478.75  13481.06
5822  13481.06  13483.38
5823  13483.38  13485.69
5824  13485.69  13488.00
5825  13488.00  13490.31
5826  13490.31  13492.62
5827  13492.62  13494.94
5828  13494.94  13497.25
5829  13497.25  13499.56
5830  13499.56  13501.88
5831  13501.88  13504.19
5832  13504.19  13506.50
5833  13506.50  13508.81
5834  13508.81  13511.12
5835  13511.12  13513.44
5836  13513.44  13515.75
5837  13515.75  13518.06
5838  13518.06  13520.38
5839  13520.38  13522.69
5840  13522.69  13525.00
5841  13525.00  13527.31
5842  13527.31  13529.62
5843  13529.62  13531.94
5844  13531.94  13534.25
5845  13534.25  13536.56
5846  13536.56  13538.88
5847  13538.88  13541.19
5848  13541.19  13543.50
5849  13543.50  13545.81
5850  13545.81  13548.12
5851  13548.12  13550.44
5852  13550.44  13552.75
5853  13552.75  13555.06
5854  13555.06  13557.38
5855  13557.38  13559.69
5856  13559.69  13562.00
5857  13562.00  13564.31
5858  13564.31  13566.62
5859  13566.62  13568.94
5860  13568.94  13571.25
5861  13571.25  13573.56
5862  13573.56  13575.88
5863  13575.88  13578.19
5864  13578.19  13580.50
5865  13580.50  13582.81
5866  13582.81  13585.12
5867  13585.12  13587.44
5868  13587.44  13589.75
5869  13589.75  13592.06
5870  13592.06  13594.38
5871  13594.38  13596.69
5872  13596.69  13599.00
5873  13599.00  13601.31
5874  13601.31  13603.62
5875  13603.62  13605.94
5876  13605.94  13608.25
5877  13608.25  13610.56
5878  13610.56  13612.88
5879  13612.88  13615.19
5880  13615.19  13617.50
5881  13617.50  13619.81
5882  13619.81  13622.12
5883  13622.12  13624.44
5884  13624.44  13626.75
5885  13626.75  13629.06
5886  13629.06  13631.38
5887  13631.38  13633.69
5888  13633.69  13636.00
5889  13636.00  13638.31
5890  13638.31  13640.62
5891  13640.62  13642.94
5892  13642.94  13645.25
5893  13645.25  13647.56
5894  13647.56  13649.88
5895  13649.88  13652.19
5896  13652.19  13654.50
5897  13654.50  13656.81
5898  13656.81  13659.12
5899  13659.12  13661.44
5900  13661.44  13663.75
5901  13663.75  13666.06
5902  13666.06  13668.38
5903  13668.38  13670.69
5904  13670.69  13673.00
5905  13673.00  13675.31
5906  13675.31  13677.62
5907  13677.62  13679.94
5908  13679.94  13682.25
5909  13682.25  13684.56
5910  13684.56  13686.88
5911  13686.88  13689.19
5912  13689.19  13691.50
5913  13691.50  13693.81
5914  13693.81  13696.12
5915  13696.12  13698.44
5916  13698.44  13700.75
5917  13700.75  13703.06
5918  13703.06  13705.38
5919  13705.38  13707.69
5920  13707.69  13710.00
5921  13710.00  13712.31
5922  13712.31  13714.62
5923  13714.62  13716.94
5924  13716.94  13719.25
5925  13719.25  13721.56
5926  13721.56  13723.88
5927  13723.88  13726.19
5928  13726.19  13728.50
5929  13728.50  13730.81
5930  13730.81  13733.12
5931  13733.12  13735.44
5932  13735.44  13737.75
5933  13737.75  13740.06
5934  13740.06  13742.38
5935  13742.38  13744.69
5936  13744.69  13747.00
5937  13747.00  13749.31
5938  13749.31  13751.62
5939  13751.62  13753.94
5940  13753.94  13756.25
5941  13756.25  13758.56
5942  13758.56  13760.88
5943  13760.88  13763.19
5944  13763.19  13765.50
5945  13765.50  13767.81
5946  13767.81  13770.12
5947  13770.12  13772.44
5948  13772.44  13774.75
5949  13774.75  13777.06
5950  13777.06  13779.38
5951  13779.38  13781.69
5952  13781.69  13784.00
5953  13784.00  13786.31
5954  13786.31  13788.62
5955  13788.62  13790.94
5956  13790.94  13793.25
5957  13793.25  13795.56
5958  13795.56  13797.88
5959  13797.88  13800.19
5960  13800.19  13802.50
5961  13802.50  13804.81
5962  13804.81  13807.12
5963  13807.12  13809.44
5964  13809.44  13811.75
5965  13811.75  13814.06
5966  13814.06  13816.38
5967  13816.38  13818.69
5968  13818.69  13821.00
5969  13821.00  13823.31
5970  13823.31  13825.62
5971  13825.62  13827.94
5972  13827.94  13830.25
5973  13830.25  13832.56
5974  13832.56  13834.88
5975  13834.88  13837.19
5976  13837.19  13839.50
5977  13839.50  13841.81
5978  13841.81  13844.12
5979  13844.12  13846.44
5980  13846.44  13848.75
5981  13848.75  13851.06
5982  13851.06  13853.38
5983  13853.38  13855.69
5984  13855.69  13858.00
5985  13858.00  13860.31
5986  13860.31  13862.62
5987  13862.62  13864.94
5988  13864.94  13867.25
5989  13867.25  13869.56
5990  13869.56  13871.88
5991  13871.88  13874.19
5992  13874.19  13876.50
5993  13876.50  13878.81
5994  13878.81  13881.12
5995  13881.12  13883.44
5996  13883.44  13885.75
5997  13885.75  13888.06
5998  13888.06  13890.38
5999  13890.38  13892.69
6000  13892.69  13895.00
6001  13895.00  13897.31
6002  13897.31  13899.62
6003  13899.62  13901.94
6004  13901.94  13904.25
6005  13904.25  13906.56
6006  13906.56  13908.88
6007  13908.88  13911.19
6008  13911.19  13913.50
6009  13913.50  13915.81
6010  13915.81  13918.12
6011  13918.12  13920.44
6012  13920.44  13922.75
6013  13922.75  13925.06
6014  13925.06  13927.38
6015  13927.38  13929.69
6016  13929.69  13932.00
6017  13932.00  13934.31
6018  13934.31  13936.62
6019  13936.62  13938.94
6020  13938.94  13941.25
6021  13941.25  13943.56
6022  13943.56  13945.88
6023  13945.88  13948.19
6024  13948.19  13950.50
6025  13950.50  13952.81
6026  13952.81  13955.12
6027  13955.12  13957.44
6028  13957.44  13959.75
6029  13959.75  13962.06
6030  13962.06  13964.38
6031  13964.38  13966.69
6032  13966.69  13969.00
6033  13969.00  13971.31
6034  13971.31  13973.62
6035  13973.62  13975.94
6036  13975.94  13978.25
6037  13978.25  13980.56
6038  13980.56  13982.88
6039  13982.88  13985.19
6040  13985.19  13987.50
6041  13987.50  13989.81
6042  13989.81  13992.12
6043  13992.12  13994.44
6044  13994.44  13996.75
6045  13996.75  13999.06
6046  13999.06  14001.38
6047  14001.38  14003.69
6048  14003.69  14006.00
6049  14006.00  14008.31
6050  14008.31  14010.62
6051  14010.62  14012.94
6052  14012.94  14015.25
6053  14015.25  14017.56
6054  14017.56  14019.88
6055  14019.88  14022.19
6056  14022.19  14024.50
6057  14024.50  14026.81
6058  14026.81  14029.12
6059  14029.12  14031.44
6060  14031.44  14033.75
6061  14033.75  14036.06
6062  14036.06  14038.38
6063  14038.38  14040.69
6064  14040.69  14043.00
6065  14043.00  14045.31
6066  14045.31  14047.62
6067  14047.62  14049.94
6068  14049.94  14052.25
6069  14052.25  14054.56
6070  14054.56  14056.88
6071  14056.88  14059.19
6072  14059.19  14061.50
6073  14061.50  14063.81
6074  14063.81  14066.12
6075  14066.12  14068.44
6076  14068.44  14070.75
6077  14070.75  14073.06
6078  14073.06  14075.38
6079  14075.38  14077.69
6080  14077.69  14080.00
6081  14080.00  14082.31
6082  14082.31  14084.62
6083  14084.62  14086.94
6084  14086.94  14089.25
6085  14089.25  14091.56
6086  14091.56  14093.88
6087  14093.88  14096.19
6088  14096.19  14098.50
6089  14098.50  14100.81
6090  14100.81  14103.12
6091  14103.12  14105.44
6092  14105.44  14107.75
6093  14107.75  14110.06
6094  14110.06  14112.38
6095  14112.38  14114.69
6096  14114.69  14117.00
6097  14117.00  14119.31
6098  14119.31  14121.62
6099  14121.62  14123.94
6100  14123.94  14126.25
6101  14126.25  14128.56
6102  14128.56  14130.88
6103  14130.88  14133.19
6104  14133.19  14135.50
6105  14135.50  14137.81
6106  14137.81  14140.12
6107  14140.12  14142.44
6108  14142.44  14144.75
6109  14144.75  14147.06
6110  14147.06  14149.38
6111  14149.38  14151.69
6112  14151.69  14154.00
6113  14154.00  14156.31
6114  14156.31  14158.62
6115  14158.62  14160.94
6116  14160.94  14163.25
6117  14163.25  14165.56
6118  14165.56  14167.88
6119  14167.88  14170.19
6120  14170.19  14172.50
6121  14172.50  14174.81
6122  14174.81  14177.12
6123  14177.12  14179.44
6124  14179.44  14181.75
6125  14181.75  14184.06
6126  14184.06  14186.38
6127  14186.38  14188.69
6128  14188.69  14191.00
6129  14191.00  14193.31
6130  14193.31  14195.62
6131  14195.62  14197.94
6132  14197.94  14200.25
6133  14200.25  14202.56
6134  14202.56  14204.88
6135  14204.88  14207.19
6136  14207.19  14209.50
6137  14209.50  14211.81
6138  14211.81  14214.12
6139  14214.12  14216.44
6140  14216.44  14218.75
6141  14218.75  14221.06
6142  14221.06  14223.38
6143  14223.38  14225.69
6144  14225.69  14228.00
6145  14228.00  14230.31
6146  14230.31  14232.62
6147  14232.62  14234.94
6148  14234.94  14237.25
6149  14237.25  14239.56
6150  14239.56  14241.88
6151  14241.88  14244.19
6152  14244.19  14246.50
6153  14246.50  14248.81
6154  14248.81  14251.12
6155  14251.12  14253.44
6156  14253.44  14255.75
6157  14255.75  14258.06
6158  14258.06  14260.38
6159  14260.38  14262.69
6160  14262.69  14265.00
6161  14265.00  14267.31
6162  14267.31  14269.62
6163  14269.62  14271.94
6164  14271.94  14274.25
6165  14274.25  14276.56
6166  14276.56  14278.88
6167  14278.88  14281.19
6168  14281.19  14283.50
6169  14283.50  14285.81
6170  14285.81  14288.12
6171  14288.12  14290.44
6172  14290.44  14292.75
6173  14292.75  14295.06
6174  14295.06  14297.38
6175  14297.38  14299.69
6176  14299.69  14302.00
6177  14302.00  14304.31
6178  14304.31  14306.62
6179  14306.62  14308.94
6180  14308.94  14311.25
6181  14311.25  14313.56
6182  14313.56  14315.88
6183  14315.88  14318.19
6184  14318.19  14320.50
6185  14320.50  14322.81
6186  14322.81  14325.12
6187  14325.12  14327.44
6188  14327.44  14329.75
6189  14329.75  14332.06
6190  14332.06  14334.38
6191  14334.38  14336.69
6192  14336.69  14339.00
6193  14339.00  14341.31
6194  14341.31  14343.62
6195  14343.62  14345.94
6196  14345.94  14348.25
6197  14348.25  14350.56
6198  14350.56  14352.88
6199  14352.88  14355.19
6200  14355.19  14357.50
6201  14357.50  14359.81
6202  14359.81  14362.12
6203  14362.12  14364.44
6204  14364.44  14366.75
6205  14366.75  14369.06
6206  14369.06  14371.38
6207  14371.38  14373.69
6208  14373.69  14376.00
6209  14376.00  14378.31
6210  14378.31  14380.62
6211  14380.62  14382.94
6212  14382.94  14385.25
6213  14385.25  14387.56
6214  14387.56  14389.88
6215  14389.88  14392.19
6216  14392.19  14394.50
6217  14394.50  14396.81
6218  14396.81  14399.12
6219  14399.12  14401.44
6220  14401.44  14403.75
6221  14403.75  14406.06
6222  14406.06  14408.38
6223  14408.38  14410.69
6224  14410.69  14413.00
6225  14413.00  14415.31
6226  14415.31  14417.62
6227  14417.62  14419.94
6228  14419.94  14422.25
6229  14422.25  14424.56
6230  14424.56  14426.88
6231  14426.88  14429.19
6232  14429.19  14431.50
6233  14431.50  14433.81
6234  14433.81  14436.12
6235  14436.12  14438.44
6236  14438.44  14440.75
6237  14440.75  14443.06
6238  14443.06  14445.38
6239  14445.38  14447.69
6240  14447.69  14450.00
6241  14450.00  14452.31
6242  14452.31  14454.62
6243  14454.62  14456.94
6244  14456.94  14459.25
6245  14459.25  14461.56
6246  14461.56  14463.88
6247  14463.88  14466.19
6248  14466.19  14468.50
6249  14468.50  14470.81
6250  14470.81  14473.12
6251  14473.12  14475.44
6252  14475.44  14477.75
6253  14477.75  14480.06
6254  14480.06  14482.38
6255  14482.38  14484.69
6256  14484.69  14487.00
6257  14487.00  14489.31
6258  14489.31  14491.62
6259  14491.62  14493.94
6260  14493.94  14496.25
6261  14496.25  14498.56
6262  14498.56  14500.88
6263  14500.88  14503.19
6264  14503.19  14505.50
6265  14505.50  14507.81
6266  14507.81  14510.12
6267  14510.12  14512.44
6268  14512.44  14514.75
6269  14514.75  14517.06
6270  14517.06  14519.38
6271  14519.38  14521.69
6272  14521.69  14524.00
6273  14524.00  14526.31
6274  14526.31  14528.62
6275  14528.62  14530.94
6276  14530.94  14533.25
6277  14533.25  14535.56
6278  14535.56  14537.88
6279  14537.88  14540.19
6280  14540.19  14542.50
6281  14542.50  14544.81
6282  14544.81  14547.12
6283  14547.12  14549.44
6284  14549.44  14551.75
6285  14551.75  14554.06
6286  14554.06  14556.38
6287  14556.38  14558.69
6288  14558.69  14561.00
6289  14561.00  14563.31
6290  14563.31  14565.62
6291  14565.62  14567.94
6292  14567.94  14570.25
6293  14570.25  14572.56
6294  14572.56  14574.88
6295  14574.88  14577.19
6296  14577.19  14579.50
6297  14579.50  14581.81
6298  14581.81  14584.12
6299  14584.12  14586.44
6300  14586.44  14588.75
6301  14588.75  14591.06
6302  14591.06  14593.38
6303  14593.38  14595.69
6304  14595.69  14598.00
6305  14598.00  14600.31
6306  14600.31  14602.62
6307  14602.62  14604.94
6308  14604.94  14607.25
6309  14607.25  14609.56
6310  14609.56  14611.88
6311  14611.88  14614.19
6312  14614.19  14616.50
6313  14616.50  14618.81
6314  14618.81  14621.12
6315  14621.12  14623.44
6316  14623.44  14625.75
6317  14625.75  14628.06
6318  14628.06  14630.38
6319  14630.38  14632.69
6320  14632.69  14635.00
6321  14635.00  14637.31
6322  14637.31  14639.62
6323  14639.62  14641.94
6324  14641.94  14644.25
6325  14644.25  14646.56
6326  14646.56  14648.88
6327  14648.88  14651.19
6328  14651.19  14653.50
6329  14653.50  14655.81
6330  14655.81  14658.12
6331  14658.12  14660.44
6332  14660.44  14662.75
6333  14662.75  14665.06
6334  14665.06  14667.38
6335  14667.38  14669.69
6336  14669.69  14672.00
6337  14672.00  14674.31
6338  14674.31  14676.62
6339  14676.62  14678.94
6340  14678.94  14681.25
6341  14681.25  14683.56
6342  14683.56  14685.88
6343  14685.88  14688.19
6344  14688.19  14690.50
6345  14690.50  14692.81
6346  14692.81  14695.12
6347  14695.12  14697.44
6348  14697.44  14699.75
6349  14699.75  14702.06
6350  14702.06  14704.38
6351  14704.38  14706.69
6352  14706.69  14709.00
6353  14709.00  14711.31
6354  14711.31  14713.62
6355  14713.62  14715.94
6356  14715.94  14718.25
6357  14718.25  14720.56
6358  14720.56  14722.88
6359  14722.88  14725.19
6360  14725.19  14727.50
6361  14727.50  14729.81
6362  14729.81  14732.12
6363  14732.12  14734.44
6364  14734.44  14736.75
6365  14736.75  14739.06
6366  14739.06  14741.38
6367  14741.38  14743.69
6368  14743.69  14746.00
6369  14746.00  14748.31
6370  14748.31  14750.62
6371  14750.62  14752.94
6372  14752.94  14755.25
6373  14755.25  14757.56
6374  14757.56  14759.88
6375  14759.88  14762.19
6376  14762.19  14764.50
6377  14764.50  14766.81
6378  14766.81  14769.12
6379  14769.12  14771.44
6380  14771.44  14773.75
6381  14773.75  14776.06
6382  14776.06  14778.38
6383  14778.38  14780.69
6384  14780.69  14783.00
6385  14783.00  14785.31
6386  14785.31  14787.62
6387  14787.62  14789.94
6388  14789.94  14792.25
6389  14792.25  14794.56
6390  14794.56  14796.88
6391  14796.88  14799.19
6392  14799.19  14801.50
6393  14801.50  14803.81
6394  14803.81  14806.12
6395  14806.12  14808.44
6396  14808.44  14810.75
6397  14810.75  14813.06
6398  14813.06  14815.38
6399  14815.38  14817.69
6400  14817.69  14820.00
6401  14820.00  14822.31
6402  14822.31  14824.62
6403  14824.62  14826.94
6404  14826.94  14829.25
6405  14829.25  14831.56
6406  14831.56  14833.88
6407  14833.88  14836.19
6408  14836.19  14838.50
6409  14838.50  14840.81
6410  14840.81  14843.12
6411  14843.12  14845.44
6412  14845.44  14847.75
6413  14847.75  14850.06
6414  14850.06  14852.38
6415  14852.38  14854.69
6416  14854.69  14857.00
6417  14857.00  14859.31
6418  14859.31  14861.62
6419  14861.62  14863.94
6420  14863.94  14866.25
6421  14866.25  14868.56
6422  14868.56  14870.88
6423  14870.88  14873.19
6424  14873.19  14875.50
6425  14875.50  14877.81
6426  14877.81  14880.12
6427  14880.12  14882.44
6428  14882.44  14884.75
6429  14884.75  14887.06
6430  14887.06  14889.38
6431  14889.38  14891.69
6432  14891.69  14894.00
6433  14894.00  14896.31
6434  14896.31  14898.62
6435  14898.62  14900.94
6436  14900.94  14903.25
6437  14903.25  14905.56
6438  14905.56  14907.88
6439  14907.88  14910.19
6440  14910.19  14912.50
6441  14912.50  14914.81
6442  14914.81  14917.12
6443  14917.12  14919.44
6444  14919.44  14921.75
6445  14921.75  14924.06
6446  14924.06  14926.38
6447  14926.38  14928.69
6448  14928.69  14931.00
6449  14931.00  14933.31
6450  14933.31  14935.62
6451  14935.62  14937.94
6452  14937.94  14940.25
6453  14940.25  14942.56
6454  14942.56  14944.88
6455  14944.88  14947.19
6456  14947.19  14949.50
6457  14949.50  14951.81
6458  14951.81  14954.12
6459  14954.12  14956.44
6460  14956.44  14958.75
6461  14958.75  14961.06
6462  14961.06  14963.38
6463  14963.38  14965.69
6464  14965.69  14968.00
6465  14968.00  14970.31
6466  14970.31  14972.62
6467  14972.62  14974.94
6468  14974.94  14977.25
6469  14977.25  14979.56
6470  14979.56  14981.88
6471  14981.88  14984.19
6472  14984.19  14986.50
6473  14986.50  14988.81
6474  14988.81  14991.12
6475  14991.12  14993.44
6476  14993.44  14995.75
6477  14995.75  14998.06
6478  14998.06  15000.38
6479  15000.38  15002.69
6480  15002.69  15005.00
6481  15005.00  15007.31
6482  15007.31  15009.62
6483  15009.62  15011.94
6484  15011.94  15014.25
6485  15014.25  15016.56
6486  15016.56  15018.88
6487  15018.88  15021.19
6488  15021.19  15023.50
6489  15023.50  15025.81
6490  15025.81  15028.12
6491  15028.12  15030.44
6492  15030.44  15032.75
6493  15032.75  15035.06
6494  15035.06  15037.38
6495  15037.38  15039.69
6496  15039.69  15042.00
6497  15042.00  15044.31
6498  15044.31  15046.62
6499  15046.62  15048.94
6500  15048.94  15051.25
6501  15051.25  15053.56
6502  15053.56  15055.88
6503  15055.88  15058.19
6504  15058.19  15060.50
6505  15060.50  15062.81
6506  15062.81  15065.12
6507  15065.12  15067.44
6508  15067.44  15069.75
6509  15069.75  15072.06
6510  15072.06  15074.38
6511  15074.38  15076.69
6512  15076.69  15079.00
6513  15079.00  15081.31
6514  15081.31  15083.62
6515  15083.62  15085.94
6516  15085.94  15088.25
6517  15088.25  15090.56
6518  15090.56  15092.88
6519  15092.88  15095.19
6520  15095.19  15097.50
6521  15097.50  15099.81
6522  15099.81  15102.12
6523  15102.12  15104.44
6524  15104.44  15106.75
6525  15106.75  15109.06
6526  15109.06  15111.38
6527  15111.38  15113.69
6528  15113.69  15116.00
6529  15116.00  15118.31
6530  15118.31  15120.62
6531  15120.62  15122.94
6532  15122.94  15125.25
6533  15125.25  15127.56
6534  15127.56  15129.88
6535  15129.88  15132.19
6536  15132.19  15134.50
6537  15134.50  15136.81
6538  15136.81  15139.12
6539  15139.12  15141.44
6540  15141.44  15143.75
6541  15143.75  15146.06
6542  15146.06  15148.38
6543  15148.38  15150.69
6544  15150.69  15153.00
6545  15153.00  15155.31
6546  15155.31  15157.62
6547  15157.62  15159.94
6548  15159.94  15162.25
6549  15162.25  15164.56
6550  15164.56  15166.88
6551  15166.88  15169.19
6552  15169.19  15171.50
6553  15171.50  15173.81
6554  15173.81  15176.12
6555  15176.12  15178.44
6556  15178.44  15180.75
6557  15180.75  15183.06
6558  15183.06  15185.38
6559  15185.38  15187.69
6560  15187.69  15190.00
6561  15190.00  15192.31
6562  15192.31  15194.62
6563  15194.62  15196.94
6564  15196.94  15199.25
6565  15199.25  15201.56
6566  15201.56  15203.88
6567  15203.88  15206.19
6568  15206.19  15208.50
6569  15208.50  15210.81
6570  15210.81  15213.12
6571  15213.12  15215.44
6572  15215.44  15217.75
6573  15217.75  15220.06
6574  15220.06  15222.38
6575  15222.38  15224.69
6576  15224.69  15227.00
6577  15227.00  15229.31
6578  15229.31  15231.62
6579  15231.62  15233.94
6580  15233.94  15236.25
6581  15236.25  15238.56
6582  15238.56  15240.88
6583  15240.88  15243.19
6584  15243.19  15245.50
6585  15245.50  15247.81
6586  15247.81  15250.12
6587  15250.12  15252.44
6588  15252.44  15254.75
6589  15254.75  15257.06
6590  15257.06  15259.38
6591  15259.38  15261.69
6592  15261.69  15264.00
6593  15264.00  15266.31
6594  15266.31  15268.62
6595  15268.62  15270.94
6596  15270.94  15273.25
6597  15273.25  15275.56
6598  15275.56  15277.88
6599  15277.88  15280.19
6600  15280.19  15282.50
6601  15282.50  15284.81
6602  15284.81  15287.12
6603  15287.12  15289.44
6604  15289.44  15291.75
6605  15291.75  15294.06
6606  15294.06  15296.38
6607  15296.38  15298.69
6608  15298.69  15301.00
6609  15301.00  15303.31
6610  15303.31  15305.62
6611  15305.62  15307.94
6612  15307.94  15310.25
6613  15310.25  15312.56
6614  15312.56  15314.88
6615  15314.88  15317.19
6616  15317.19  15319.50
6617  15319.50  15321.81
6618  15321.81  15324.12
6619  15324.12  15326.44
6620  15326.44  15328.75
6621  15328.75  15331.06
6622  15331.06  15333.38
6623  15333.38  15335.69
6624  15335.69  15338.00
6625  15338.00  15340.31
6626  15340.31  15342.62
6627  15342.62  15344.94
6628  15344.94  15347.25
6629  15347.25  15349.56
6630  15349.56  15351.88
6631  15351.88  15354.19
6632  15354.19  15356.50
6633  15356.50  15358.81
6634  15358.81  15361.12
6635  15361.12  15363.44
6636  15363.44  15365.75
6637  15365.75  15368.06
6638  15368.06  15370.38
6639  15370.38  15372.69
6640  15372.69  15375.00
6641  15375.00  15377.31
6642  15377.31  15379.62
6643  15379.62  15381.94
6644  15381.94  15384.25
6645  15384.25  15386.56
6646  15386.56  15388.88
6647  15388.88  15391.19
6648  15391.19  15393.50
6649  15393.50  15395.81
6650  15395.81  15398.12
6651  15398.12  15400.44
6652  15400.44  15402.75
6653  15402.75  15405.06
6654  15405.06  15407.38
6655  15407.38  15409.69
6656  15409.69  15412.00
6657  15412.00  15414.31
6658  15414.31  15416.62
6659  15416.62  15418.94
6660  15418.94  15421.25
6661  15421.25  15423.56
6662  15423.56  15425.88
6663  15425.88  15428.19
6664  15428.19  15430.50
6665  15430.50  15432.81
6666  15432.81  15435.12
6667  15435.12  15437.44
6668  15437.44  15439.75
6669  15439.75  15442.06
6670  15442.06  15444.38
6671  15444.38  15446.69
6672  15446.69  15449.00
6673  15449.00  15451.31
6674  15451.31  15453.62
6675  15453.62  15455.94
6676  15455.94  15458.25
6677  15458.25  15460.56
6678  15460.56  15462.88
6679  15462.88  15465.19
6680  15465.19  15467.50
6681  15467.50  15469.81
6682  15469.81  15472.12
6683  15472.12  15474.44
6684  15474.44  15476.75
6685  15476.75  15479.06
6686  15479.06  15481.38
6687  15481.38  15483.69
6688  15483.69  15486.00
6689  15486.00  15488.31
6690  15488.31  15490.62
6691  15490.62  15492.94
6692  15492.94  15495.25
6693  15495.25  15497.56
6694  15497.56  15499.88
6695  15499.88  15502.19
6696  15502.19  15504.50
6697  15504.50  15506.81
6698  15506.81  15509.12
6699  15509.12  15511.44
6700  15511.44  15513.75
6701  15513.75  15516.06
6702  15516.06  15518.38
6703  15518.38  15520.69
6704  15520.69  15523.00
6705  15523.00  15525.31
6706  15525.31  15527.62
6707  15527.62  15529.94
6708  15529.94  15532.25
6709  15532.25  15534.56
6710  15534.56  15536.88
6711  15536.88  15539.19
6712  15539.19  15541.50
6713  15541.50  15543.81
6714  15543.81  15546.12
6715  15546.12  15548.44
6716  15548.44  15550.75
6717  15550.75  15553.06
6718  15553.06  15555.38
6719  15555.38  15557.69
6720  15557.69  15560.00
6721  15560.00  15562.31
6722  15562.31  15564.62
6723  15564.62  15566.94
6724  15566.94  15569.25
6725  15569.25  15571.56
6726  15571.56  15573.88
6727  15573.88  15576.19
6728  15576.19  15578.50
6729  15578.50  15580.81
6730  15580.81  15583.12
6731  15583.12  15585.44
6732  15585.44  15587.75
6733  15587.75  15590.06
6734  15590.06  15592.38
6735  15592.38  15594.69
6736  15594.69  15597.00
6737  15597.00  15599.31
6738  15599.31  15601.62
6739  15601.62  15603.94
6740  15603.94  15606.25
6741  15606.25  15608.56
6742  15608.56  15610.88
6743  15610.88  15613.19
6744  15613.19  15615.50
6745  15615.50  15617.81
6746  15617.81  15620.12
6747  15620.12  15622.44
6748  15622.44  15624.75
6749  15624.75  15627.06
6750  15627.06  15629.38
6751  15629.38  15631.69
6752  15631.69  15634.00
6753  15634.00  15636.31
6754  15636.31  15638.62
6755  15638.62  15640.94
6756  15640.94  15643.25
6757  15643.25  15645.56
6758  15645.56  15647.88
6759  15647.88  15650.19
6760  15650.19  15652.50
6761  15652.50  15654.81
6762  15654.81  15657.12
6763  15657.12  15659.44
6764  15659.44  15661.75
6765  15661.75  15664.06
6766  15664.06  15666.38
6767  15666.38  15668.69
6768  15668.69  15671.00
6769  15671.00  15673.31
6770  15673.31  15675.62
6771  15675.62  15677.94
6772  15677.94  15680.25
6773  15680.25  15682.56
6774  15682.56  15684.88
6775  15684.88  15687.19
6776  15687.19  15689.50
6777  15689.50  15691.81
6778  15691.81  15694.12
6779  15694.12  15696.44
6780  15696.44  15698.75
6781  15698.75  15701.06
6782  15701.06  15703.38
6783  15703.38  15705.69
6784  15705.69  15708.00
6785  15708.00  15710.31
6786  15710.31  15712.62
6787  15712.62  15714.94
6788  15714.94  15717.25
6789  15717.25  15719.56
6790  15719.56  15721.88
6791  15721.88  15724.19
6792  15724.19  15726.50
6793  15726.50  15728.81
6794  15728.81  15731.12
6795  15731.12  15733.44
6796  15733.44  15735.75
6797  15735.75  15738.06
6798  15738.06  15740.38
6799  15740.38  15742.69
6800  15742.69  15745.00
6801  15745.00  15747.31
6802  15747.31  15749.62
6803  15749.62  15751.94
6804  15751.94  15754.25
6805  15754.25  15756.56
6806  15756.56  15758.88
6807  15758.88  15761.19
6808  15761.19  15763.50
6809  15763.50  15765.81
6810  15765.81  15768.12
6811  15768.12  15770.44
6812  15770.44  15772.75
6813  15772.75  15775.06
6814  15775.06  15777.38
6815  15777.38  15779.69
6816  15779.69  15782.00
6817  15782.00  15784.31
6818  15784.31  15786.62
6819  15786.62  15788.94
6820  15788.94  15791.25
6821  15791.25  15793.56
6822  15793.56  15795.88
6823  15795.88  15798.19
6824  15798.19  15800.50
6825  15800.50  15802.81
6826  15802.81  15805.12
6827  15805.12  15807.44
6828  15807.44  15809.75
6829  15809.75  15812.06
6830  15812.06  15814.38
6831  15814.38  15816.69
6832  15816.69  15819.00
6833  15819.00  15821.31
6834  15821.31  15823.62
6835  15823.62  15825.94
6836  15825.94  15828.25
6837  15828.25  15830.56
6838  15830.56  15832.88
6839  15832.88  15835.19
6840  15835.19  15837.50
6841  15837.50  15839.81
6842  15839.81  15842.12
6843  15842.12  15844.44
6844  15844.44  15846.75
6845  15846.75  15849.06
6846  15849.06  15851.38
6847  15851.38  15853.69
6848  15853.69  15856.00
6849  15856.00  15858.31
6850  15858.31  15860.62
6851  15860.62  15862.94
6852  15862.94  15865.25
6853  15865.25  15867.56
6854  15867.56  15869.88
6855  15869.88  15872.19
6856  15872.19  15874.50
6857  15874.50  15876.81
6858  15876.81  15879.12
6859  15879.12  15881.44
6860  15881.44  15883.75
6861  15883.75  15886.06
6862  15886.06  15888.38
6863  15888.38  15890.69
6864  15890.69  15893.00
6865  15893.00  15895.31
6866  15895.31  15897.62
6867  15897.62  15899.94
6868  15899.94  15902.25
6869  15902.25  15904.56
6870  15904.56  15906.88
6871  15906.88  15909.19
6872  15909.19  15911.50
6873  15911.50  15913.81
6874  15913.81  15916.12
6875  15916.12  15918.44
6876  15918.44  15920.75
6877  15920.75  15923.06
6878  15923.06  15925.38
6879  15925.38  15927.69
6880  15927.69  15930.00
6881  15930.00  15932.31
6882  15932.31  15934.62
6883  15934.62  15936.94
6884  15936.94  15939.25
6885  15939.25  15941.56
6886  15941.56  15943.88
6887  15943.88  15946.19
6888  15946.19  15948.50
6889  15948.50  15950.81
6890  15950.81  15953.12
6891  15953.12  15955.44
6892  15955.44  15957.75
6893  15957.75  15960.06
6894  15960.06  15962.38
6895  15962.38  15964.69
6896  15964.69  15967.00
6897  15967.00  15969.31
6898  15969.31  15971.62
6899  15971.62  15973.94
6900  15973.94  15976.25
6901  15976.25  15978.56
6902  15978.56  15980.88
6903  15980.88  15983.19
6904  15983.19  15985.50
6905  15985.50  15987.81
6906  15987.81  15990.12
6907  15990.12  15992.44
6908  15992.44  15994.75
6909  15994.75  15997.06
6910  15997.06  15999.38
6911  15999.38  16001.69
6912  16001.69  16004.00
6913  16004.00  16006.31
6914  16006.31  16008.62
6915  16008.62  16010.94
6916  16010.94  16013.25
6917  16013.25  16015.56
6918  16015.56  16017.88
6919  16017.88  16020.19
6920  16020.19  16022.50
6921  16022.50  16024.81
6922  16024.81  16027.12
6923  16027.12  16029.44
6924  16029.44  16031.75
6925  16031.75  16034.06
6926  16034.06  16036.38
6927  16036.38  16038.69
6928  16038.69  16041.00
6929  16041.00  16043.31
6930  16043.31  16045.62
6931  16045.62  16047.94
6932  16047.94  16050.25
6933  16050.25  16052.56
6934  16052.56  16054.88
6935  16054.88  16057.19
6936  16057.19  16059.50
6937  16059.50  16061.81
6938  16061.81  16064.12
6939  16064.12  16066.44
6940  16066.44  16068.75
6941  16068.75  16071.06
6942  16071.06  16073.38
6943  16073.38  16075.69
6944  16075.69  16078.00
6945  16078.00  16080.31
6946  16080.31  16082.62
6947  16082.62  16084.94
6948  16084.94  16087.25
6949  16087.25  16089.56
6950  16089.56  16091.88
6951  16091.88  16094.19
6952  16094.19  16096.50
6953  16096.50  16098.81
6954  16098.81  16101.12
6955  16101.12  16103.44
6956  16103.44  16105.75
6957  16105.75  16108.06
6958  16108.06  16110.38
6959  16110.38  16112.69
6960  16112.69  16115.00
6961  16115.00  16117.31
6962  16117.31  16119.62
6963  16119.62  16121.94
6964  16121.94  16124.25
6965  16124.25  16126.56
6966  16126.56  16128.88
6967  16128.88  16131.19
6968  16131.19  16133.50
6969  16133.50  16135.81
6970  16135.81  16138.12
6971  16138.12  16140.44
6972  16140.44  16142.75
6973  16142.75  16145.06
6974  16145.06  16147.38
6975  16147.38  16149.69
6976  16149.69  16152.00
6977  16152.00  16154.31
6978  16154.31  16156.62
6979  16156.62  16158.94
6980  16158.94  16161.25
6981  16161.25  16163.56
6982  16163.56  16165.88
6983  16165.88  16168.19
6984  16168.19  16170.50
6985  16170.50  16172.81
6986  16172.81  16175.12
6987  16175.12  16177.44
6988  16177.44  16179.75
6989  16179.75  16182.06
6990  16182.06  16184.38
6991  16184.38  16186.69
6992  16186.69  16189.00
6993  16189.00  16191.31
6994  16191.31  16193.62
6995  16193.62  16195.94
6996  16195.94  16198.25
6997  16198.25  16200.56
6998  16200.56  16202.88
6999  16202.88  16205.19
7000  16205.19  16207.50
7001  16207.50  16209.81
7002  16209.81  16212.12
7003  16212.12  16214.44
7004  16214.44  16216.75
7005  16216.75  16219.06
7006  16219.06  16221.38
7007  16221.38  16223.69
7008  16223.69  16226.00
7009  16226.00  16228.31
7010  16228.31  16230.62
7011  16230.62  16232.94
7012  16232.94  16235.25
7013  16235.25  16237.56
7014  16237.56  16239.88
7015  16239.88  16242.19
7016  16242.19  16244.50
7017  16244.50  16246.81
7018  16246.81  16249.12
7019  16249.12  16251.44
7020  16251.44  16253.75
7021  16253.75  16256.06
7022  16256.06  16258.38
7023  16258.38  16260.69
7024  16260.69  16263.00
7025  16263.00  16265.31
7026  16265.31  16267.62
7027  16267.62  16269.94
7028  16269.94  16272.25
7029  16272.25  16274.56
7030  16274.56  16276.88
7031  16276.88  16279.19
7032  16279.19  16281.50
7033  16281.50  16283.81
7034  16283.81  16286.12
7035  16286.12  16288.44
7036  16288.44  16290.75
7037  16290.75  16293.06
7038  16293.06  16295.38
7039  16295.38  16297.69
7040  16297.69  16300.00
7041  16300.00  16302.31
7042  16302.31  16304.62
7043  16304.62  16306.94
7044  16306.94  16309.25
7045  16309.25  16311.56
7046  16311.56  16313.88
7047  16313.88  16316.19
7048  16316.19  16318.50
7049  16318.50  16320.81
7050  16320.81  16323.12
7051  16323.12  16325.44
7052  16325.44  16327.75
7053  16327.75  16330.06
7054  16330.06  16332.38
7055  16332.38  16334.69
7056  16334.69  16337.00
7057  16337.00  16339.31
7058  16339.31  16341.62
7059  16341.62  16343.94
7060  16343.94  16346.25
7061  16346.25  16348.56
7062  16348.56  16350.88
7063  16350.88  16353.19
7064  16353.19  16355.50
7065  16355.50  16357.81
7066  16357.81  16360.12
7067  16360.12  16362.44
7068  16362.44  16364.75
7069  16364.75  16367.06
7070  16367.06  16369.38
7071  16369.38  16371.69
7072  16371.69  16374.00
7073  16374.00  16376.31
7074  16376.31  16378.62
7075  16378.62  16380.94
7076  16380.94  16383.25
7077  16383.25  16385.56
7078  16385.56  16387.88
7079  16387.88  16390.19
7080  16390.19  16392.50
7081  16392.50  16394.81
7082  16394.81  16397.12
7083  16397.12  16399.44
7084  16399.44  16401.75
7085  16401.75  16404.06
7086  16404.06  16406.38
7087  16406.38  16408.69
7088  16408.69  16411.00
7089  16411.00  16413.31
7090  16413.31  16415.62
7091  16415.62  16417.94
7092  16417.94  16420.25
7093  16420.25  16422.56
7094  16422.56  16424.88
7095  16424.88  16427.19
7096  16427.19  16429.50
7097  16429.50  16431.81
7098  16431.81  16434.12
7099  16434.12  16436.44
7100  16436.44  16438.75
7101  16438.75  16441.06
7102  16441.06  16443.38
7103  16443.38  16445.69
7104  16445.69  16448.00
7105  16448.00  16450.31
7106  16450.31  16452.62
7107  16452.62  16454.94
7108  16454.94  16457.25
7109  16457.25  16459.56
7110  16459.56  16461.88
7111  16461.88  16464.19
7112  16464.19  16466.50
7113  16466.50  16468.81
7114  16468.81  16471.12
7115  16471.12  16473.44
7116  16473.44  16475.75
7117  16475.75  16478.06
7118  16478.06  16480.38
7119  16480.38  16482.69
7120  16482.69  16485.00
7121  16485.00  16487.31
7122  16487.31  16489.62
7123  16489.62  16491.94
7124  16491.94  16494.25
7125  16494.25  16496.56
7126  16496.56  16498.88
7127  16498.88  16501.19
7128  16501.19  16503.50
7129  16503.50  16505.81
7130  16505.81  16508.12
7131  16508.12  16510.44
7132  16510.44  16512.75
7133  16512.75  16515.06
7134  16515.06  16517.38
7135  16517.38  16519.69
7136  16519.69  16522.00
7137  16522.00  16524.31
7138  16524.31  16526.62
7139  16526.62  16528.94
7140  16528.94  16531.25
7141  16531.25  16533.56
7142  16533.56  16535.88
7143  16535.88  16538.19
7144  16538.19  16540.50
7145  16540.50  16542.81
7146  16542.81  16545.12
7147  16545.12  16547.44
7148  16547.44  16549.75
7149  16549.75  16552.06
7150  16552.06  16554.38
7151  16554.38  16556.69
7152  16556.69  16559.00
7153  16559.00  16561.31
7154  16561.31  16563.62
7155  16563.62  16565.94
7156  16565.94  16568.25
7157  16568.25  16570.56
7158  16570.56  16572.88
7159  16572.88  16575.19
7160  16575.19  16577.50
7161  16577.50  16579.81
7162  16579.81  16582.12
7163  16582.12  16584.44
7164  16584.44  16586.75
7165  16586.75  16589.06
7166  16589.06  16591.38
7167  16591.38  16593.69
7168  16593.69  16596.00
7169  16596.00  16598.31
7170  16598.31  16600.62
7171  16600.62  16602.94
7172  16602.94  16605.25
7173  16605.25  16607.56
7174  16607.56  16609.88
7175  16609.88  16612.19
7176  16612.19  16614.50
7177  16614.50  16616.81
7178  16616.81  16619.12
7179  16619.12  16621.44
7180  16621.44  16623.75
7181  16623.75  16626.06
7182  16626.06  16628.38
7183  16628.38  16630.69
7184  16630.69  16633.00
7185  16633.00  16635.31
7186  16635.31  16637.62
7187  16637.62  16639.94
7188  16639.94  16642.25
7189  16642.25  16644.56
7190  16644.56  16646.88
7191  16646.88  16649.19
7192  16649.19  16651.50
7193  16651.50  16653.81
7194  16653.81  16656.12
7195  16656.12  16658.44
7196  16658.44  16660.75
7197  16660.75  16663.06
7198  16663.06  16665.38
7199  16665.38  16667.69
7200  16667.69  16670.00
7201  16670.00  16672.31
7202  16672.31  16674.62
7203  16674.62  16676.94
7204  16676.94  16679.25
7205  16679.25  16681.56
7206  16681.56  16683.88
7207  16683.88  16686.19
7208  16686.19  16688.50
7209  16688.50  16690.81
7210  16690.81  16693.12
7211  16693.12  16695.44
7212  16695.44  16697.75
7213  16697.75  16700.06
7214  16700.06  16702.38
7215  16702.38  16704.69
7216  16704.69  16707.00
7217  16707.00  16709.31
7218  16709.31  16711.62
7219  16711.62  16713.94
7220  16713.94  16716.25
7221  16716.25  16718.56
7222  16718.56  16720.88
7223  16720.88  16723.19
7224  16723.19  16725.50
7225  16725.50  16727.81
7226  16727.81  16730.12
7227  16730.12  16732.44
7228  16732.44  16734.75
7229  16734.75  16737.06
7230  16737.06  16739.38
7231  16739.38  16741.69
7232  16741.69  16744.00
7233  16744.00  16746.31
7234  16746.31  16748.62
7235  16748.62  16750.94
7236  16750.94  16753.25
7237  16753.25  16755.56
7238  16755.56  16757.88
7239  16757.88  16760.19
7240  16760.19  16762.50
7241  16762.50  16764.81
7242  16764.81  16767.12
7243  16767.12  16769.44
7244  16769.44  16771.75
7245  16771.75  16774.06
7246  16774.06  16776.38
7247  16776.38  16778.69
7248  16778.69  16781.00
7249  16781.00  16783.31
7250  16783.31  16785.62
7251  16785.62  16787.94
7252  16787.94  16790.25
7253  16790.25  16792.56
7254  16792.56  16794.88
7255  16794.88  16797.19
7256  16797.19  16799.50
7257  16799.50  16801.81
7258  16801.81  16804.12
7259  16804.12  16806.44
7260  16806.44  16808.75
7261  16808.75  16811.06
7262  16811.06  16813.38
7263  16813.38  16815.69
7264  16815.69  16818.00
7265  16818.00  16820.31
7266  16820.31  16822.62
7267  16822.62  16824.94
7268  16824.94  16827.25
7269  16827.25  16829.56
7270  16829.56  16831.88
7271  16831.88  16834.19
7272  16834.19  16836.50
7273  16836.50  16838.81
7274  16838.81  16841.12
7275  16841.12  16843.44
7276  16843.44  16845.75
7277  16845.75  16848.06
7278  16848.06  16850.38
7279  16850.38  16852.69
7280  16852.69  16855.00
7281  16855.00  16857.31
7282  16857.31  16859.62
7283  16859.62  16861.94
7284  16861.94  16864.25
7285  16864.25  16866.56
7286  16866.56  16868.88
7287  16868.88  16871.19
7288  16871.19  16873.50
7289  16873.50  16875.81
7290  16875.81  16878.12
7291  16878.12  16880.44
7292  16880.44  16882.75
7293  16882.75  16885.06
7294  16885.06  16887.38
7295  16887.38  16889.69
7296  16889.69  16892.00
7297  16892.00  16894.31
7298  16894.31  16896.62
7299  16896.62  16898.94
7300  16898.94  16901.25
7301  16901.25  16903.56
7302  16903.56  16905.88
7303  16905.88  16908.19
7304  16908.19  16910.50
7305  16910.50  16912.81
7306  16912.81  16915.12
7307  16915.12  16917.44
7308  16917.44  16919.75
7309  16919.75  16922.06
7310  16922.06  16924.38
7311  16924.38  16926.69
7312  16926.69  16929.00
7313  16929.00  16931.31
7314  16931.31  16933.62
7315  16933.62  16935.94
7316  16935.94  16938.25
7317  16938.25  16940.56
7318  16940.56  16942.88
7319  16942.88  16945.19
7320  16945.19  16947.50
7321  16947.50  16949.81
7322  16949.81  16952.12
7323  16952.12  16954.44
7324  16954.44  16956.75
7325  16956.75  16959.06
7326  16959.06  16961.38
7327  16961.38  16963.69
7328  16963.69  16966.00
7329  16966.00  16968.31
7330  16968.31  16970.62
7331  16970.62  16972.94
7332  16972.94  16975.25
7333  16975.25  16977.56
7334  16977.56  16979.88
7335  16979.88  16982.19
7336  16982.19  16984.50
7337  16984.50  16986.81
7338  16986.81  16989.12
7339  16989.12  16991.44
7340  16991.44  16993.75
7341  16993.75  16996.06
7342  16996.06  16998.38
7343  16998.38  17000.69
7344  17000.69  17003.00
7345  17003.00  17005.31
7346  17005.31  17007.62
7347  17007.62  17009.94
7348  17009.94  17012.25
7349  17012.25  17014.56
7350  17014.56  17016.88
7351  17016.88  17019.19
7352  17019.19  17021.50
7353  17021.50  17023.81
7354  17023.81  17026.12
7355  17026.12  17028.44
7356  17028.44  17030.75
7357  17030.75  17033.06
7358  17033.06  17035.38
7359  17035.38  17037.69
7360  17037.69  17040.00
7361  17040.00  17042.31
7362  17042.31  17044.62
7363  17044.62  17046.94
7364  17046.94  17049.25
7365  17049.25  17051.56
7366  17051.56  17053.88
7367  17053.88  17056.19
7368  17056.19  17058.50
7369  17058.50  17060.81
7370  17060.81  17063.12
7371  17063.12  17065.44
7372  17065.44  17067.75
7373  17067.75  17070.06
7374  17070.06  17072.38
7375  17072.38  17074.69
7376  17074.69  17077.00
7377  17077.00  17079.31
7378  17079.31  17081.62
7379  17081.62  17083.94
7380  17083.94  17086.25
7381  17086.25  17088.56
7382  17088.56  17090.88
7383  17090.88  17093.19
7384  17093.19  17095.50
7385  17095.50  17097.81
7386  17097.81  17100.12
7387  17100.12  17102.44
7388  17102.44  17104.75
7389  17104.75  17107.06
7390  17107.06  17109.38
7391  17109.38  17111.69
7392  17111.69  17114.00
7393  17114.00  17116.31
7394  17116.31  17118.62
7395  17118.62  17120.94
7396  17120.94  17123.25
7397  17123.25  17125.56
7398  17125.56  17127.88
7399  17127.88  17130.19
7400  17130.19  17132.50
7401  17132.50  17134.81
7402  17134.81  17137.12
7403  17137.12  17139.44
7404  17139.44  17141.75
7405  17141.75  17144.06
7406  17144.06  17146.38
7407  17146.38  17148.69
7408  17148.69  17151.00
7409  17151.00  17153.31
7410  17153.31  17155.62
7411  17155.62  17157.94
7412  17157.94  17160.25
7413  17160.25  17162.56
7414  17162.56  17164.88
7415  17164.88  17167.19
7416  17167.19  17169.50
7417  17169.50  17171.81
7418  17171.81  17174.12
7419  17174.12  17176.44
7420  17176.44  17178.75
7421  17178.75  17181.06
7422  17181.06  17183.38
7423  17183.38  17185.69
7424  17185.69  17188.00
7425  17188.00  17190.31
7426  17190.31  17192.62
7427  17192.62  17194.94
7428  17194.94  17197.25
7429  17197.25  17199.56
7430  17199.56  17201.88
7431  17201.88  17204.19
7432  17204.19  17206.50
7433  17206.50  17208.81
7434  17208.81  17211.12
7435  17211.12  17213.44
7436  17213.44  17215.75
7437  17215.75  17218.06
7438  17218.06  17220.38
7439  17220.38  17222.69
7440  17222.69  17225.00
7441  17225.00  17227.31
7442  17227.31  17229.62
7443  17229.62  17231.94
7444  17231.94  17234.25
7445  17234.25  17236.56
7446  17236.56  17238.88
7447  17238.88  17241.19
7448  17241.19  17243.50
7449  17243.50  17245.81
7450  17245.81  17248.12
7451  17248.12  17250.44
7452  17250.44  17252.75
7453  17252.75  17255.06
7454  17255.06  17257.38
7455  17257.38  17259.69
7456  17259.69  17262.00
7457  17262.00  17264.31
7458  17264.31  17266.62
7459  17266.62  17268.94
7460  17268.94  17271.25
7461  17271.25  17273.56
7462  17273.56  17275.88
7463  17275.88  17278.19
7464  17278.19  17280.50
7465  17280.50  17282.81
7466  17282.81  17285.12
7467  17285.12  17287.44
7468  17287.44  17289.75
7469  17289.75  17292.06
7470  17292.06  17294.38
7471  17294.38  17296.69
7472  17296.69  17299.00
7473  17299.00  17301.31
7474  17301.31  17303.62
7475  17303.62  17305.94
7476  17305.94  17308.25
7477  17308.25  17310.56
7478  17310.56  17312.88
7479  17312.88  17315.19
7480  17315.19  17317.50
7481  17317.50  17319.81
7482  17319.81  17322.12
7483  17322.12  17324.44
7484  17324.44  17326.75
7485  17326.75  17329.06
7486  17329.06  17331.38
7487  17331.38  17333.69
7488  17333.69  17336.00
7489  17336.00  17338.31
7490  17338.31  17340.62
7491  17340.62  17342.94
7492  17342.94  17345.25
7493  17345.25  17347.56
7494  17347.56  17349.88
7495  17349.88  17352.19
7496  17352.19  17354.50
7497  17354.50  17356.81
7498  17356.81  17359.12
7499  17359.12  17361.44
7500  17361.44  17363.75
7501  17363.75  17366.06
7502  17366.06  17368.38
7503  17368.38  17370.69
7504  17370.69  17373.00
7505  17373.00  17375.31
7506  17375.31  17377.62
7507  17377.62  17379.94
7508  17379.94  17382.25
7509  17382.25  17384.56
7510  17384.56  17386.88
7511  17386.88  17389.19
7512  17389.19  17391.50
7513  17391.50  17393.81
7514  17393.81  17396.12
7515  17396.12  17398.44
7516  17398.44  17400.75
7517  17400.75  17403.06
7518  17403.06  17405.38
7519  17405.38  17407.69
7520  17407.69  17410.00
7521  17410.00  17412.31
7522  17412.31  17414.62
7523  17414.62  17416.94
7524  17416.94  17419.25
7525  17419.25  17421.56
7526  17421.56  17423.88
7527  17423.88  17426.19
7528  17426.19  17428.50
7529  17428.50  17430.81
7530  17430.81  17433.12
7531  17433.12  17435.44
7532  17435.44  17437.75
7533  17437.75  17440.06
7534  17440.06  17442.38
7535  17442.38  17444.69
7536  17444.69  17447.00
7537  17447.00  17449.31
7538  17449.31  17451.62
7539  17451.62  17453.94
7540  17453.94  17456.25
7541  17456.25  17458.56
7542  17458.56  17460.88
7543  17460.88  17463.19
7544  17463.19  17465.50
7545  17465.50  17467.81
7546  17467.81  17470.12
7547  17470.12  17472.44
7548  17472.44  17474.75
7549  17474.75  17477.06
7550  17477.06  17479.38
7551  17479.38  17481.69
7552  17481.69  17484.00
7553  17484.00  17486.31
7554  17486.31  17488.62
7555  17488.62  17490.94
7556  17490.94  17493.25
7557  17493.25  17495.56
7558  17495.56  17497.88
7559  17497.88  17500.19
7560  17500.19  17502.50
7561  17502.50  17504.81
7562  17504.81  17507.12
7563  17507.12  17509.44
7564  17509.44  17511.75
7565  17511.75  17514.06
7566  17514.06  17516.38
7567  17516.38  17518.69
7568  17518.69  17521.00
7569  17521.00  17523.31
7570  17523.31  17525.62
7571  17525.62  17527.94
7572  17527.94  17530.25
7573  17530.25  17532.56
7574  17532.56  17534.88
7575  17534.88  17537.19
7576  17537.19  17539.50
7577  17539.50  17541.81
7578  17541.81  17544.12
7579  17544.12  17546.44
7580  17546.44  17548.75
7581  17548.75  17551.06
7582  17551.06  17553.38
7583  17553.38  17555.69
7584  17555.69  17558.00
7585  17558.00  17560.31
7586  17560.31  17562.62
7587  17562.62  17564.94
7588  17564.94  17567.25
7589  17567.25  17569.56
7590  17569.56  17571.88
7591  17571.88  17574.19
7592  17574.19  17576.50
7593  17576.50  17578.81
7594  17578.81  17581.12
7595  17581.12  17583.44
7596  17583.44  17585.75
7597  17585.75  17588.06
7598  17588.06  17590.38
7599  17590.38  17592.69
7600  17592.69  17595.00
7601  17595.00  17597.31
7602  17597.31  17599.62
7603  17599.62  17601.94
7604  17601.94  17604.25
7605  17604.25  17606.56
7606  17606.56  17608.88
7607  17608.88  17611.19
7608  17611.19  17613.50
7609  17613.50  17615.81
7610  17615.81  17618.12
7611  17618.12  17620.44
7612  17620.44  17622.75
7613  17622.75  17625.06
7614  17625.06  17627.38
7615  17627.38  17629.69
7616  17629.69  17632.00
7617  17632.00  17634.31
7618  17634.31  17636.62
7619  17636.62  17638.94
7620  17638.94  17641.25
7621  17641.25  17643.56
7622  17643.56  17645.88
7623  17645.88  17648.19
7624  17648.19  17650.50
7625  17650.50  17652.81
7626  17652.81  17655.12
7627  17655.12  17657.44
7628  17657.44  17659.75
7629  17659.75  17662.06
7630  17662.06  17664.38
7631  17664.38  17666.69
7632  17666.69  17669.00
7633  17669.00  17671.31
7634  17671.31  17673.62
7635  17673.62  17675.94
7636  17675.94  17678.25
7637  17678.25  17680.56
7638  17680.56  17682.88
7639  17682.88  17685.19
7640  17685.19  17687.50
7641  17687.50  17689.81
7642  17689.81  17692.12
7643  17692.12  17694.44
7644  17694.44  17696.75
7645  17696.75  17699.06
7646  17699.06  17701.38
7647  17701.38  17703.69
7648  17703.69  17706.00
7649  17706.00  17708.31
7650  17708.31  17710.62
7651  17710.62  17712.94
7652  17712.94  17715.25
7653  17715.25  17717.56
7654  17717.56  17719.88
7655  17719.88  17722.19
7656  17722.19  17724.50
7657  17724.50  17726.81
7658  17726.81  17729.12
7659  17729.12  17731.44
7660  17731.44  17733.75
7661  17733.75  17736.06
7662  17736.06  17738.38
7663  17738.38  17740.69
7664  17740.69  17743.00
7665  17743.00  17745.31
7666  17745.31  17747.62
7667  17747.62  17749.94
7668  17749.94  17752.25
7669  17752.25  17754.56
7670  17754.56  17756.88
7671  17756.88  17759.19
7672  17759.19  17761.50
7673  17761.50  17763.81
7674  17763.81  17766.12
7675  17766.12  17768.44
7676  17768.44  17770.75
7677  17770.75  17773.06
7678  17773.06  17775.38
7679  17775.38  17777.69
7680  17777.69  17780.00
7681  17780.00  17782.31
7682  17782.31  17784.62
7683  17784.62  17786.94
7684  17786.94  17789.25
7685  17789.25  17791.56
7686  17791.56  17793.88
7687  17793.88  17796.19
7688  17796.19  17798.50
7689  17798.50  17800.81
7690  17800.81  17803.12
7691  17803.12  17805.44
7692  17805.44  17807.75
7693  17807.75  17810.06
7694  17810.06  17812.38
7695  17812.38  17814.69
7696  17814.69  17817.00
7697  17817.00  17819.31
7698  17819.31  17821.62
7699  17821.62  17823.94
7700  17823.94  17826.25
7701  17826.25  17828.56
7702  17828.56  17830.88
7703  17830.88  17833.19
7704  17833.19  17835.50
7705  17835.50  17837.81
7706  17837.81  17840.12
7707  17840.12  17842.44
7708  17842.44  17844.75
7709  17844.75  17847.06
7710  17847.06  17849.38
7711  17849.38  17851.69
7712  17851.69  17854.00
7713  17854.00  17856.31
7714  17856.31  17858.62
7715  17858.62  17860.94
7716  17860.94  17863.25
7717  17863.25  17865.56
7718  17865.56  17867.88
7719  17867.88  17870.19
7720  17870.19  17872.50
7721  17872.50  17874.81
7722  17874.81  17877.12
7723  17877.12  17879.44
7724  17879.44  17881.75
7725  17881.75  17884.06
7726  17884.06  17886.38
7727  17886.38  17888.69
7728  17888.69  17891.00
7729  17891.00  17893.31
7730  17893.31  17895.62
7731  17895.62  17897.94
7732  17897.94  17900.25
7733  17900.25  17902.56
7734  17902.56  17904.88
7735  17904.88  17907.19
7736  17907.19  17909.50
7737  17909.50  17911.81
7738  17911.81  17914.12
7739  17914.12  17916.44
7740  17916.44  17918.75
7741  17918.75  17921.06
7742  17921.06  17923.38
7743  17923.38  17925.69
7744  17925.69  17928.00
7745  17928.00  17930.31
7746  17930.31  17932.62
7747  17932.62  17934.94
7748  17934.94  17937.25
7749  17937.25  17939.56
7750  17939.56  17941.88
7751  17941.88  17944.19
7752  17944.19  17946.50
7753  17946.50  17948.81
7754  17948.81  17951.12
7755  17951.12  17953.44
7756  17953.44  17955.75
7757  17955.75  17958.06
7758  17958.06  17960.38
7759  17960.38  17962.69
7760  17962.69  17965.00
7761  17965.00  17967.31
7762  17967.31  17969.62
7763  17969.62  17971.94
7764  17971.94  17974.25
7765  17974.25  17976.56
7766  17976.56  17978.88
7767  17978.88  17981.19
7768  17981.19  17983.50
7769  17983.50  17985.81
7770  17985.81  17988.12
7771  17988.12  17990.44
7772  17990.44  17992.75
7773  17992.75  17995.06
7774  17995.06  17997.38
7775  17997.38  17999.69
7776  17999.69  18002.00
7777  18002.00  18004.31
7778  18004.31  18006.62
7779  18006.62  18008.94
7780  18008.94  18011.25
7781  18011.25  18013.56
7782  18013.56  18015.88
7783  18015.88  18018.19
7784  18018.19  18020.50
7785  18020.50  18022.81
7786  18022.81  18025.12
7787  18025.12  18027.44
7788  18027.44  18029.75
7789  18029.75  18032.06
7790  18032.06  18034.38
7791  18034.38  18036.69
7792  18036.69  18039.00
7793  18039.00  18041.31
7794  18041.31  18043.62
7795  18043.62  18045.94
7796  18045.94  18048.25
7797  18048.25  18050.56
7798  18050.56  18052.88
7799  18052.88  18055.19
7800  18055.19  18057.50
7801  18057.50  18059.81
7802  18059.81  18062.12
7803  18062.12  18064.44
7804  18064.44  18066.75
7805  18066.75  18069.06
7806  18069.06  18071.38
7807  18071.38  18073.69
7808  18073.69  18076.00
7809  18076.00  18078.31
7810  18078.31  18080.62
7811  18080.62  18082.94
7812  18082.94  18085.25
7813  18085.25  18087.56
7814  18087.56  18089.88
7815  18089.88  18092.19
7816  18092.19  18094.50
7817  18094.50  18096.81
7818  18096.81  18099.12
7819  18099.12  18101.44
7820  18101.44  18103.75
7821  18103.75  18106.06
7822  18106.06  18108.38
7823  18108.38  18110.69
7824  18110.69  18113.00
7825  18113.00  18115.31
7826  18115.31  18117.62
7827  18117.62  18119.94
7828  18119.94  18122.25
7829  18122.25  18124.56
7830  18124.56  18126.88
7831  18126.88  18129.19
7832  18129.19  18131.50
7833  18131.50  18133.81
7834  18133.81  18136.12
7835  18136.12  18138.44
7836  18138.44  18140.75
7837  18140.75  18143.06
7838  18143.06  18145.38
7839  18145.38  18147.69
7840  18147.69  18150.00
7841  18150.00  18152.31
7842  18152.31  18154.62
7843  18154.62  18156.94
7844  18156.94  18159.25
7845  18159.25  18161.56
7846  18161.56  18163.88
7847  18163.88  18166.19
7848  18166.19  18168.50
7849  18168.50  18170.81
7850  18170.81  18173.12
7851  18173.12  18175.44
7852  18175.44  18177.75
7853  18177.75  18180.06
7854  18180.06  18182.38
7855  18182.38  18184.69
7856  18184.69  18187.00
7857  18187.00  18189.31
7858  18189.31  18191.62
7859  18191.62  18193.94
7860  18193.94  18196.25
7861  18196.25  18198.56
7862  18198.56  18200.88
7863  18200.88  18203.19
7864  18203.19  18205.50
7865  18205.50  18207.81
7866  18207.81  18210.12
7867  18210.12  18212.44
7868  18212.44  18214.75
7869  18214.75  18217.06
7870  18217.06  18219.38
7871  18219.38  18221.69
7872  18221.69  18224.00
7873  18224.00  18226.31
7874  18226.31  18228.62
7875  18228.62  18230.94
7876  18230.94  18233.25
7877  18233.25  18235.56
7878  18235.56  18237.88
7879  18237.88  18240.19
7880  18240.19  18242.50
7881  18242.50  18244.81
7882  18244.81  18247.12
7883  18247.12  18249.44
7884  18249.44  18251.75
7885  18251.75  18254.06
7886  18254.06  18256.38
7887  18256.38  18258.69
7888  18258.69  18261.00
7889  18261.00  18263.31
7890  18263.31  18265.62
7891  18265.62  18267.94
7892  18267.94  18270.25
7893  18270.25  18272.56
7894  18272.56  18274.88
7895  18274.88  18277.19
7896  18277.19  18279.50
7897  18279.50  18281.81
7898  18281.81  18284.12
7899  18284.12  18286.44
7900  18286.44  18288.75
7901  18288.75  18291.06
7902  18291.06  18293.38
7903  18293.38  18295.69
7904  18295.69  18298.00
7905  18298.00  18300.31
7906  18300.31  18302.62
7907  18302.62  18304.94
7908  18304.94  18307.25
7909  18307.25  18309.56
7910  18309.56  18311.88
7911  18311.88  18314.19
7912  18314.19  18316.50
7913  18316.50  18318.81
7914  18318.81  18321.12
7915  18321.12  18323.44
7916  18323.44  18325.75
7917  18325.75  18328.06
7918  18328.06  18330.38
7919  18330.38  18332.69
7920  18332.69  18335.00
7921  18335.00  18337.31
7922  18337.31  18339.62
7923  18339.62  18341.94
7924  18341.94  18344.25
7925  18344.25  18346.56
7926  18346.56  18348.88
7927  18348.88  18351.19
7928  18351.19  18353.50
7929  18353.50  18355.81
7930  18355.81  18358.12
7931  18358.12  18360.44
7932  18360.44  18362.75
7933  18362.75  18365.06
7934  18365.06  18367.38
7935  18367.38  18369.69
7936  18369.69  18372.00
7937  18372.00  18374.31
7938  18374.31  18376.62
7939  18376.62  18378.94
7940  18378.94  18381.25
7941  18381.25  18383.56
7942  18383.56  18385.88
7943  18385.88  18388.19
7944  18388.19  18390.50
7945  18390.50  18392.81
7946  18392.81  18395.12
7947  18395.12  18397.44
7948  18397.44  18399.75
7949  18399.75  18402.06
7950  18402.06  18404.38
7951  18404.38  18406.69
7952  18406.69  18409.00
7953  18409.00  18411.31
7954  18411.31  18413.62
7955  18413.62  18415.94
7956  18415.94  18418.25
7957  18418.25  18420.56
7958  18420.56  18422.88
7959  18422.88  18425.19
7960  18425.19  18427.50
7961  18427.50  18429.81
7962  18429.81  18432.12
7963  18432.12  18434.44
7964  18434.44  18436.75
7965  18436.75  18439.06
7966  18439.06  18441.38
7967  18441.38  18443.69
7968  18443.69  18446.00
7969  18446.00  18448.31
7970  18448.31  18450.62
7971  18450.62  18452.94
7972  18452.94  18455.25
7973  18455.25  18457.56
7974  18457.56  18459.88
7975  18459.88  18462.19
7976  18462.19  18464.50
7977  18464.50  18466.81
7978  18466.81  18469.12
7979  18469.12  18471.44
7980  18471.44  18473.75
7981  18473.75  18476.06
7982  18476.06  18478.38
7983  18478.38  18480.69
7984  18480.69  18483.00
7985  18483.00  18485.31
7986  18485.31  18487.62
7987  18487.62  18489.94
7988  18489.94  18492.25
7989  18492.25  18494.56
7990  18494.56  18496.88
7991  18496.88  18499.19
7992  18499.19  18501.50
7993  18501.50  18503.81
7994  18503.81  18506.12
7995  18506.12  18508.44
7996  18508.44  18510.75
7997  18510.75  18513.06
7998  18513.06  18515.38
7999  18515.38  18517.69
8000  18517.69  18520.00
8001  18520.00  18522.31
8002  18522.31  18524.62
8003  18524.62  18526.94
8004  18526.94  18529.25
8005  18529.25  18531.56
8006  18531.56  18533.88
8007  18533.88  18536.19
8008  18536.19  18538.50
8009  18538.50  18540.81
8010  18540.81  18543.12
8011  18543.12  18545.44
8012  18545.44  18547.75
8013  18547.75  18550.06
8014  18550.06  18552.38
8015  18552.38  18554.69
8016  18554.69  18557.00
8017  18557.00  18559.31
8018  18559.31  18561.62
8019  18561.62  18563.94
8020  18563.94  18566.25
8021  18566.25  18568.56
8022  18568.56  18570.88
8023  18570.88  18573.19
8024  18573.19  18575.50
8025  18575.50  18577.81
8026  18577.81  18580.12
8027  18580.12  18582.44
8028  18582.44  18584.75
8029  18584.75  18587.06
8030  18587.06  18589.38
8031  18589.38  18591.69
8032  18591.69  18594.00
8033  18594.00  18596.31
8034  18596.31  18598.62
8035  18598.62  18600.94
8036  18600.94  18603.25
8037  18603.25  18605.56
8038  18605.56  18607.88
8039  18607.88  18610.19
8040  18610.19  18612.50
8041  18612.50  18614.81
8042  18614.81  18617.12
8043  18617.12  18619.44
8044  18619.44  18621.75
8045  18621.75  18624.06
8046  18624.06  18626.38
8047  18626.38  18628.69
8048  18628.69  18631.00
8049  18631.00  18633.31
8050  18633.31  18635.62
8051  18635.62  18637.94
8052  18637.94  18640.25
8053  18640.25  18642.56
8054  18642.56  18644.88
8055  18644.88  18647.19
8056  18647.19  18649.50
8057  18649.50  18651.81
8058  18651.81  18654.12
8059  18654.12  18656.44
8060  18656.44  18658.75
8061  18658.75  18661.06
8062  18661.06  18663.38
8063  18663.38  18665.69
8064  18665.69  18668.00
8065  18668.00  18670.31
8066  18670.31  18672.62
8067  18672.62  18674.94
8068  18674.94  18677.25
8069  18677.25  18679.56
8070  18679.56  18681.88
8071  18681.88  18684.19
8072  18684.19  18686.50
8073  18686.50  18688.81
8074  18688.81  18691.12
8075  18691.12  18693.44
8076  18693.44  18695.75
8077  18695.75  18698.06
8078  18698.06  18700.38
8079  18700.38  18702.69
8080  18702.69  18705.00
8081  18705.00  18707.31
8082  18707.31  18709.62
8083  18709.62  18711.94
8084  18711.94  18714.25
8085  18714.25  18716.56
8086  18716.56  18718.88
8087  18718.88  18721.19
8088  18721.19  18723.50
8089  18723.50  18725.81
8090  18725.81  18728.12
8091  18728.12  18730.44
8092  18730.44  18732.75
8093  18732.75  18735.06
8094  18735.06  18737.38
8095  18737.38  18739.69
8096  18739.69  18742.00
8097  18742.00  18744.31
8098  18744.31  18746.62
8099  18746.62  18748.94
8100  18748.94  18751.25
8101  18751.25  18753.56
8102  18753.56  18755.88
8103  18755.88  18758.19
8104  18758.19  18760.50
8105  18760.50  18762.81
8106  18762.81  18765.12
8107  18765.12  18767.44
8108  18767.44  18769.75
8109  18769.75  18772.06
8110  18772.06  18774.38
8111  18774.38  18776.69
8112  18776.69  18779.00
8113  18779.00  18781.31
8114  18781.31  18783.62
8115  18783.62  18785.94
8116  18785.94  18788.25
8117  18788.25  18790.56
8118  18790.56  18792.88
8119  18792.88  18795.19
8120  18795.19  18797.50
8121  18797.50  18799.81
8122  18799.81  18802.12
8123  18802.12  18804.44
8124  18804.44  18806.75
8125  18806.75  18809.06
8126  18809.06  18811.38
8127  18811.38  18813.69
8128  18813.69  18816.00
8129  18816.00  18818.31
8130  18818.31  18820.62
8131  18820.62  18822.94
8132  18822.94  18825.25
8133  18825.25  18827.56
8134  18827.56  18829.88
8135  18829.88  18832.19
8136  18832.19  18834.50
8137  18834.50  18836.81
8138  18836.81  18839.12
8139  18839.12  18841.44
8140  18841.44  18843.75
8141  18843.75  18846.06
8142  18846.06  18848.38
8143  18848.38  18850.69
8144  18850.69  18853.00
8145  18853.00  18855.31
8146  18855.31  18857.62
8147  18857.62  18859.94
8148  18859.94  18862.25
8149  18862.25  18864.56
8150  18864.56  18866.88
8151  18866.88  18869.19
8152  18869.19  18871.50
8153  18871.50  18873.81
8154  18873.81  18876.12
8155  18876.12  18878.44
8156  18878.44  18880.75
8157  18880.75  18883.06
8158  18883.06  18885.38
8159  18885.38  18887.69
8160  18887.69  18890.00
8161  18890.00  18892.31
8162  18892.31  18894.62
8163  18894.62  18896.94
8164  18896.94  18899.25
8165  18899.25  18901.56
8166  18901.56  18903.88
8167  18903.88  18906.19
8168  18906.19  18908.50
8169  18908.50  18910.81
8170  18910.81  18913.12
8171  18913.12  18915.44
8172  18915.44  18917.75
8173  18917.75  18920.06
8174  18920.06  18922.38
8175  18922.38  18924.69
8176  18924.69  18927.00
8177  18927.00  18929.31
8178  18929.31  18931.62
8179  18931.62  18933.94
8180  18933.94  18936.25
8181  18936.25  18938.56
8182  18938.56  18940.88
8183  18940.88  18943.19
8184  18943.19  18945.50
8185  18945.50  18947.81
8186  18947.81  18950.12
8187  18950.12  18952.44
8188  18952.44  18954.75
8189  18954.75  18957.06
8190  18957.06  18959.38
8191  18959.38  18961.69
8192  18961.69  18964.00
8193  18964.00  18966.31
8194  18966.31  18968.62
8195  18968.62  18970.94
8196  18970.94  18973.25
8197  18973.25  18975.56
8198  18975.56  18977.88
8199  18977.88  18980.19
8200  18980.19  18982.50
8201  18982.50  18984.81
8202  18984.81  18987.12
8203  18987.12  18989.44
8204  18989.44  18991.75
8205  18991.75  18994.06
8206  18994.06  18996.38
8207  18996.38  18998.69
8208  18998.69  19001.00
8209  19001.00  19003.31
8210  19003.31  19005.62
8211  19005.62  19007.94
8212  19007.94  19010.25
8213  19010.25  19012.56
8214  19012.56  19014.88
8215  19014.88  19017.19
8216  19017.19  19019.50
8217  19019.50  19021.81
8218  19021.81  19024.12
8219  19024.12  19026.44
8220  19026.44  19028.75
8221  19028.75  19031.06
8222  19031.06  19033.38
8223  19033.38  19035.69
8224  19035.69  19038.00
8225  19038.00  19040.31
8226  19040.31  19042.62
8227  19042.62  19044.94
8228  19044.94  19047.25
8229  19047.25  19049.56
8230  19049.56  19051.88
8231  19051.88  19054.19
8232  19054.19  19056.50
8233  19056.50  19058.81
8234  19058.81  19061.12
8235  19061.12  19063.44
8236  19063.44  19065.75
8237  19065.75  19068.06
8238  19068.06  19070.38
8239  19070.38  19072.69
8240  19072.69  19075.00
8241  19075.00  19077.31
8242  19077.31  19079.62
8243  19079.62  19081.94
8244  19081.94  19084.25
8245  19084.25  19086.56
8246  19086.56  19088.88
8247  19088.88  19091.19
8248  19091.19  19093.50
8249  19093.50  19095.81
8250  19095.81  19098.12
8251  19098.12  19100.44
8252  19100.44  19102.75
8253  19102.75  19105.06
8254  19105.06  19107.38
8255  19107.38  19109.69
8256  19109.69  19112.00
8257  19112.00  19114.31
8258  19114.31  19116.62
8259  19116.62  19118.94
8260  19118.94  19121.25
8261  19121.25  19123.56
8262  19123.56  19125.88
8263  19125.88  19128.19
8264  19128.19  19130.50
8265  19130.50  19132.81
8266  19132.81  19135.12
8267  19135.12  19137.44
8268  19137.44  19139.75
8269  19139.75  19142.06
8270  19142.06  19144.38
8271  19144.38  19146.69
8272  19146.69  19149.00
8273  19149.00  19151.31
8274  19151.31  19153.62
8275  19153.62  19155.94
8276  19155.94  19158.25
8277  19158.25  19160.56
8278  19160.56  19162.88
8279  19162.88  19165.19
8280  19165.19  19167.50
8281  19167.50  19169.81
8282  19169.81  19172.12
8283  19172.12  19174.44
8284  19174.44  19176.75
8285  19176.75  19179.06
8286  19179.06  19181.38
8287  19181.38  19183.69
8288  19183.69  19186.00
8289  19186.00  19188.31
8290  19188.31  19190.62
8291  19190.62  19192.94
8292  19192.94  19195.25
8293  19195.25  19197.56
8294  19197.56  19199.88
8295  19199.88  19202.19
8296  19202.19  19204.50
8297  19204.50  19206.81
8298  19206.81  19209.12
8299  19209.12  19211.44
8300  19211.44  19213.75
8301  19213.75  19216.06
8302  19216.06  19218.38
8303  19218.38  19220.69
8304  19220.69  19223.00
8305  19223.00  19225.31
8306  19225.31  19227.62
8307  19227.62  19229.94
8308  19229.94  19232.25
8309  19232.25  19234.56
8310  19234.56  19236.88
8311  19236.88  19239.19
8312  19239.19  19241.50
8313  19241.50  19243.81
8314  19243.81  19246.12
8315  19246.12  19248.44
8316  19248.44  19250.75
8317  19250.75  19253.06
8318  19253.06  19255.38
8319  19255.38  19257.69
8320  19257.69  19260.00
8321  19260.00  19262.31
8322  19262.31  19264.62
8323  19264.62  19266.94
8324  19266.94  19269.25
8325  19269.25  19271.56
8326  19271.56  19273.88
8327  19273.88  19276.19
8328  19276.19  19278.50
8329  19278.50  19280.81
8330  19280.81  19283.12
8331  19283.12  19285.44
8332  19285.44  19287.75
8333  19287.75  19290.06
8334  19290.06  19292.38
8335  19292.38  19294.69
8336  19294.69  19297.00
8337  19297.00  19299.31
8338  19299.31  19301.62
8339  19301.62  19303.94
8340  19303.94  19306.25
8341  19306.25  19308.56
8342  19308.56  19310.88
8343  19310.88  19313.19
8344  19313.19  19315.50
8345  19315.50  19317.81
8346  19317.81  19320.12
8347  19320.12  19322.44
8348  19322.44  19324.75
8349  19324.75  19327.06
8350  19327.06  19329.38
8351  19329.38  19331.69
8352  19331.69  19334.00
8353  19334.00  19336.31
8354  19336.31  19338.62
8355  19338.62  19340.94
8356  19340.94  19343.25
8357  19343.25  19345.56
8358  19345.56  19347.88
8359  19347.88  19350.19
8360  19350.19  19352.50
8361  19352.50  19354.81
8362  19354.81  19357.12
8363  19357.12  19359.44
8364  19359.44  19361.75
8365  19361.75  19364.06
8366  19364.06  19366.38
8367  19366.38  19368.69
8368  19368.69  19371.00
8369  19371.00  19373.31
8370  19373.31  19375.62
8371  19375.62  19377.94
8372  19377.94  19380.25
8373  19380.25  19382.56
8374  19382.56  19384.88
8375  19384.88  19387.19
8376  19387.19  19389.50
8377  19389.50  19391.81
8378  19391.81  19394.12
8379  19394.12  19396.44
8380  19396.44  19398.75
8381  19398.75  19401.06
8382  19401.06  19403.38
8383  19403.38  19405.69
8384  19405.69  19408.00
8385  19408.00  19410.31
8386  19410.31  19412.62
8387  19412.62  19414.94
8388  19414.94  19417.25
8389  19417.25  19419.56
8390  19419.56  19421.88
8391  19421.88  19424.19
8392  19424.19  19426.50
8393  19426.50  19428.81
8394  19428.81  19431.12
8395  19431.12  19433.44
8396  19433.44  19435.75
8397  19435.75  19438.06
8398  19438.06  19440.38
8399  19440.38  19442.69
8400  19442.69  19445.00
8401  19445.00  19447.31
8402  19447.31  19449.62
8403  19449.62  19451.94
8404  19451.94  19454.25
8405  19454.25  19456.56
8406  19456.56  19458.88
8407  19458.88  19461.19
8408  19461.19  19463.50
8409  19463.50  19465.81
8410  19465.81  19468.12
8411  19468.12  19470.44
8412  19470.44  19472.75
8413  19472.75  19475.06
8414  19475.06  19477.38
8415  19477.38  19479.69
8416  19479.69  19482.00
8417  19482.00  19484.31
8418  19484.31  19486.62
8419  19486.62  19488.94
8420  19488.94  19491.25
8421  19491.25  19493.56
8422  19493.56  19495.88
8423  19495.88  19498.19
8424  19498.19  19500.50
8425  19500.50  19502.81
8426  19502.81  19505.12
8427  19505.12  19507.44
8428  19507.44  19509.75
8429  19509.75  19512.06
8430  19512.06  19514.38
8431  19514.38  19516.69
8432  19516.69  19519.00
8433  19519.00  19521.31
8434  19521.31  19523.62
8435  19523.62  19525.94
8436  19525.94  19528.25
8437  19528.25  19530.56
8438  19530.56  19532.88
8439  19532.88  19535.19
8440  19535.19  19537.50
8441  19537.50  19539.81
8442  19539.81  19542.12
8443  19542.12  19544.44
8444  19544.44  19546.75
8445  19546.75  19549.06
8446  19549.06  19551.38
8447  19551.38  19553.69
8448  19553.69  19556.00
8449  19556.00  19558.31
8450  19558.31  19560.62
8451  19560.62  19562.94
8452  19562.94  19565.25
8453  19565.25  19567.56
8454  19567.56  19569.88
8455  19569.88  19572.19
8456  19572.19  19574.50
8457  19574.50  19576.81
8458  19576.81  19579.12
8459  19579.12  19581.44
8460  19581.44  19583.75
8461  19583.75  19586.06
8462  19586.06  19588.38
8463  19588.38  19590.69
8464  19590.69  19593.00
8465  19593.00  19595.31
8466  19595.31  19597.62
8467  19597.62  19599.94
8468  19599.94  19602.25
8469  19602.25  19604.56
8470  19604.56  19606.88
8471  19606.88  19609.19
8472  19609.19  19611.50
8473  19611.50  19613.81
8474  19613.81  19616.12
8475  19616.12  19618.44
8476  19618.44  19620.75
8477  19620.75  19623.06
8478  19623.06  19625.38
8479  19625.38  19627.69
8480  19627.69  19630.00
8481  19630.00  19632.31
8482  19632.31  19634.62
8483  19634.62  19636.94
8484  19636.94  19639.25
8485  19639.25  19641.56
8486  19641.56  19643.88
8487  19643.88  19646.19
8488  19646.19  19648.50
8489  19648.50  19650.81
8490  19650.81  19653.12
8491  19653.12  19655.44
8492  19655.44  19657.75
8493  19657.75  19660.06
8494  19660.06  19662.38
8495  19662.38  19664.69
8496  19664.69  19667.00
8497  19667.00  19669.31
8498  19669.31  19671.62
8499  19671.62  19673.94
8500  19673.94  19676.25
8501  19676.25  19678.56
8502  19678.56  19680.88
8503  19680.88  19683.19
8504  19683.19  19685.50
8505  19685.50  19687.81
8506  19687.81  19690.12
8507  19690.12  19692.44
8508  19692.44  19694.75
8509  19694.75  19697.06
8510  19697.06  19699.38
8511  19699.38  19701.69
8512  19701.69  19704.00
8513  19704.00  19706.31
8514  19706.31  19708.62
8515  19708.62  19710.94
8516  19710.94  19713.25
8517  19713.25  19715.56
8518  19715.56  19717.88
8519  19717.88  19720.19
8520  19720.19  19722.50
8521  19722.50  19724.81
8522  19724.81  19727.12
8523  19727.12  19729.44
8524  19729.44  19731.75
8525  19731.75  19734.06
8526  19734.06  19736.38
8527  19736.38  19738.69
8528  19738.69  19741.00
8529  19741.00  19743.31
8530  19743.31  19745.62
8531  19745.62  19747.94
8532  19747.94  19750.25
8533  19750.25  19752.56
8534  19752.56  19754.88
8535  19754.88  19757.19
8536  19757.19  19759.50
8537  19759.50  19761.81
8538  19761.81  19764.12
8539  19764.12  19766.44
8540  19766.44  19768.75
8541  19768.75  19771.06
8542  19771.06  19773.38
8543  19773.38  19775.69
8544  19775.69  19778.00
8545  19778.00  19780.31
8546  19780.31  19782.62
8547  19782.62  19784.94
8548  19784.94  19787.25
8549  19787.25  19789.56
8550  19789.56  19791.88
8551  19791.88  19794.19
8552  19794.19  19796.50
8553  19796.50  19798.81
8554  19798.81  19801.12
8555  19801.12  19803.44
8556  19803.44  19805.75
8557  19805.75  19808.06
8558  19808.06  19810.38
8559  19810.38  19812.69
8560  19812.69  19815.00
8561  19815.00  19817.31
8562  19817.31  19819.62
8563  19819.62  19821.94
8564  19821.94  19824.25
8565  19824.25  19826.56
8566  19826.56  19828.88
8567  19828.88  19831.19
8568  19831.19  19833.50
8569  19833.50  19835.81
8570  19835.81  19838.12
8571  19838.12  19840.44
8572  19840.44  19842.75
8573  19842.75  19845.06
8574  19845.06  19847.38
8575  19847.38  19849.69
8576  19849.69  19852.00
8577  19852.00  19854.31
8578  19854.31  19856.62
8579  19856.62  19858.94
8580  19858.94  19861.25
8581  19861.25  19863.56
8582  19863.56  19865.88
8583  19865.88  19868.19
8584  19868.19  19870.50
8585  19870.50  19872.81
8586  19872.81  19875.12
8587  19875.12  19877.44
8588  19877.44  19879.75
8589  19879.75  19882.06
8590  19882.06  19884.38
8591  19884.38  19886.69
8592  19886.69  19889.00
8593  19889.00  19891.31
8594  19891.31  19893.62
8595  19893.62  19895.94
8596  19895.94  19898.25
8597  19898.25  19900.56
8598  19900.56  19902.88
8599  19902.88  19905.19
8600  19905.19  19907.50
8601  19907.50  19909.81
8602  19909.81  19912.12
8603  19912.12  19914.44
8604  19914.44  19916.75
8605  19916.75  19919.06
8606  19919.06  19921.38
8607  19921.38  19923.69
8608  19923.69  19926.00
8609  19926.00  19928.31
8610  19928.31  19930.62
8611  19930.62  19932.94
8612  19932.94  19935.25
8613  19935.25  19937.56
8614  19937.56  19939.88
8615  19939.88  19942.19
8616  19942.19  19944.50
8617  19944.50  19946.81
8618  19946.81  19949.12
8619  19949.12  19951.44
8620  19951.44  19953.75
8621  19953.75  19956.06
8622  19956.06  19958.38
8623  19958.38  19960.69
8624  19960.69  19963.00
8625  19963.00  19965.31
8626  19965.31  19967.62
8627  19967.62  19969.94
8628  19969.94  19972.25
8629  19972.25  19974.56
8630  19974.56  19976.88
8631  19976.88  19979.19
8632  19979.19  19981.50
8633  19981.50  19983.81
8634  19983.81  19986.12
8635  19986.12  19988.44
8636  19988.44  19990.75
8637  19990.75  19993.06
8638  19993.06  19995.38
8639  19995.38  19997.69
8640  19997.69  20000.00
8641  20000.00  20002.31
8642  20002.31  20004.62
8643  20004.62  20006.94
8644  20006.94  20009.25
8645  20009.25  20011.56
8646  20011.56  20013.88
8647  20013.88  20016.19
8648  20016.19  20018.50
8649  20018.50  20020.81
8650  20020.81  20023.12
8651  20023.12  20025.44
8652  20025.44  20027.75
8653  20027.75  20030.06
8654  20030.06  20032.38
8655  20032.38  20034.69
8656  20034.69  20037.00
8657  20037.00  20039.31
8658  20039.31  20041.62
8659  20041.62  20043.94
8660  20043.94  20046.25
8661  20046.25  20048.56
8662  20048.56  20050.88
8663  20050.88  20053.19
8664  20053.19  20055.50
8665  20055.50  20057.81
8666  20057.81  20060.12
8667  20060.12  20062.44
8668  20062.44  20064.75
8669  20064.75  20067.06
8670  20067.06  20069.38
8671  20069.38  20071.69
8672  20071.69  20074.00
8673  20074.00  20076.31
8674  20076.31  20078.62
8675  20078.62  20080.94
8676  20080.94  20083.25
8677  20083.25  20085.56
8678  20085.56  20087.88
8679  20087.88  20090.19
8680  20090.19  20092.50
8681  20092.50  20094.81
8682  20094.81  20097.12
8683  20097.12  20099.44
8684  20099.44  20101.75
8685  20101.75  20104.06
8686  20104.06  20106.38
8687  20106.38  20108.69
8688  20108.69  20111.00
8689  20111.00  20113.31
8690  20113.31  20115.62
8691  20115.62  20117.94
8692  20117.94  20120.25
8693  20120.25  20122.56
8694  20122.56  20124.88
8695  20124.88  20127.19
8696  20127.19  20129.50
8697  20129.50  20131.81
8698  20131.81  20134.12
8699  20134.12  20136.44
8700  20136.44  20138.75
8701  20138.75  20141.06
8702  20141.06  20143.38
8703  20143.38  20145.69
8704  20145.69  20148.00
8705  20148.00  20150.31
8706  20150.31  20152.62
8707  20152.62  20154.94
8708  20154.94  20157.25
8709  20157.25  20159.56
8710  20159.56  20161.88
8711  20161.88  20164.19
8712  20164.19  20166.50
8713  20166.50  20168.81
8714  20168.81  20171.12
8715  20171.12  20173.44
8716  20173.44  20175.75
8717  20175.75  20178.06
8718  20178.06  20180.38
8719  20180.38  20182.69
8720  20182.69  20185.00
8721  20185.00  20187.31
8722  20187.31  20189.62
8723  20189.62  20191.94
8724  20191.94  20194.25
8725  20194.25  20196.56
8726  20196.56  20198.88
8727  20198.88  20201.19
8728  20201.19  20203.50
8729  20203.50  20205.81
8730  20205.81  20208.12
8731  20208.12  20210.44
8732  20210.44  20212.75
8733  20212.75  20215.06
8734  20215.06  20217.38
8735  20217.38  20219.69
8736  20219.69  20222.00
8737  20222.00  20224.31
8738  20224.31  20226.62
8739  20226.62  20228.94
8740  20228.94  20231.25
8741  20231.25  20233.56
8742  20233.56  20235.88
8743  20235.88  20238.19
8744  20238.19  20240.50
8745  20240.50  20242.81
8746  20242.81  20245.12
8747  20245.12  20247.44
8748  20247.44  20249.75
8749  20249.75  20252.06
8750  20252.06  20254.38
8751  20254.38  20256.69
8752  20256.69  20259.00
8753  20259.00  20261.31
8754  20261.31  20263.62
8755  20263.62  20265.94
8756  20265.94  20268.25
8757  20268.25  20270.56
8758  20270.56  20272.88
8759  20272.88  20275.19
8760  20275.19  20277.50
8761  20277.50  20279.81
8762  20279.81  20282.12
8763  20282.12  20284.44
8764  20284.44  20286.75
8765  20286.75  20289.06
8766  20289.06  20291.38
8767  20291.38  20293.69
8768  20293.69  20296.00
8769  20296.00  20298.31
8770  20298.31  20300.62
8771  20300.62  20302.94
8772  20302.94  20305.25
8773  20305.25  20307.56
8774  20307.56  20309.88
8775  20309.88  20312.19
8776  20312.19  20314.50
8777  20314.50  20316.81
8778  20316.81  20319.12
8779  20319.12  20321.44
8780  20321.44  20323.75
8781  20323.75  20326.06
8782  20326.06  20328.38
8783  20328.38  20330.69
8784  20330.69  20333.00
8785  20333.00  20335.31
8786  20335.31  20337.62
8787  20337.62  20339.94
8788  20339.94  20342.25
8789  20342.25  20344.56
8790  20344.56  20346.88
8791  20346.88  20349.19
8792  20349.19  20351.50
8793  20351.50  20353.81
8794  20353.81  20356.12
8795  20356.12  20358.44
8796  20358.44  20360.75
8797  20360.75  20363.06
8798  20363.06  20365.38
8799  20365.38  20367.69
8800  20367.69  20370.00
8801  20370.00  20372.31
8802  20372.31  20374.62
8803  20374.62  20376.94
8804  20376.94  20379.25
8805  20379.25  20381.56
8806  20381.56  20383.88
8807  20383.88  20386.19
8808  20386.19  20388.50
8809  20388.50  20390.81
8810  20390.81  20393.12
8811  20393.12  20395.44
8812  20395.44  20397.75
8813  20397.75  20400.06
8814  20400.06  20402.38
8815  20402.38  20404.69
8816  20404.69  20407.00
8817  20407.00  20409.31
8818  20409.31  20411.62
8819  20411.62  20413.94
8820  20413.94  20416.25
8821  20416.25  20418.56
8822  20418.56  20420.88
8823  20420.88  20423.19
8824  20423.19  20425.50
8825  20425.50  20427.81
8826  20427.81  20430.12
8827  20430.12  20432.44
8828  20432.44  20434.75
8829  20434.75  20437.06
8830  20437.06  20439.38
8831  20439.38  20441.69
8832  20441.69  20444.00
8833  20444.00  20446.31
8834  20446.31  20448.62
8835  20448.62  20450.94
8836  20450.94  20453.25
8837  20453.25  20455.56
8838  20455.56  20457.88
8839  20457.88  20460.19
8840  20460.19  20462.50
8841  20462.50  20464.81
8842  20464.81  20467.12
8843  20467.12  20469.44
8844  20469.44  20471.75
8845  20471.75  20474.06
8846  20474.06  20476.38
8847  20476.38  20478.69
8848  20478.69  20481.00
8849  20481.00  20483.31
8850  20483.31  20485.62
8851  20485.62  20487.94
8852  20487.94  20490.25
8853  20490.25  20492.56
8854  20492.56  20494.88
8855  20494.88  20497.19
8856  20497.19  20499.50
8857  20499.50  20501.81
8858  20501.81  20504.12
8859  20504.12  20506.44
8860  20506.44  20508.75
8861  20508.75  20511.06
8862  20511.06  20513.38
8863  20513.38  20515.69
8864  20515.69  20518.00
8865  20518.00  20520.31
8866  20520.31  20522.62
8867  20522.62  20524.94
8868  20524.94  20527.25
8869  20527.25  20529.56
8870  20529.56  20531.88
8871  20531.88  20534.19
8872  20534.19  20536.50
8873  20536.50  20538.81
8874  20538.81  20541.12
8875  20541.12  20543.44
8876  20543.44  20545.75
8877  20545.75  20548.06
8878  20548.06  20550.38
8879  20550.38  20552.69
8880  20552.69  20555.00
8881  20555.00  20557.31
8882  20557.31  20559.62
8883  20559.62  20561.94
8884  20561.94  20564.25
8885  20564.25  20566.56
8886  20566.56  20568.88
8887  20568.88  20571.19
8888  20571.19  20573.50
8889  20573.50  20575.81
8890  20575.81  20578.12
8891  20578.12  20580.44
8892  20580.44  20582.75
8893  20582.75  20585.06
8894  20585.06  20587.38
8895  20587.38  20589.69
8896  20589.69  20592.00
8897  20592.00  20594.31
8898  20594.31  20596.62
8899  20596.62  20598.94
8900  20598.94  20601.25
8901  20601.25  20603.56
8902  20603.56  20605.88
8903  20605.88  20608.19
8904  20608.19  20610.50
8905  20610.50  20612.81
8906  20612.81  20615.12
8907  20615.12  20617.44
8908  20617.44  20619.75
8909  20619.75  20622.06
8910  20622.06  20624.38
8911  20624.38  20626.69
8912  20626.69  20629.00
8913  20629.00  20631.31
8914  20631.31  20633.62
8915  20633.62  20635.94
8916  20635.94  20638.25
8917  20638.25  20640.56
8918  20640.56  20642.88
8919  20642.88  20645.19
8920  20645.19  20647.50
8921  20647.50  20649.81
8922  20649.81  20652.12
8923  20652.12  20654.44
8924  20654.44  20656.75
8925  20656.75  20659.06
8926  20659.06  20661.38
8927  20661.38  20663.69
8928  20663.69  20666.00
8929  20666.00  20668.31
8930  20668.31  20670.62
8931  20670.62  20672.94
8932  20672.94  20675.25
8933  20675.25  20677.56
8934  20677.56  20679.88
8935  20679.88  20682.19
8936  20682.19  20684.50
8937  20684.50  20686.81
8938  20686.81  20689.12
8939  20689.12  20691.44
8940  20691.44  20693.75
8941  20693.75  20696.06
8942  20696.06  20698.38
8943  20698.38  20700.69
8944  20700.69  20703.00
8945  20703.00  20705.31
8946  20705.31  20707.62
8947  20707.62  20709.94
8948  20709.94  20712.25
8949  20712.25  20714.56
8950  20714.56  20716.88
8951  20716.88  20719.19
8952  20719.19  20721.50
8953  20721.50  20723.81
8954  20723.81  20726.12
8955  20726.12  20728.44
8956  20728.44  20730.75
8957  20730.75  20733.06
8958  20733.06  20735.38
8959  20735.38  20737.69
8960  20737.69  20740.00
8961  20740.00  20742.31
8962  20742.31  20744.62
8963  20744.62  20746.94
8964  20746.94  20749.25
8965  20749.25  20751.56
8966  20751.56  20753.88
8967  20753.88  20756.19
8968  20756.19  20758.50
8969  20758.50  20760.81
8970  20760.81  20763.12
8971  20763.12  20765.44
8972  20765.44  20767.75
8973  20767.75  20770.06
8974  20770.06  20772.38
8975  20772.38  20774.69
8976  20774.69  20777.00
8977  20777.00  20779.31
8978  20779.31  20781.62
8979  20781.62  20783.94
8980  20783.94  20786.25
8981  20786.25  20788.56
8982  20788.56  20790.88
8983  20790.88  20793.19
8984  20793.19  20795.50
8985  20795.50  20797.81
8986  20797.81  20800.12
8987  20800.12  20802.44
8988  20802.44  20804.75
8989  20804.75  20807.06
8990  20807.06  20809.38
8991  20809.38  20811.69
8992  20811.69  20814.00
8993  20814.00  20816.31
8994  20816.31  20818.62
8995  20818.62  20820.94
8996  20820.94  20823.25
8997  20823.25  20825.56
8998  20825.56  20827.88
8999  20827.88  20830.19
9000  20830.19  20832.50
9001  20832.50  20834.81
9002  20834.81  20837.12
9003  20837.12  20839.44
9004  20839.44  20841.75
9005  20841.75  20844.06
9006  20844.06  20846.38
9007  20846.38  20848.69
9008  20848.69  20851.00
9009  20851.00  20853.31
9010  20853.31  20855.62
9011  20855.62  20857.94
9012  20857.94  20860.25
9013  20860.25  20862.56
9014  20862.56  20864.88
9015  20864.88  20867.19
9016  20867.19  20869.50
9017  20869.50  20871.81
9018  20871.81  20874.12
9019  20874.12  20876.44
9020  20876.44  20878.75
9021  20878.75  20881.06
9022  20881.06  20883.38
9023  20883.38  20885.69
9024  20885.69  20888.00
9025  20888.00  20890.31
9026  20890.31  20892.62
9027  20892.62  20894.94
9028  20894.94  20897.25
9029  20897.25  20899.56
9030  20899.56  20901.88
9031  20901.88  20904.19
9032  20904.19  20906.50
9033  20906.50  20908.81
9034  20908.81  20911.12
9035  20911.12  20913.44
9036  20913.44  20915.75
9037  20915.75  20918.06
9038  20918.06  20920.38
9039  20920.38  20922.69
9040  20922.69  20925.00
9041  20925.00  20927.31
9042  20927.31  20929.62
9043  20929.62  20931.94
9044  20931.94  20934.25
9045  20934.25  20936.56
9046  20936.56  20938.88
9047  20938.88  20941.19
9048  20941.19  20943.50
9049  20943.50  20945.81
9050  20945.81  20948.12
9051  20948.12  20950.44
9052  20950.44  20952.75
9053  20952.75  20955.06
9054  20955.06  20957.38
9055  20957.38  20959.69
9056  20959.69  20962.00
9057  20962.00  20964.31
9058  20964.31  20966.62
9059  20966.62  20968.94
9060  20968.94  20971.25
9061  20971.25  20973.56
9062  20973.56  20975.88
9063  20975.88  20978.19
9064  20978.19  20980.50
9065  20980.50  20982.81
9066  20982.81  20985.12
9067  20985.12  20987.44
9068  20987.44  20989.75
9069  20989.75  20992.06
9070  20992.06  20994.38
9071  20994.38  20996.69
9072  20996.69  20999.00
9073  20999.00  21001.31
9074  21001.31  21003.62
9075  21003.62  21005.94
9076  21005.94  21008.25
9077  21008.25  21010.56
9078  21010.56  21012.88
9079  21012.88  21015.19
9080  21015.19  21017.50
9081  21017.50  21019.81
9082  21019.81  21022.12
9083  21022.12  21024.44
9084  21024.44  21026.75
9085  21026.75  21029.06
9086  21029.06  21031.38
9087  21031.38  21033.69
9088  21033.69  21036.00
9089  21036.00  21038.31
9090  21038.31  21040.62
9091  21040.62  21042.94
9092  21042.94  21045.25
9093  21045.25  21047.56
9094  21047.56  21049.88
9095  21049.88  21052.19
9096  21052.19  21054.50
9097  21054.50  21056.81
9098  21056.81  21059.12
9099  21059.12  21061.44
9100  21061.44  21063.75
9101  21063.75  21066.06
9102  21066.06  21068.38
9103  21068.38  21070.69
9104  21070.69  21073.00
9105  21073.00  21075.31
9106  21075.31  21077.62
9107  21077.62  21079.94
9108  21079.94  21082.25
9109  21082.25  21084.56
9110  21084.56  21086.88
9111  21086.88  21089.19
9112  21089.19  21091.50
9113  21091.50  21093.81
9114  21093.81  21096.12
9115  21096.12  21098.44
9116  21098.44  21100.75
9117  21100.75  21103.06
9118  21103.06  21105.38
9119  21105.38  21107.69
9120  21107.69  21110.00
9121  21110.00  21112.31
9122  21112.31  21114.62
9123  21114.62  21116.94
9124  21116.94  21119.25
9125  21119.25  21121.56
9126  21121.56  21123.88
9127  21123.88  21126.19
9128  21126.19  21128.50
9129  21128.50  21130.81
9130  21130.81  21133.12
9131  21133.12  21135.44
9132  21135.44  21137.75
9133  21137.75  21140.06
9134  21140.06  21142.38
9135  21142.38  21144.69
9136  21144.69  21147.00
9137  21147.00  21149.31
9138  21149.31  21151.62
9139  21151.62  21153.94
9140  21153.94  21156.25
9141  21156.25  21158.56
9142  21158.56  21160.88
9143  21160.88  21163.19
9144  21163.19  21165.50
9145  21165.50  21167.81
9146  21167.81  21170.12
9147  21170.12  21172.44
9148  21172.44  21174.75
9149  21174.75  21177.06
9150  21177.06  21179.38
9151  21179.38  21181.69
9152  21181.69  21184.00
9153  21184.00  21186.31
9154  21186.31  21188.62
9155  21188.62  21190.94
9156  21190.94  21193.25
9157  21193.25  21195.56
9158  21195.56  21197.88
9159  21197.88  21200.19
9160  21200.19  21202.50
9161  21202.50  21204.81
9162  21204.81  21207.12
9163  21207.12  21209.44
9164  21209.44  21211.75
9165  21211.75  21214.06
9166  21214.06  21216.38
9167  21216.38  21218.69
9168  21218.69  21221.00
9169  21221.00  21223.31
9170  21223.31  21225.62
9171  21225.62  21227.94
9172  21227.94  21230.25
9173  21230.25  21232.56
9174  21232.56  21234.88
9175  21234.88  21237.19
9176  21237.19  21239.50
9177  21239.50  21241.81
9178  21241.81  21244.12
9179  21244.12  21246.44
9180  21246.44  21248.75
9181  21248.75  21251.06
9182  21251.06  21253.38
9183  21253.38  21255.69
9184  21255.69  21258.00
9185  21258.00  21260.31
9186  21260.31  21262.62
9187  21262.62  21264.94
9188  21264.94  21267.25
9189  21267.25  21269.56
9190  21269.56  21271.88
9191  21271.88  21274.19
9192  21274.19  21276.50
9193  21276.50  21278.81
9194  21278.81  21281.12
9195  21281.12  21283.44
9196  21283.44  21285.75
9197  21285.75  21288.06
9198  21288.06  21290.38
9199  21290.38  21292.69
9200  21292.69  21295.00
9201  21295.00  21297.31
9202  21297.31  21299.62
9203  21299.62  21301.94
9204  21301.94  21304.25
9205  21304.25  21306.56
9206  21306.56  21308.88
9207  21308.88  21311.19
9208  21311.19  21313.50
9209  21313.50  21315.81
9210  21315.81  21318.12
9211  21318.12  21320.44
9212  21320.44  21322.75
9213  21322.75  21325.06
9214  21325.06  21327.38
9215  21327.38  21329.69
9216  21329.69  21332.00
9217  21332.00  21334.31
9218  21334.31  21336.62
9219  21336.62  21338.94
9220  21338.94  21341.25
9221  21341.25  21343.56
9222  21343.56  21345.88
9223  21345.88  21348.19
9224  21348.19  21350.50
9225  21350.50  21352.81
9226  21352.81  21355.12
9227  21355.12  21357.44
9228  21357.44  21359.75
9229  21359.75  21362.06
9230  21362.06  21364.38
9231  21364.38  21366.69
9232  21366.69  21369.00
9233  21369.00  21371.31
9234  21371.31  21373.62
9235  21373.62  21375.94
9236  21375.94  21378.25
9237  21378.25  21380.56
9238  21380.56  21382.88
9239  21382.88  21385.19
9240  21385.19  21387.50
9241  21387.50  21389.81
9242  21389.81  21392.12
9243  21392.12  21394.44
9244  21394.44  21396.75
9245  21396.75  21399.06
9246  21399.06  21401.38
9247  21401.38  21403.69
9248  21403.69  21406.00
9249  21406.00  21408.31
9250  21408.31  21410.62
9251  21410.62  21412.94
9252  21412.94  21415.25
9253  21415.25  21417.56
9254  21417.56  21419.88
9255  21419.88  21422.19
9256  21422.19  21424.50
9257  21424.50  21426.81
9258  21426.81  21429.12
9259  21429.12  21431.44
9260  21431.44  21433.75
9261  21433.75  21436.06
9262  21436.06  21438.38
9263  21438.38  21440.69
9264  21440.69  21443.00
9265  21443.00  21445.31
9266  21445.31  21447.62
9267  21447.62  21449.94
9268  21449.94  21452.25
9269  21452.25  21454.56
9270  21454.56  21456.88
9271  21456.88  21459.19
9272  21459.19  21461.50
9273  21461.50  21463.81
9274  21463.81  21466.12
9275  21466.12  21468.44
9276  21468.44  21470.75
9277  21470.75  21473.06
9278  21473.06  21475.38
9279  21475.38  21477.69
9280  21477.69  21480.00
9281  21480.00  21482.31
9282  21482.31  21484.62
9283  21484.62  21486.94
9284  21486.94  21489.25
9285  21489.25  21491.56
9286  21491.56  21493.88
9287  21493.88  21496.19
9288  21496.19  21498.50
9289  21498.50  21500.81
9290  21500.81  21503.12
9291  21503.12  21505.44
9292  21505.44  21507.75
9293  21507.75  21510.06
9294  21510.06  21512.38
9295  21512.38  21514.69
9296  21514.69  21517.00
9297  21517.00  21519.31
9298  21519.31  21521.62
9299  21521.62  21523.94
9300  21523.94  21526.25
9301  21526.25  21528.56
9302  21528.56  21530.88
9303  21530.88  21533.19
9304  21533.19  21535.50
9305  21535.50  21537.81
9306  21537.81  21540.12
9307  21540.12  21542.44
9308  21542.44  21544.75
9309  21544.75  21547.06
9310  21547.06  21549.38
9311  21549.38  21551.69
9312  21551.69  21554.00
9313  21554.00  21556.31
9314  21556.31  21558.62
9315  21558.62  21560.94
9316  21560.94  21563.25
9317  21563.25  21565.56
9318  21565.56  21567.88
9319  21567.88  21570.19
9320  21570.19  21572.50
9321  21572.50  21574.81
9322  21574.81  21577.12
9323  21577.12  21579.44
9324  21579.44  21581.75
9325  21581.75  21584.06
9326  21584.06  21586.38
9327  21586.38  21588.69
9328  21588.69  21591.00
9329  21591.00  21593.31
9330  21593.31  21595.62
9331  21595.62  21597.94
9332  21597.94  21600.25
9333  21600.25  21602.56
9334  21602.56  21604.88
9335  21604.88  21607.19
9336  21607.19  21609.50
9337  21609.50  21611.81
9338  21611.81  21614.12
9339  21614.12  21616.44
9340  21616.44  21618.75
9341  21618.75  21621.06
9342  21621.06  21623.38
9343  21623.38  21625.69
9344  21625.69  21628.00
9345  21628.00  21630.31
9346  21630.31  21632.62
9347  21632.62  21634.94
9348  21634.94  21637.25
9349  21637.25  21639.56
9350  21639.56  21641.88
9351  21641.88  21644.19
9352  21644.19  21646.50
9353  21646.50  21648.81
9354  21648.81  21651.12
9355  21651.12  21653.44
9356  21653.44  21655.75
9357  21655.75  21658.06
9358  21658.06  21660.38
9359  21660.38  21662.69
9360  21662.69  21665.00
9361  21665.00  21667.31
9362  21667.31  21669.62
9363  21669.62  21671.94
9364  21671.94  21674.25
9365  21674.25  21676.56
9366  21676.56  21678.88
9367  21678.88  21681.19
9368  21681.19  21683.50
9369  21683.50  21685.81
9370  21685.81  21688.12
9371  21688.12  21690.44
9372  21690.44  21692.75
9373  21692.75  21695.06
9374  21695.06  21697.38
9375  21697.38  21699.69
9376  21699.69  21702.00
9377  21702.00  21704.31
9378  21704.31  21706.62
9379  21706.62  21708.94
9380  21708.94  21711.25
9381  21711.25  21713.56
9382  21713.56  21715.88
9383  21715.88  21718.19
9384  21718.19  21720.50
9385  21720.50  21722.81
9386  21722.81  21725.12
9387  21725.12  21727.44
9388  21727.44  21729.75
9389  21729.75  21732.06
9390  21732.06  21734.38
9391  21734.38  21736.69
9392  21736.69  21739.00
9393  21739.00  21741.31
9394  21741.31  21743.62
9395  21743.62  21745.94
9396  21745.94  21748.25
9397  21748.25  21750.56
9398  21750.56  21752.88
9399  21752.88  21755.19
9400  21755.19  21757.50
9401  21757.50  21759.81
9402  21759.81  21762.12
9403  21762.12  21764.44
9404  21764.44  21766.75
9405  21766.75  21769.06
9406  21769.06  21771.38
9407  21771.38  21773.69
9408  21773.69  21776.00
9409  21776.00  21778.31
9410  21778.31  21780.62
9411  21780.62  21782.94
9412  21782.94  21785.25
9413  21785.25  21787.56
9414  21787.56  21789.88
9415  21789.88  21792.19
9416  21792.19  21794.50
9417  21794.50  21796.81
9418  21796.81  21799.12
9419  21799.12  21801.44
9420  21801.44  21803.75
9421  21803.75  21806.06
9422  21806.06  21808.38
9423  21808.38  21810.69
9424  21810.69  21813.00
9425  21813.00  21815.31
9426  21815.31  21817.62
9427  21817.62  21819.94
9428  21819.94  21822.25
9429  21822.25  21824.56
9430  21824.56  21826.88
9431  21826.88  21829.19
9432  21829.19  21831.50
9433  21831.50  21833.81
9434  21833.81  21836.12
9435  21836.12  21838.44
9436  21838.44  21840.75
9437  21840.75  21843.06
9438  21843.06  21845.38
9439  21845.38  21847.69
9440  21847.69  21850.00
9441  21850.00  21852.31
9442  21852.31  21854.62
9443  21854.62  21856.94
9444  21856.94  21859.25
9445  21859.25  21861.56
9446  21861.56  21863.88
9447  21863.88  21866.19
9448  21866.19  21868.50
9449  21868.50  21870.81
9450  21870.81  21873.12
9451  21873.12  21875.44
9452  21875.44  21877.75
9453  21877.75  21880.06
9454  21880.06  21882.38
9455  21882.38  21884.69
9456  21884.69  21887.00
9457  21887.00  21889.31
9458  21889.31  21891.62
9459  21891.62  21893.94
9460  21893.94  21896.25
9461  21896.25  21898.56
9462  21898.56  21900.88
9463  21900.88  21903.19
9464  21903.19  21905.50
9465  21905.50  21907.81
9466  21907.81  21910.12
9467  21910.12  21912.44
9468  21912.44  21914.75
9469  21914.75  21917.06
9470  21917.06  21919.38
9471  21919.38  21921.69
9472  21921.69  21924.00
9473  21924.00  21926.31
9474  21926.31  21928.62
9475  21928.62  21930.94
9476  21930.94  21933.25
9477  21933.25  21935.56
9478  21935.56  21937.88
9479  21937.88  21940.19
9480  21940.19  21942.50
9481  21942.50  21944.81
9482  21944.81  21947.12
9483  21947.12  21949.44
9484  21949.44  21951.75
9485  21951.75  21954.06
9486  21954.06  21956.38
9487  21956.38  21958.69
9488  21958.69  21961.00
9489  21961.00  21963.31
9490  21963.31  21965.62
9491  21965.62  21967.94
9492  21967.94  21970.25
9493  21970.25  21972.56
9494  21972.56  21974.88
9495  21974.88  21977.19
9496  21977.19  21979.50
9497  21979.50  21981.81
9498  21981.81  21984.12
9499  21984.12  21986.44
9500  21986.44  21988.75
9501  21988.75  21991.06
9502  21991.06  21993.38
9503  21993.38  21995.69
9504  21995.69  21998.00
9505  21998.00  22000.31
9506  22000.31  22002.62
9507  22002.62  22004.94
9508  22004.94  22007.25
9509  22007.25  22009.56
9510  22009.56  22011.88
9511  22011.88  22014.19
9512  22014.19  22016.50
9513  22016.50  22018.81
9514  22018.81  22021.12
9515  22021.12  22023.44
9516  22023.44  22025.75
9517  22025.75  22028.06
9518  22028.06  22030.38
9519  22030.38  22032.69
9520  22032.69  22035.00
9521  22035.00  22037.31
9522  22037.31  22039.62
9523  22039.62  22041.94
9524  22041.94  22044.25
9525  22044.25  22046.56
9526  22046.56  22048.88
9527  22048.88  22051.19
9528  22051.19  22053.50
9529  22053.50  22055.81
9530  22055.81  22058.12
9531  22058.12  22060.44
9532  22060.44  22062.75
9533  22062.75  22065.06
9534  22065.06  22067.38
9535  22067.38  22069.69
9536  22069.69  22072.00
9537  22072.00  22074.31
9538  22074.31  22076.62
9539  22076.62  22078.94
9540  22078.94  22081.25
9541  22081.25  22083.56
9542  22083.56  22085.88
9543  22085.88  22088.19
9544  22088.19  22090.50
9545  22090.50  22092.81
9546  22092.81  22095.12
9547  22095.12  22097.44
9548  22097.44  22099.75
9549  22099.75  22102.06
9550  22102.06  22104.38
9551  22104.38  22106.69
9552  22106.69  22109.00
9553  22109.00  22111.31
9554  22111.31  22113.62
9555  22113.62  22115.94
9556  22115.94  22118.25
9557  22118.25  22120.56
9558  22120.56  22122.88
9559  22122.88  22125.19
9560  22125.19  22127.50
9561  22127.50  22129.81
9562  22129.81  22132.12
9563  22132.12  22134.44
9564  22134.44  22136.75
9565  22136.75  22139.06
9566  22139.06  22141.38
9567  22141.38  22143.69
9568  22143.69  22146.00
9569  22146.00  22148.31
9570  22148.31  22150.62
9571  22150.62  22152.94
9572  22152.94  22155.25
9573  22155.25  22157.56
9574  22157.56  22159.88
9575  22159.88  22162.19
9576  22162.19  22164.50
9577  22164.50  22166.81
9578  22166.81  22169.12
9579  22169.12  22171.44
9580  22171.44  22173.75
9581  22173.75  22176.06
9582  22176.06  22178.38
9583  22178.38  22180.69
9584  22180.69  22183.00
9585  22183.00  22185.31
9586  22185.31  22187.62
9587  22187.62  22189.94
9588  22189.94  22192.25
9589  22192.25  22194.56
9590  22194.56  22196.88
9591  22196.88  22199.19
9592  22199.19  22201.50
9593  22201.50  22203.81
9594  22203.81  22206.12
9595  22206.12  22208.44
9596  22208.44  22210.75
9597  22210.75  22213.06
9598  22213.06  22215.38
9599  22215.38  22217.69
9600  22217.69  22220.00
9601  22220.00  22222.31
9602  22222.31  22224.62
9603  22224.62  22226.94
9604  22226.94  22229.25
9605  22229.25  22231.56
9606  22231.56  22233.88
9607  22233.88  22236.19
9608  22236.19  22238.50
9609  22238.50  22240.81
9610  22240.81  22243.12
9611  22243.12  22245.44
9612  22245.44  22247.75
9613  22247.75  22250.06
9614  22250.06  22252.38
9615  22252.38  22254.69
9616  22254.69  22257.00
9617  22257.00  22259.31
9618  22259.31  22261.62
9619  22261.62  22263.94
9620  22263.94  22266.25
9621  22266.25  22268.56
9622  22268.56  22270.88
9623  22270.88  22273.19
9624  22273.19  22275.50
9625  22275.50  22277.81
9626  22277.81  22280.12
9627  22280.12  22282.44
9628  22282.44  22284.75
9629  22284.75  22287.06
9630  22287.06  22289.38
9631  22289.38  22291.69
9632  22291.69  22294.00
9633  22294.00  22296.31
9634  22296.31  22298.62
9635  22298.62  22300.94
9636  22300.94  22303.25
9637  22303.25  22305.56
9638  22305.56  22307.88
9639  22307.88  22310.19
9640  22310.19  22312.50
9641  22312.50  22314.81
9642  22314.81  22317.12
9643  22317.12  22319.44
9644  22319.44  22321.75
9645  22321.75  22324.06
9646  22324.06  22326.38
9647  22326.38  22328.69
9648  22328.69  22331.00
9649  22331.00  22333.31
9650  22333.31  22335.62
9651  22335.62  22337.94
9652  22337.94  22340.25
9653  22340.25  22342.56
9654  22342.56  22344.88
9655  22344.88  22347.19
9656  22347.19  22349.50
9657  22349.50  22351.81
9658  22351.81  22354.12
9659  22354.12  22356.44
9660  22356.44  22358.75
9661  22358.75  22361.06
9662  22361.06  22363.38
9663  22363.38  22365.69
9664  22365.69  22368.00
9665  22368.00  22370.31
9666  22370.31  22372.62
9667  22372.62  22374.94
9668  22374.94  22377.25
9669  22377.25  22379.56
9670  22379.56  22381.88
9671  22381.88  22384.19
9672  22384.19  22386.50
9673  22386.50  22388.81
9674  22388.81  22391.12
9675  22391.12  22393.44
9676  22393.44  22395.75
9677  22395.75  22398.06
9678  22398.06  22400.38
9679  22400.38  22402.69
9680  22402.69  22405.00
9681  22405.00  22407.31
9682  22407.31  22409.62
9683  22409.62  22411.94
9684  22411.94  22414.25
9685  22414.25  22416.56
9686  22416.56  22418.88
9687  22418.88  22421.19
9688  22421.19  22423.50
9689  22423.50  22425.81
9690  22425.81  22428.12
9691  22428.12  22430.44
9692  22430.44  22432.75
9693  22432.75  22435.06
9694  22435.06  22437.38
9695  22437.38  22439.69
9696  22439.69  22442.00
9697  22442.00  22444.31
9698  22444.31  22446.62
9699  22446.62  22448.94
9700  22448.94  22451.25
9701  22451.25  22453.56
9702  22453.56  22455.88
9703  22455.88  22458.19
9704  22458.19  22460.50
9705  22460.50  22462.81
9706  22462.81  22465.12
9707  22465.12  22467.44
9708  22467.44  22469.75
9709  22469.75  22472.06
9710  22472.06  22474.38
9711  22474.38  22476.69
9712  22476.69  22479.00
9713  22479.00  22481.31
9714  22481.31  22483.62
9715  22483.62  22485.94
9716  22485.94  22488.25
9717  22488.25  22490.56
9718  22490.56  22492.88
9719  22492.88  22495.19
9720  22495.19  22497.50
9721  22497.50  22499.81
9722  22499.81  22502.12
9723  22502.12  22504.44
9724  22504.44  22506.75
9725  22506.75  22509.06
9726  22509.06  22511.38
9727  22511.38  22513.69
9728  22513.69  22516.00
9729  22516.00  22518.31
9730  22518.31  22520.62
9731  22520.62  22522.94
9732  22522.94  22525.25
9733  22525.25  22527.56
9734  22527.56  22529.88
9735  22529.88  22532.19
9736  22532.19  22534.50
9737  22534.50  22536.81
9738  22536.81  22539.12
9739  22539.12  22541.44
9740  22541.44  22543.75
9741  22543.75  22546.06
9742  22546.06  22548.38
9743  22548.38  22550.69
9744  22550.69  22553.00
9745  22553.00  22555.31
9746  22555.31  22557.62
9747  22557.62  22559.94
9748  22559.94  22562.25
9749  22562.25  22564.56
9750  22564.56  22566.88
9751  22566.88  22569.19
9752  22569.19  22571.50
9753  22571.50  22573.81
9754  22573.81  22576.12
9755  22576.12  22578.44
9756  22578.44  22580.75
9757  22580.75  22583.06
9758  22583.06  22585.38
9759  22585.38  22587.69
9760  22587.69  22590.00
9761  22590.00  22592.31
9762  22592.31  22594.62
9763  22594.62  22596.94
9764  22596.94  22599.25
9765  22599.25  22601.56
9766  22601.56  22603.88
9767  22603.88  22606.19
9768  22606.19  22608.50
9769  22608.50  22610.81
9770  22610.81  22613.12
9771  22613.12  22615.44
9772  22615.44  22617.75
9773  22617.75  22620.06
9774  22620.06  22622.38
9775  22622.38  22624.69
9776  22624.69  22627.00
9777  22627.00  22629.31
9778  22629.31  22631.62
9779  22631.62  22633.94
9780  22633.94  22636.25
9781  22636.25  22638.56
9782  22638.56  22640.88
9783  22640.88  22643.19
9784  22643.19  22645.50
9785  22645.50  22647.81
9786  22647.81  22650.12
9787  22650.12  22652.44
9788  22652.44  22654.75
9789  22654.75  22657.06
9790  22657.06  22659.38
9791  22659.38  22661.69
9792  22661.69  22664.00
9793  22664.00  22666.31
9794  22666.31  22668.62
9795  22668.62  22670.94
9796  22670.94  22673.25
9797  22673.25  22675.56
9798  22675.56  22677.88
9799  22677.88  22680.19
9800  22680.19  22682.50
9801  22682.50  22684.81
9802  22684.81  22687.12
9803  22687.12  22689.44
9804  22689.44  22691.75
9805  22691.75  22694.06
9806  22694.06  22696.38
9807  22696.38  22698.69
9808  22698.69  22701.00
9809  22701.00  22703.31
9810  22703.31  22705.62
9811  22705.62  22707.94
9812  22707.94  22710.25
9813  22710.25  22712.56
9814  22712.56  22714.88
9815  22714.88  22717.19
9816  22717.19  22719.50
9817  22719.50  22721.81
9818  22721.81  22724.12
9819  22724.12  22726.44
9820  22726.44  22728.75
9821  22728.75  22731.06
9822  22731.06  22733.38
9823  22733.38  22735.69
9824  22735.69  22738.00
9825  22738.00  22740.31
9826  22740.31  22742.62
9827  22742.62  22744.94
9828  22744.94  22747.25
9829  22747.25  22749.56
9830  22749.56  22751.88
9831  22751.88  22754.19
9832  22754.19  22756.50
9833  22756.50  22758.81
9834  22758.81  22761.12
9835  22761.12  22763.44
9836  22763.44  22765.75
9837  22765.75  22768.06
9838  22768.06  22770.38
9839  22770.38  22772.69
9840  22772.69  22775.00
9841  22775.00  22777.31
9842  22777.31  22779.62
9843  22779.62  22781.94
9844  22781.94  22784.25
9845  22784.25  22786.56
9846  22786.56  22788.88
9847  22788.88  22791.19
9848  22791.19  22793.50
9849  22793.50  22795.81
9850  22795.81  22798.12
9851  22798.12  22800.44
9852  22800.44  22802.75
9853  22802.75  22805.06
9854  22805.06  22807.38
9855  22807.38  22809.69
9856  22809.69  22812.00
9857  22812.00  22814.31
9858  22814.31  22816.62
9859  22816.62  22818.94
9860  22818.94  22821.25
9861  22821.25  22823.56
9862  22823.56  22825.88
9863  22825.88  22828.19
9864  22828.19  22830.50
9865  22830.50  22832.81
9866  22832.81  22835.12
9867  22835.12  22837.44
9868  22837.44  22839.75
9869  22839.75  22842.06
9870  22842.06  22844.38
9871  22844.38  22846.69
9872  22846.69  22849.00
9873  22849.00  22851.31
9874  22851.31  22853.62
9875  22853.62  22855.94
9876  22855.94  22858.25
9877  22858.25  22860.56
9878  22860.56  22862.88
9879  22862.88  22865.19
9880  22865.19  22867.50
9881  22867.50  22869.81
9882  22869.81  22872.12
9883  22872.12  22874.44
9884  22874.44  22876.75
9885  22876.75  22879.06
9886  22879.06  22881.38
9887  22881.38  22883.69
9888  22883.69  22886.00
9889  22886.00  22888.31
9890  22888.31  22890.62
9891  22890.62  22892.94
9892  22892.94  22895.25
9893  22895.25  22897.56
9894  22897.56  22899.88
9895  22899.88  22902.19
9896  22902.19  22904.50
9897  22904.50  22906.81
9898  22906.81  22909.12
9899  22909.12  22911.44
9900  22911.44  22913.75
9901  22913.75  22916.06
9902  22916.06  22918.38
9903  22918.38  22920.69
9904  22920.69  22923.00
9905  22923.00  22925.31
9906  22925.31  22927.62
9907  22927.62  22929.94
9908  22929.94  22932.25
9909  22932.25  22934.56
9910  22934.56  22936.88
9911  22936.88  22939.19
9912  22939.19  22941.50
9913  22941.50  22943.81
9914  22943.81  22946.12
9915  22946.12  22948.44
9916  22948.44  22950.75
9917  22950.75  22953.06
9918  22953.06  22955.38
9919  22955.38  22957.69
9920  22957.69  22960.00
9921  22960.00  22962.31
9922  22962.31  22964.62
9923  22964.62  22966.94
9924  22966.94  22969.25
9925  22969.25  22971.56
9926  22971.56  22973.88
9927  22973.88  22976.19
9928  22976.19  22978.50
9929  22978.50  22980.81
9930  22980.81  22983.12
9931  22983.12  22985.44
9932  22985.44  22987.75
9933  22987.75  22990.06
9934  22990.06  22992.38
9935  22992.38  22994.69
9936  22994.69  22997.00
9937  22997.00  22999.31
9938  22999.31  23001.62
9939  23001.62  23003.94
9940  23003.94  23006.25
9941  23006.25  23008.56
9942  23008.56  23010.88
9943  23010.88  23013.19
9944  23013.19  23015.50
9945  23015.50  23017.81
9946  23017.81  23020.12
9947  23020.12  23022.44
9948  23022.44  23024.75
9949  23024.75  23027.06
9950  23027.06  23029.38
9951  23029.38  23031.69
9952  23031.69  23034.00
9953  23034.00  23036.31
9954  23036.31  23038.62
9955  23038.62  23040.94
9956  23040.94  23043.25
9957  23043.25  23045.56
9958  23045.56  23047.88
9959  23047.88  23050.19
9960  23050.19  23052.50
9961  23052.50  23054.81
9962  23054.81  23057.12
9963  23057.12  23059.44
9964  23059.44  23061.75
9965  23061.75  23064.06
9966  23064.06  23066.38
9967  23066.38  23068.69
9968  23068.69  23071.00
9969  23071.00  23073.31
9970  23073.31  23075.62
9971  23075.62  23077.94
9972  23077.94  23080.25
9973  23080.25  23082.56
9974  23082.56  23084.88
9975  23084.88  23087.19
9976  23087.19  23089.50
9977  23089.50  23091.81
9978  23091.81  23094.12
9979  23094.12  23096.44
9980  23096.44  23098.75
9981  23098.75  23101.06
9982  23101.06  23103.38
9983  23103.38  23105.69
9984  23105.69  23108.00
9985  23108.00  23110.31
9986  23110.31  23112.62
9987  23112.62  23114.94
9988  23114.94  23117.25
9989  23117.25  23119.56
9990  23119.56  23121.88
9991  23121.88  23124.19
9992  23124.19  23126.50
9993  23126.50  23128.81
9994  23128.81  23131.12
9995  23131.12  23133.44
9996  23133.44  23135.75
9997  23135.75  23138.06
9998  23138.06  23140.38
9999  23140.38  23142.69
10000  23142.69  23145.00
10001  23145.00  23147.31
10002  23147.31  23149.62
10003  23149.62  23151.94
10004  23151.94  23154.25
10005  23154.25  23156.56
10006  23156.56  23158.88
10007  23158.88  23161.19
10008  23161.19  23163.50
10009  23163.50  23165.81
10010  23165.81  23168.12
10011  23168.12  23170.44
10012  23170.44  23172.75
10013  23172.75  23175.06
10014  23175.06  23177.38
10015  23177.38  23179.69
10016  23179.69  23182.00
10017  23182.00  23184.31
10018  23184.31  23186.62
10019  23186.62  23188.94
10020  23188.94  23191.25
10021  23191.25  23193.56
10022  23193.56  23195.88
10023  23195.88  23198.19
10024  23198.19  23200.50
10025  23200.50  23202.81
10026  23202.81  23205.12
10027  23205.12  23207.44
10028  23207.44  23209.75
10029  23209.75  23212.06
10030  23212.06  23214.38
10031  23214.38  23216.69
10032  23216.69  23219.00
10033  23219.00  23221.31
10034  23221.31  23223.62
10035  23223.62  23225.94
10036  23225.94  23228.25
10037  23228.25  23230.56
10038  23230.56  23232.88
10039  23232.88  23235.19
10040  23235.19  23237.50
10041  23237.50  23239.81
10042  23239.81  23242.12
10043  23242.12  23244.44
10044  23244.44  23246.75
10045  23246.75  23249.06
10046  23249.06  23251.38
10047  23251.38  23253.69
10048  23253.69  23256.00
10049  23256.00  23258.31
10050  23258.31  23260.62
10051  23260.62  23262.94
10052  23262.94  23265.25
10053  23265.25  23267.56
10054  23267.56  23269.88
10055  23269.88  23272.19
10056  23272.19  23274.50
10057  23274.50  23276.81
10058  23276.81  23279.12
10059  23279.12  23281.44
10060  23281.44  23283.75
10061  23283.75  23286.06
10062  23286.06  23288.38
10063  23288.38  23290.69
10064  23290.69  23293.00
10065  23293.00  23295.31
10066  23295.31  23297.62
10067  23297.62  23299.94
10068  23299.94  23302.25
10069  23302.25  23304.56
10070  23304.56  23306.88
10071  23306.88  23309.19
10072  23309.19  23311.50
10073  23311.50  23313.81
10074  23313.81  23316.12
10075  23316.12  23318.44
10076  23318.44  23320.75
10077  23320.75  23323.06
10078  23323.06  23325.38
10079  23325.38  23327.69
10080  23327.69  23330.00
10081  23330.00  23332.31
10082  23332.31  23334.62
10083  23334.62  23336.94
10084  23336.94  23339.25
10085  23339.25  23341.56
10086  23341.56  23343.88
10087  23343.88  23346.19
10088  23346.19  23348.50
10089  23348.50  23350.81
10090  23350.81  23353.12
10091  23353.12  23355.44
10092  23355.44  23357.75
10093  23357.75  23360.06
10094  23360.06  23362.38
10095  23362.38  23364.69
10096  23364.69  23367.00
10097  23367.00  23369.31
10098  23369.31  23371.62
10099  23371.62  23373.94
10100  23373.94  23376.25
10101  23376.25  23378.56
10102  23378.56  23380.88
10103  23380.88  23383.19
10104  23383.19  23385.50
10105  23385.50  23387.81
10106  23387.81  23390.12
10107  23390.12  23392.44
10108  23392.44  23394.75
10109  23394.75  23397.06
10110  23397.06  23399.38
10111  23399.38  23401.69
10112  23401.69  23404.00
10113  23404.00  23406.31
10114  23406.31  23408.62
10115  23408.62  23410.94
10116  23410.94  23413.25
10117  23413.25  23415.56
10118  23415.56  23417.88
10119  23417.88  23420.19
10120  23420.19  23422.50
10121  23422.50  23424.81
10122  23424.81  23427.12
10123  23427.12  23429.44
10124  23429.44  23431.75
10125  23431.75  23434.06
10126  23434.06  23436.38
10127  23436.38  23438.69
10128  23438.69  23441.00
10129  23441.00  23443.31
10130  23443.31  23445.62
10131  23445.62  23447.94
10132  23447.94  23450.25
10133  23450.25  23452.56
10134  23452.56  23454.88
10135  23454.88  23457.19
10136  23457.19  23459.50
10137  23459.50  23461.81
10138  23461.81  23464.12
10139  23464.12  23466.44
10140  23466.44  23468.75
10141  23468.75  23471.06
10142  23471.06  23473.38
10143  23473.38  23475.69
10144  23475.69  23478.00
10145  23478.00  23480.31
10146  23480.31  23482.62
10147  23482.62  23484.94
10148  23484.94  23487.25
10149  23487.25  23489.56
10150  23489.56  23491.88
10151  23491.88  23494.19
10152  23494.19  23496.50
10153  23496.50  23498.81
10154  23498.81  23501.12
10155  23501.12  23503.44
10156  23503.44  23505.75
10157  23505.75  23508.06
10158  23508.06  23510.38
10159  23510.38  23512.69
10160  23512.69  23515.00
10161  23515.00  23517.31
10162  23517.31  23519.62
10163  23519.62  23521.94
10164  23521.94  23524.25
10165  23524.25  23526.56
10166  23526.56  23528.88
10167  23528.88  23531.19
10168  23531.19  23533.50
10169  23533.50  23535.81
10170  23535.81  23538.12
10171  23538.12  23540.44
10172  23540.44  23542.75
10173  23542.75  23545.06
10174  23545.06  23547.38
10175  23547.38  23549.69
10176  23549.69  23552.00
10177  23552.00  23554.31
10178  23554.31  23556.62
10179  23556.62  23558.94
10180  23558.94  23561.25
10181  23561.25  23563.56
10182  23563.56  23565.88
10183  23565.88  23568.19
10184  23568.19  23570.50
10185  23570.50  23572.81
10186  23572.81  23575.12
10187  23575.12  23577.44
10188  23577.44  23579.75
10189  23579.75  23582.06
10190  23582.06  23584.38
10191  23584.38  23586.69
10192  23586.69  23589.00
10193  23589.00  23591.31
10194  23591.31  23593.62
10195  23593.62  23595.94
10196  23595.94  23598.25
10197  23598.25  23600.56
10198  23600.56  23602.88
10199  23602.88  23605.19
10200  23605.19  23607.50
10201  23607.50  23609.81
10202  23609.81  23612.12
10203  23612.12  23614.44
10204  23614.44  23616.75
10205  23616.75  23619.06
10206  23619.06  23621.38
10207  23621.38  23623.69
10208  23623.69  23626.00
10209  23626.00  23628.31
10210  23628.31  23630.62
10211  23630.62  23632.94
10212  23632.94  23635.25
10213  23635.25  23637.56
10214  23637.56  23639.88
10215  23639.88  23642.19
10216  23642.19  23644.50
10217  23644.50  23646.81
10218  23646.81  23649.12
10219  23649.12  23651.44
10220  23651.44  23653.75
10221  23653.75  23656.06
10222  23656.06  23658.38
10223  23658.38  23660.69
10224  23660.69  23663.00
10225  23663.00  23665.31
10226  23665.31  23667.62
10227  23667.62  23669.94
10228  23669.94  23672.25
10229  23672.25  23674.56
10230  23674.56  23676.88
10231  23676.88  23679.19
10232  23679.19  23681.50
10233  23681.50  23683.81
10234  23683.81  23686.12
10235  23686.12  23688.44
10236  23688.44  23690.75
10237  23690.75  23693.06
10238  23693.06  23695.38
10239  23695.38  23697.69
10240  23697.69  23700.00
10241  23700.00  23702.31
10242  23702.31  23704.62
10243  23704.62  23706.94
10244  23706.94  23709.25
10245  23709.25  23711.56
10246  23711.56  23713.88
10247  23713.88  23716.19
10248  23716.19  23718.50
10249  23718.50  23720.81
10250  23720.81  23723.12
10251  23723.12  23725.44
10252  23725.44  23727.75
10253  23727.75  23730.06
10254  23730.06  23732.38
10255  23732.38  23734.69
10256  23734.69  23737.00
10257  23737.00  23739.31
10258  23739.31  23741.62
10259  23741.62  23743.94
10260  23743.94  23746.25
10261  23746.25  23748.56
10262  23748.56  23750.88
10263  23750.88  23753.19
10264  23753.19  23755.50
10265  23755.50  23757.81
10266  23757.81  23760.12
10267  23760.12  23762.44
10268  23762.44  23764.75
10269  23764.75  23767.06
10270  23767.06  23769.38
10271  23769.38  23771.69
10272  23771.69  23774.00
10273  23774.00  23776.31
10274  23776.31  23778.62
10275  23778.62  23780.94
10276  23780.94  23783.25
10277  23783.25  23785.56
10278  23785.56  23787.88
10279  23787.88  23790.19
10280  23790.19  23792.50
10281  23792.50  23794.81
10282  23794.81  23797.12
10283  23797.12  23799.44
10284  23799.44  23801.75
10285  23801.75  23804.06
10286  23804.06  23806.38
10287  23806.38  23808.69
10288  23808.69  23811.00
10289  23811.00  23813.31
10290  23813.31  23815.62
10291  23815.62  23817.94
10292  23817.94  23820.25
10293  23820.25  23822.56
10294  23822.56  23824.88
10295  23824.88  23827.19
10296  23827.19  23829.50
10297  23829.50  23831.81
10298  23831.81  23834.12
10299  23834.12  23836.44
10300  23836.44  23838.75
10301  23838.75  23841.06
10302  23841.06  23843.38
10303  23843.38  23845.69
10304  23845.69  23848.00
10305  23848.00  23850.31
10306  23850.31  23852.62
10307  23852.62  23854.94
10308  23854.94  23857.25
10309  23857.25  23859.56
10310  23859.56  23861.88
10311  23861.88  23864.19
10312  23864.19  23866.50
10313  23866.50  23868.81
10314  23868.81  23871.12
10315  23871.12  23873.44
10316  23873.44  23875.75
10317  23875.75  23878.06
10318  23878.06  23880.38
10319  23880.38  23882.69
10320  23882.69  23885.00
10321  23885.00  23887.31
10322  23887.31  23889.62
10323  23889.62  23891.94
10324  23891.94  23894.25
10325  23894.25  23896.56
10326  23896.56  23898.88
10327  23898.88  23901.19
10328  23901.19  23903.50
10329  23903.50  23905.81
10330  23905.81  23908.12
10331  23908.12  23910.44
10332  23910.44  23912.75
10333  23912.75  23915.06
10334  23915.06  23917.38
10335  23917.38  23919.69
10336  23919.69  23922.00
10337  23922.00  23924.31
10338  23924.31  23926.62
10339  23926.62  23928.94
10340  23928.94  23931.25
10341  23931.25  23933.56
10342  23933.56  23935.88
10343  23935.88  23938.19
10344  23938.19  23940.50
10345  23940.50  23942.81
10346  23942.81  23945.12
10347  23945.12  23947.44
10348  23947.44  23949.75
10349  23949.75  23952.06
10350  23952.06  23954.38
10351  23954.38  23956.69
10352  23956.69  23959.00
10353  23959.00  23961.31
10354  23961.31  23963.62
10355  23963.62  23965.94
10356  23965.94  23968.25
10357  23968.25  23970.56
10358  23970.56  23972.88
10359  23972.88  23975.19
10360  23975.19  23977.50
10361  23977.50  23979.81
10362  23979.81  23982.12
10363  23982.12  23984.44
10364  23984.44  23986.75
10365  23986.75  23989.06
10366  23989.06  23991.38
10367  23991.38  23993.69
10368  23993.69  23996.00
10369  23996.00  23998.31
10370  23998.31  24000.62
10371  24000.62  24002.94
10372  24002.94  24005.25
10373  24005.25  24007.56
10374  24007.56  24009.88
10375  24009.88  24012.19
10376  24012.19  24014.50
10377  24014.50  24016.81
10378  24016.81  24019.12
10379  24019.12  24021.44
10380  24021.44  24023.75
10381  24023.75  24026.06
10382  24026.06  24028.38
10383  24028.38  24030.69
10384  24030.69  24033.00
10385  24033.00  24035.31
10386  24035.31  24037.62
10387  24037.62  24039.94
10388  24039.94  24042.25
10389  24042.25  24044.56
10390  24044.56  24046.88
10391  24046.88  24049.19
10392  24049.19  24051.50
10393  24051.50  24053.81
10394  24053.81  24056.12
10395  24056.12  24058.44
10396  24058.44  24060.75
10397  24060.75  24063.06
10398  24063.06  24065.38
10399  24065.38  24067.69
10400  24067.69  24070.00
10401  24070.00  24072.31
10402  24072.31  24074.62
10403  24074.62  24076.94
10404  24076.94  24079.25
10405  24079.25  24081.56
10406  24081.56  24083.88
10407  24083.88  24086.19
10408  24086.19  24088.50
10409  24088.50  24090.81
10410  24090.81  24093.12
10411  24093.12  24095.44
10412  24095.44  24097.75
10413  24097.75  24100.06
10414  24100.06  24102.38
10415  24102.38  24104.69
10416  24104.69  24107.00
10417  24107.00  24109.31
10418  24109.31  24111.62
10419  24111.62  24113.94
10420  24113.94  24116.25
10421  24116.25  24118.56
10422  24118.56  24120.88
10423  24120.88  24123.19
10424  24123.19  24125.50
10425  24125.50  24127.81
10426  24127.81  24130.12
10427  24130.12  24132.44
10428  24132.44  24134.75
10429  24134.75  24137.06
10430  24137.06  24139.38
10431  24139.38  24141.69
10432  24141.69  24144.00
10433  24144.00  24146.31
10434  24146.31  24148.62
10435  24148.62  24150.94
10436  24150.94  24153.25
10437  24153.25  24155.56
10438  24155.56  24157.88
10439  24157.88  24160.19
10440  24160.19  24162.50
10441  24162.50  24164.81
10442  24164.81  24167.12
10443  24167.12  24169.44
10444  24169.44  24171.75
10445  24171.75  24174.06
10446  24174.06  24176.38
10447  24176.38  24178.69
10448  24178.69  24181.00
10449  24181.00  24183.31
10450  24183.31  24185.62
10451  24185.62  24187.94
10452  24187.94  24190.25
10453  24190.25  24192.56
10454  24192.56  24194.88
10455  24194.88  24197.19
10456  24197.19  24199.50
10457  24199.50  24201.81
10458  24201.81  24204.12
10459  24204.12  24206.44
10460  24206.44  24208.75
10461  24208.75  24211.06
10462  24211.06  24213.38
10463  24213.38  24215.69
10464  24215.69  24218.00
10465  24218.00  24220.31
10466  24220.31  24222.62
10467  24222.62  24224.94
10468  24224.94  24227.25
10469  24227.25  24229.56
10470  24229.56  24231.88
10471  24231.88  24234.19
10472  24234.19  24236.50
10473  24236.50  24238.81
10474  24238.81  24241.12
10475  24241.12  24243.44
10476  24243.44  24245.75
10477  24245.75  24248.06
10478  24248.06  24250.38
10479  24250.38  24252.69
10480  24252.69  24255.00
10481  24255.00  24257.31
10482  24257.31  24259.62
10483  24259.62  24261.94
10484  24261.94  24264.25
10485  24264.25  24266.56
10486  24266.56  24268.88
10487  24268.88  24271.19
10488  24271.19  24273.50
10489  24273.50  24275.81
10490  24275.81  24278.12
10491  24278.12  24280.44
10492  24280.44  24282.75
10493  24282.75  24285.06
10494  24285.06  24287.38
10495  24287.38  24289.69
10496  24289.69  24292.00
10497  24292.00  24294.31
10498  24294.31  24296.62
10499  24296.62  24298.94
10500  24298.94  24301.25
10501  24301.25  24303.56
10502  24303.56  24305.88
10503  24305.88  24308.19
10504  24308.19  24310.50
10505  24310.50  24312.81
10506  24312.81  24315.12
10507  24315.12  24317.44
10508  24317.44  24319.75
10509  24319.75  24322.06
10510  24322.06  24324.38
10511  24324.38  24326.69
10512  24326.69  24329.00
10513  24329.00  24331.31
10514  24331.31  24333.62
10515  24333.62  24335.94
10516  24335.94  24338.25
10517  24338.25  24340.56
10518  24340.56  24342.88
10519  24342.88  24345.19
10520  24345.19  24347.50
10521  24347.50  24349.81
10522  24349.81  24352.12
10523  24352.12  24354.44
10524  24354.44  24356.75
10525  24356.75  24359.06
10526  24359.06  24361.38
10527  24361.38  24363.69
10528  24363.69  24366.00
10529  24366.00  24368.31
10530  24368.31  24370.62
10531  24370.62  24372.94
10532  24372.94  24375.25
10533  24375.25  24377.56
10534  24377.56  24379.88
10535  24379.88  24382.19
10536  24382.19  24384.50
10537  24384.50  24386.81
10538  24386.81  24389.12
10539  24389.12  24391.44
10540  24391.44  24393.75
10541  24393.75  24396.06
10542  24396.06  24398.38
10543  24398.38  24400.69
10544  24400.69  24403.00
10545  24403.00  24405.31
10546  24405.31  24407.62
10547  24407.62  24409.94
10548  24409.94  24412.25
10549  24412.25  24414.56
10550  24414.56  24416.88
10551  24416.88  24419.19
10552  24419.19  24421.50
10553  24421.50  24423.81
10554  24423.81  24426.12
10555  24426.12  24428.44
10556  24428.44  24430.75
10557  24430.75  24433.06
10558  24433.06  24435.38
10559  24435.38  24437.69
10560  24437.69  24440.00
10561  24440.00  24442.31
10562  24442.31  24444.62
10563  24444.62  24446.94
10564  24446.94  24449.25
10565  24449.25  24451.56
10566  24451.56  24453.88
10567  24453.88  24456.19
10568  24456.19  24458.50
10569  24458.50  24460.81
10570  24460.81  24463.12
10571  24463.12  24465.44
10572  24465.44  24467.75
10573  24467.75  24470.06
10574  24470.06  24472.38
10575  24472.38  24474.69
10576  24474.69  24477.00
10577  24477.00  24479.31
10578  24479.31  24481.62
10579  24481.62  24483.94
10580  24483.94  24486.25
10581  24486.25  24488.56
10582  24488.56  24490.88
10583  24490.88  24493.19
10584  24493.19  24495.50
10585  24495.50  24497.81
10586  24497.81  24500.12
10587  24500.12  24502.44
10588  24502.44  24504.75
10589  24504.75  24507.06
10590  24507.06  24509.38
10591  24509.38  24511.69
10592  24511.69  24514.00
10593  24514.00  24516.31
10594  24516.31  24518.62
10595  24518.62  24520.94
10596  24520.94  24523.25
10597  24523.25  24525.56
10598  24525.56  24527.88
10599  24527.88  24530.19
10600  24530.19  24532.50
10601  24532.50  24534.81
10602  24534.81  24537.12
10603  24537.12  24539.44
10604  24539.44  24541.75
10605  24541.75  24544.06
10606  24544.06  24546.38
10607  24546.38  24548.69
10608  24548.69  24551.00
10609  24551.00  24553.31
10610  24553.31  24555.62
10611  24555.62  24557.94
10612  24557.94  24560.25
10613  24560.25  24562.56
10614  24562.56  24564.88
10615  24564.88  24567.19
10616  24567.19  24569.50
10617  24569.50  24571.81
10618  24571.81  24574.12
10619  24574.12  24576.44
10620  24576.44  24578.75
10621  24578.75  24581.06
10622  24581.06  24583.38
10623  24583.38  24585.69
10624  24585.69  24588.00
10625  24588.00  24590.31
10626  24590.31  24592.62
10627  24592.62  24594.94
10628  24594.94  24597.25
10629  24597.25  24599.56
10630  24599.56  24601.88
10631  24601.88  24604.19
10632  24604.19  24606.50
10633  24606.50  24608.81
10634  24608.81  24611.12
10635  24611.12  24613.44
10636  24613.44  24615.75
10637  24615.75  24618.06
10638  24618.06  24620.38
10639  24620.38  24622.69
10640  24622.69  24625.00
10641  24625.00  24627.31
10642  24627.31  24629.62
10643  24629.62  24631.94
10644  24631.94  24634.25
10645  24634.25  24636.56
10646  24636.56  24638.88
10647  24638.88  24641.19
10648  24641.19  24643.50
10649  24643.50  24645.81
10650  24645.81  24648.12
10651  24648.12  24650.44
10652  24650.44  24652.75
10653  24652.75  24655.06
10654  24655.06  24657.38
10655  24657.38  24659.69
10656  24659.69  24662.00
10657  24662.00  24664.31
10658  24664.31  24666.62
10659  24666.62  24668.94
10660  24668.94  24671.25
10661  24671.25  24673.56
10662  24673.56  24675.88
10663  24675.88  24678.19
10664  24678.19  24680.50
10665  24680.50  24682.81
10666  24682.81  24685.12
10667  24685.12  24687.44
10668  24687.44  24689.75
10669  24689.75  24692.06
10670  24692.06  24694.38
10671  24694.38  24696.69
10672  24696.69  24699.00
10673  24699.00  24701.31
10674  24701.31  24703.62
10675  24703.62  24705.94
10676  24705.94  24708.25
10677  24708.25  24710.56
10678  24710.56  24712.88
10679  24712.88  24715.19
10680  24715.19  24717.50
10681  24717.50  24719.81
10682  24719.81  24722.12
10683  24722.12  24724.44
10684  24724.44  24726.75
10685  24726.75  24729.06
10686  24729.06  24731.38
10687  24731.38  24733.69
10688  24733.69  24736.00
10689  24736.00  24738.31
10690  24738.31  24740.62
10691  24740.62  24742.94
10692  24742.94  24745.25
10693  24745.25  24747.56
10694  24747.56  24749.88
10695  24749.88  24752.19
10696  24752.19  24754.50
10697  24754.50  24756.81
10698  24756.81  24759.12
10699  24759.12  24761.44
10700  24761.44  24763.75
10701  24763.75  24766.06
10702  24766.06  24768.38
10703  24768.38  24770.69
10704  24770.69  24773.00
10705  24773.00  24775.31
10706  24775.31  24777.62
10707  24777.62  24779.94
10708  24779.94  24782.25
10709  24782.25  24784.56
10710  24784.56  24786.88
10711  24786.88  24789.19
10712  24789.19  24791.50
10713  24791.50  24793.81
10714  24793.81  24796.12
10715  24796.12  24798.44
10716  24798.44  24800.75
10717  24800.75  24803.06
10718  24803.06  24805.38
10719  24805.38  24807.69
10720  24807.69  24810.00
10721  24810.00  24812.31
10722  24812.31  24814.62
10723  24814.62  24816.94
10724  24816.94  24819.25
10725  24819.25  24821.56
10726  24821.56  24823.88
10727  24823.88  24826.19
10728  24826.19  24828.50
10729  24828.50  24830.81
10730  24830.81  24833.12
10731  24833.12  24835.44
10732  24835.44  24837.75
10733  24837.75  24840.06
10734  24840.06  24842.38
10735  24842.38  24844.69
10736  24844.69  24847.00
10737  24847.00  24849.31
10738  24849.31  24851.62
10739  24851.62  24853.94
10740  24853.94  24856.25
10741  24856.25  24858.56
10742  24858.56  24860.88
10743  24860.88  24863.19
10744  24863.19  24865.50
10745  24865.50  24867.81
10746  24867.81  24870.12
10747  24870.12  24872.44
10748  24872.44  24874.75
10749  24874.75  24877.06
10750  24877.06  24879.38
10751  24879.38  24881.69
10752  24881.69  24884.00
10753  24884.00  24886.31
10754  24886.31  24888.62
10755  24888.62  24890.94
10756  24890.94  24893.25
10757  24893.25  24895.56
10758  24895.56  24897.88
10759  24897.88  24900.19
10760  24900.19  24902.50
10761  24902.50  24904.81
10762  24904.81  24907.12
10763  24907.12  24909.44
10764  24909.44  24911.75
10765  24911.75  24914.06
10766  24914.06  24916.38
10767  24916.38  24918.69
10768  24918.69  24921.00
10769  24921.00  24923.31
10770  24923.31  24925.62
10771  24925.62  24927.94
10772  24927.94  24930.25
10773  24930.25  24932.56
10774  24932.56  24934.88
10775  24934.88  24937.19
10776  24937.19  24939.50
10777  24939.50  24941.81
10778  24941.81  24944.12
10779  24944.12  24946.44
10780  24946.44  24948.75
10781  24948.75  24951.06
10782  24951.06  24953.38
10783  24953.38  24955.69
10784  24955.69  24958.00
10785  24958.00  24960.31
10786  24960.31  24962.62
10787  24962.62  24964.94
10788  24964.94  24967.25
10789  24967.25  24969.56
10790  24969.56  24971.88
10791  24971.88  24974.19
10792  24974.19  24976.50
10793  24976.50  24978.81
10794  24978.81  24981.12
10795  24981.12  24983.44
10796  24983.44  24985.75
10797  24985.75  24988.06
10798  24988.06  24990.38
10799  24990.38  24992.69
10800  24992.69  24995.00
10801  24995.00  24997.31
10802  24997.31  24999.62
10803  24999.62  25001.94
10804  25001.94  25004.25
10805  25004.25  25006.56
10806  25006.56  25008.88
10807  25008.88  25011.19
10808  25011.19  25013.50
10809  25013.50  25015.81
10810  25015.81  25018.12
10811  25018.12  25020.44
10812  25020.44  25022.75
10813  25022.75  25025.06
10814  25025.06  25027.38
10815  25027.38  25029.69
10816  25029.69  25032.00
10817  25032.00  25034.31
10818  25034.31  25036.62
10819  25036.62  25038.94
10820  25038.94  25041.25
10821  25041.25  25043.56
10822  25043.56  25045.88
10823  25045.88  25048.19
10824  25048.19  25050.50
10825  25050.50  25052.81
10826  25052.81  25055.12
10827  25055.12  25057.44
10828  25057.44  25059.75
10829  25059.75  25062.06
10830  25062.06  25064.38
10831  25064.38  25066.69
10832  25066.69  25069.00
10833  25069.00  25071.31
10834  25071.31  25073.62
10835  25073.62  25075.94
10836  25075.94  25078.25
10837  25078.25  25080.56
10838  25080.56  25082.88
10839  25082.88  25085.19
10840  25085.19  25087.50
10841  25087.50  25089.81
10842  25089.81  25092.12
10843  25092.12  25094.44
10844  25094.44  25096.75
10845  25096.75  25099.06
10846  25099.06  25101.38
10847  25101.38  25103.69
10848  25103.69  25106.00
10849  25106.00  25108.31
10850  25108.31  25110.62
10851  25110.62  25112.94
10852  25112.94  25115.25
10853  25115.25  25117.56
10854  25117.56  25119.88
10855  25119.88  25122.19
10856  25122.19  25124.50
10857  25124.50  25126.81
10858  25126.81  25129.12
10859  25129.12  25131.44
10860  25131.44  25133.75
10861  25133.75  25136.06
10862  25136.06  25138.38
10863  25138.38  25140.69
10864  25140.69  25143.00
10865  25143.00  25145.31
10866  25145.31  25147.62
10867  25147.62  25149.94
10868  25149.94  25152.25
10869  25152.25  25154.56
10870  25154.56  25156.88
10871  25156.88  25159.19
10872  25159.19  25161.50
10873  25161.50  25163.81
10874  25163.81  25166.12
10875  25166.12  25168.44
10876  25168.44  25170.75
10877  25170.75  25173.06
10878  25173.06  25175.38
10879  25175.38  25177.69
10880  25177.69  25180.00
10881  25180.00  25182.31
10882  25182.31  25184.62
10883  25184.62  25186.94
10884  25186.94  25189.25
10885  25189.25  25191.56
10886  25191.56  25193.88
10887  25193.88  25196.19
10888  25196.19  25198.50
10889  25198.50  25200.81
10890  25200.81  25203.12
10891  25203.12  25205.44
10892  25205.44  25207.75
10893  25207.75  25210.06
10894  25210.06  25212.38
10895  25212.38  25214.69
10896  25214.69  25217.00
10897  25217.00  25219.31
10898  25219.31  25221.62
10899  25221.62  25223.94
10900  25223.94  25226.25
10901  25226.25  25228.56
10902  25228.56  25230.88
10903  25230.88  25233.19
10904  25233.19  25235.50
10905  25235.50  25237.81
10906  25237.81  25240.12
10907  25240.12  25242.44
10908  25242.44  25244.75
10909  25244.75  25247.06
10910  25247.06  25249.38
10911  25249.38  25251.69
10912  25251.69  25254.00
10913  25254.00  25256.31
10914  25256.31  25258.62
10915  25258.62  25260.94
10916  25260.94  25263.25
10917  25263.25  25265.56
10918  25265.56  25267.88
10919  25267.88  25270.19
10920  25270.19  25272.50
10921  25272.50  25274.81
10922  25274.81  25277.12
10923  25277.12  25279.44
10924  25279.44  25281.75
10925  25281.75  25284.06
10926  25284.06  25286.38
10927  25286.38  25288.69
10928  25288.69  25291.00
10929  25291.00  25293.31
10930  25293.31  25295.62
10931  25295.62  25297.94
10932  25297.94  25300.25
10933  25300.25  25302.56
10934  25302.56  25304.88
10935  25304.88  25307.19
10936  25307.19  25309.50
10937  25309.50  25311.81
10938  25311.81  25314.12
10939  25314.12  25316.44
10940  25316.44  25318.75
10941  25318.75  25321.06
10942  25321.06  25323.38
10943  25323.38  25325.69
10944  25325.69  25328.00
10945  25328.00  25330.31
10946  25330.31  25332.62
10947  25332.62  25334.94
10948  25334.94  25337.25
10949  25337.25  25339.56
10950  25339.56  25341.88
10951  25341.88  25344.19
10952  25344.19  25346.50
10953  25346.50  25348.81
10954  25348.81  25351.12
10955  25351.12  25353.44
10956  25353.44  25355.75
10957  25355.75  25358.06
10958  25358.06  25360.38
10959  25360.38  25362.69
10960  25362.69  25365.00
10961  25365.00  25367.31
10962  25367.31  25369.62
10963  25369.62  25371.94
10964  25371.94  25374.25
10965  25374.25  25376.56
10966  25376.56  25378.88
10967  25378.88  25381.19
10968  25381.19  25383.50
10969  25383.50  25385.81
10970  25385.81  25388.12
10971  25388.12  25390.44
10972  25390.44  25392.75
10973  25392.75  25395.06
10974  25395.06  25397.38
10975  25397.38  25399.69
10976  25399.69  25402.00
10977  25402.00  25404.31
10978  25404.31  25406.62
10979  25406.62  25408.94
10980  25408.94  25411.25
10981  25411.25  25413.56
10982  25413.56  25415.88
10983  25415.88  25418.19
10984  25418.19  25420.50
10985  25420.50  25422.81
10986  25422.81  25425.12
10987  25425.12  25427.44
10988  25427.44  25429.75
10989  25429.75  25432.06
10990  25432.06  25434.38
10991  25434.38  25436.69
10992  25436.69  25439.00
10993  25439.00  25441.31
10994  25441.31  25443.62
10995  25443.62  25445.94
10996  25445.94  25448.25
10997  25448.25  25450.56
10998  25450.56  25452.88
10999  25452.88  25455.19
11000  25455.19  25457.50
11001  25457.50  25459.81
11002  25459.81  25462.12
11003  25462.12  25464.44
11004  25464.44  25466.75
11005  25466.75  25469.06
11006  25469.06  25471.38
11007  25471.38  25473.69
11008  25473.69  25476.00
11009  25476.00  25478.31
11010  25478.31  25480.62
11011  25480.62  25482.94
11012  25482.94  25485.25
11013  25485.25  25487.56
11014  25487.56  25489.88
11015  25489.88  25492.19
11016  25492.19  25494.50
11017  25494.50  25496.81
11018  25496.81  25499.12
11019  25499.12  25501.44
11020  25501.44  25503.75
11021  25503.75  25506.06
11022  25506.06  25508.38
11023  25508.38  25510.69
11024  25510.69  25513.00
11025  25513.00  25515.31
11026  25515.31  25517.62
11027  25517.62  25519.94
11028  25519.94  25522.25
11029  25522.25  25524.56
11030  25524.56  25526.88
11031  25526.88  25529.19
11032  25529.19  25531.50
11033  25531.50  25533.81
11034  25533.81  25536.12
11035  25536.12  25538.44
11036  25538.44  25540.75
11037  25540.75  25543.06
11038  25543.06  25545.38
11039  25545.38  25547.69
11040  25547.69  25550.00
11041  25550.00  25552.31
11042  25552.31  25554.62
11043  25554.62  25556.94
11044  25556.94  25559.25
11045  25559.25  25561.56
11046  25561.56  25563.88
11047  25563.88  25566.19
11048  25566.19  25568.50
11049  25568.50  25570.81
11050  25570.81  25573.12
11051  25573.12  25575.44
11052  25575.44  25577.75
11053  25577.75  25580.06
11054  25580.06  25582.38
11055  25582.38  25584.69
11056  25584.69  25587.00
11057  25587.00  25589.31
11058  25589.31  25591.62
11059  25591.62  25593.94
11060  25593.94  25596.25
11061  25596.25  25598.56
11062  25598.56  25600.88
11063  25600.88  25603.19
11064  25603.19  25605.50
11065  25605.50  25607.81
11066  25607.81  25610.12
11067  25610.12  25612.44
11068  25612.44  25614.75
11069  25614.75  25617.06
11070  25617.06  25619.38
11071  25619.38  25621.69
11072  25621.69  25624.00
11073  25624.00  25626.31
11074  25626.31  25628.62
11075  25628.62  25630.94
11076  25630.94  25633.25
11077  25633.25  25635.56
11078  25635.56  25637.88
11079  25637.88  25640.19
11080  25640.19  25642.50
11081  25642.50  25644.81
11082  25644.81  25647.12
11083  25647.12  25649.44
11084  25649.44  25651.75
11085  25651.75  25654.06
11086  25654.06  25656.38
11087  25656.38  25658.69
11088  25658.69  25661.00
11089  25661.00  25663.31
11090  25663.31  25665.62
11091  25665.62  25667.94
11092  25667.94  25670.25
11093  25670.25  25672.56
11094  25672.56  25674.88
11095  25674.88  25677.19
11096  25677.19  25679.50
11097  25679.50  25681.81
11098  25681.81  25684.12
11099  25684.12  25686.44
11100  25686.44  25688.75
11101  25688.75  25691.06
11102  25691.06  25693.38
11103  25693.38  25695.69
11104  25695.69  25698.00
11105  25698.00  25700.31
11106  25700.31  25702.62
11107  25702.62  25704.94
11108  25704.94  25707.25
11109  25707.25  25709.56
11110  25709.56  25711.88
11111  25711.88  25714.19
11112  25714.19  25716.50
11113  25716.50  25718.81
11114  25718.81  25721.12
11115  25721.12  25723.44
11116  25723.44  25725.75
11117  25725.75  25728.06
11118  25728.06  25730.38
11119  25730.38  25732.69
11120  25732.69  25735.00
11121  25735.00  25737.31
11122  25737.31  25739.62
11123  25739.62  25741.94
11124  25741.94  25744.25
11125  25744.25  25746.56
11126  25746.56  25748.88
11127  25748.88  25751.19
11128  25751.19  25753.50
11129  25753.50  25755.81
11130  25755.81  25758.12
11131  25758.12  25760.44
11132  25760.44  25762.75
11133  25762.75  25765.06
11134  25765.06  25767.38
11135  25767.38  25769.69
11136  25769.69  25772.00
11137  25772.00  25774.31
11138  25774.31  25776.62
11139  25776.62  25778.94
11140  25778.94  25781.25
11141  25781.25  25783.56
11142  25783.56  25785.88
11143  25785.88  25788.19
11144  25788.19  25790.50
11145  25790.50  25792.81
11146  25792.81  25795.12
11147  25795.12  25797.44
11148  25797.44  25799.75
11149  25799.75  25802.06
11150  25802.06  25804.38
11151  25804.38  25806.69
11152  25806.69  25809.00
11153  25809.00  25811.31
11154  25811.31  25813.62
11155  25813.62  25815.94
11156  25815.94  25818.25
11157  25818.25  25820.56
11158  25820.56  25822.88
11159  25822.88  25825.19
11160  25825.19  25827.50
11161  25827.50  25829.81
11162  25829.81  25832.12
11163  25832.12  25834.44
11164  25834.44  25836.75
11165  25836.75  25839.06
11166  25839.06  25841.38
11167  25841.38  25843.69
11168  25843.69  25846.00
11169  25846.00  25848.31
11170  25848.31  25850.62
11171  25850.62  25852.94
11172  25852.94  25855.25
11173  25855.25  25857.56
11174  25857.56  25859.88
11175  25859.88  25862.19
11176  25862.19  25864.50
11177  25864.50  25866.81
11178  25866.81  25869.12
11179  25869.12  25871.44
11180  25871.44  25873.75
11181  25873.75  25876.06
11182  25876.06  25878.38
11183  25878.38  25880.69
11184  25880.69  25883.00
11185  25883.00  25885.31
11186  25885.31  25887.62
11187  25887.62  25889.94
11188  25889.94  25892.25
11189  25892.25  25894.56
11190  25894.56  25896.88
11191  25896.88  25899.19
11192  25899.19  25901.50
11193  25901.50  25903.81
11194  25903.81  25906.12
11195  25906.12  25908.44
11196  25908.44  25910.75
11197  25910.75  25913.06
11198  25913.06  25915.38
11199  25915.38  25917.69
11200  25917.69  25920.00
11201  25920.00  25922.31
11202  25922.31  25924.62
11203  25924.62  25926.94
11204  25926.94  25929.25
11205  25929.25  25931.56
11206  25931.56  25933.88
11207  25933.88  25936.19
11208  25936.19  25938.50
11209  25938.50  25940.81
11210  25940.81  25943.12
11211  25943.12  25945.44
11212  25945.44  25947.75
11213  25947.75  25950.06
11214  25950.06  25952.38
11215  25952.38  25954.69
11216  25954.69  25957.00
11217  25957.00  25959.31
11218  25959.31  25961.62
11219  25961.62  25963.94
11220  25963.94  25966.25
11221  25966.25  25968.56
11222  25968.56  25970.88
11223  25970.88  25973.19
11224  25973.19  25975.50
11225  25975.50  25977.81
11226  25977.81  25980.12
11227  25980.12  25982.44
11228  25982.44  25984.75
11229  25984.75  25987.06
11230  25987.06  25989.38
11231  25989.38  25991.69
11232  25991.69  25994.00
11233  25994.00  25996.31
11234  25996.31  25998.62
11235  25998.62  26000.94
11236  26000.94  26003.25
11237  26003.25  26005.56
11238  26005.56  26007.88
11239  26007.88  26010.19
11240  26010.19  26012.50
11241  26012.50  26014.81
11242  26014.81  26017.12
11243  26017.12  26019.44
11244  26019.44  26021.75
11245  26021.75  26024.06
11246  26024.06  26026.38
11247  26026.38  26028.69
11248  26028.69  26031.00
11249  26031.00  26033.31
11250  26033.31  26035.62
11251  26035.62  26037.94
11252  26037.94  26040.25
11253  26040.25  26042.56
11254  26042.56  26044.88
11255  26044.88  26047.19
11256  26047.19  26049.50
11257  26049.50  26051.81
11258  26051.81  26054.12
11259  26054.12  26056.44
11260  26056.44  26058.75
11261  26058.75  26061.06
11262  26061.06  26063.38
11263  26063.38  26065.69
11264  26065.69  26068.00
11265  26068.00  26070.31
11266  26070.31  26072.62
11267  26072.62  26074.94
11268  26074.94  26077.25
11269  26077.25  26079.56
11270  26079.56  26081.88
11271  26081.88  26084.19
11272  26084.19  26086.50
11273  26086.50  26088.81
11274  26088.81  26091.12
11275  26091.12  26093.44
11276  26093.44  26095.75
11277  26095.75  26098.06
11278  26098.06  26100.38
11279  26100.38  26102.69
11280  26102.69  26105.00
11281  26105.00  26107.31
11282  26107.31  26109.62
11283  26109.62  26111.94
11284  26111.94  26114.25
11285  26114.25  26116.56
11286  26116.56  26118.88
11287  26118.88  26121.19
11288  26121.19  26123.50
11289  26123.50  26125.81
11290  26125.81  26128.12
11291  26128.12  26130.44
11292  26130.44  26132.75
11293  26132.75  26135.06
11294  26135.06  26137.38
11295  26137.38  26139.69
11296  26139.69  26142.00
11297  26142.00  26144.31
11298  26144.31  26146.62
11299  26146.62  26148.94
11300  26148.94  26151.25
11301  26151.25  26153.56
11302  26153.56  26155.88
11303  26155.88  26158.19
11304  26158.19  26160.50
11305  26160.50  26162.81
11306  26162.81  26165.12
11307  26165.12  26167.44
11308  26167.44  26169.75
11309  26169.75  26172.06
11310  26172.06  26174.38
11311  26174.38  26176.69
11312  26176.69  26179.00
11313  26179.00  26181.31
11314  26181.31  26183.62
11315  26183.62  26185.94
11316  26185.94  26188.25
11317  26188.25  26190.56
11318  26190.56  26192.88
11319  26192.88  26195.19
11320  26195.19  26197.50
11321  26197.50  26199.81
11322  26199.81  26202.12
11323  26202.12  26204.44
11324  26204.44  26206.75
11325  26206.75  26209.06
11326  26209.06  26211.38
11327  26211.38  26213.69
11328  26213.69  26216.00
11329  26216.00  26218.31
11330  26218.31  26220.62
11331  26220.62  26222.94
11332  26222.94  26225.25
11333  26225.25  26227.56
11334  26227.56  26229.88
11335  26229.88  26232.19
11336  26232.19  26234.50
11337  26234.50  26236.81
11338  26236.81  26239.12
11339  26239.12  26241.44
11340  26241.44  26243.75
11341  26243.75  26246.06
11342  26246.06  26248.38
11343  26248.38  26250.69
11344  26250.69  26253.00
11345  26253.00  26255.31
11346  26255.31  26257.62
11347  26257.62  26259.94
11348  26259.94  26262.25
11349  26262.25  26264.56
11350  26264.56  26266.88
11351  26266.88  26269.19
11352  26269.19  26271.50
11353  26271.50  26273.81
11354  26273.81  26276.12
11355  26276.12  26278.44
11356  26278.44  26280.75
11357  26280.75  26283.06
11358  26283.06  26285.38
11359  26285.38  26287.69
11360  26287.69  26290.00
11361  26290.00  26292.31
11362  26292.31  26294.62
11363  26294.62  26296.94
11364  26296.94  26299.25
11365  26299.25  26301.56
11366  26301.56  26303.88
11367  26303.88  26306.19
11368  26306.19  26308.50
11369  26308.50  26310.81
11370  26310.81  26313.12
11371  26313.12  26315.44
11372  26315.44  26317.75
11373  26317.75  26320.06
11374  26320.06  26322.38
11375  26322.38  26324.69
11376  26324.69  26327.00
11377  26327.00  26329.31
11378  26329.31  26331.62
11379  26331.62  26333.94
11380  26333.94  26336.25
11381  26336.25  26338.56
11382  26338.56  26340.88
11383  26340.88  26343.19
11384  26343.19  26345.50
11385  26345.50  26347.81
11386  26347.81  26350.12
11387  26350.12  26352.44
11388  26352.44  26354.75
11389  26354.75  26357.06
11390  26357.06  26359.38
11391  26359.38  26361.69
11392  26361.69  26364.00
11393  26364.00  26366.31
11394  26366.31  26368.62
11395  26368.62  26370.94
11396  26370.94  26373.25
11397  26373.25  26375.56
11398  26375.56  26377.88
11399  26377.88  26380.19
11400  26380.19  26382.50
11401  26382.50  26384.81
11402  26384.81  26387.12
11403  26387.12  26389.44
11404  26389.44  26391.75
11405  26391.75  26394.06
11406  26394.06  26396.38
11407  26396.38  26398.69
11408  26398.69  26401.00
11409  26401.00  26403.31
11410  26403.31  26405.62
11411  26405.62  26407.94
11412  26407.94  26410.25
11413  26410.25  26412.56
11414  26412.56  26414.88
11415  26414.88  26417.19
11416  26417.19  26419.50
11417  26419.50  26421.81
11418  26421.81  26424.12
11419  26424.12  26426.44
11420  26426.44  26428.75
11421  26428.75  26431.06
11422  26431.06  26433.38
11423  26433.38  26435.69
11424  26435.69  26438.00
11425  26438.00  26440.31
11426  26440.31  26442.62
11427  26442.62  26444.94
11428  26444.94  26447.25
11429  26447.25  26449.56
11430  26449.56  26451.88
11431  26451.88  26454.19
11432  26454.19  26456.50
11433  26456.50  26458.81
11434  26458.81  26461.12
11435  26461.12  26463.44
11436  26463.44  26465.75
11437  26465.75  26468.06
11438  26468.06  26470.38
11439  26470.38  26472.69
11440  26472.69  26475.00
11441  26475.00  26477.31
11442  26477.31  26479.62
11443  26479.62  26481.94
11444  26481.94  26484.25
11445  26484.25  26486.56
11446  26486.56  26488.88
11447  26488.88  26491.19
11448  26491.19  26493.50
11449  26493.50  26495.81
11450  26495.81  26498.12
11451  26498.12  26500.44
11452  26500.44  26502.75
11453  26502.75  26505.06
11454  26505.06  26507.38
11455  26507.38  26509.69
11456  26509.69  26512.00
11457  26512.00  26514.31
11458  26514.31  26516.62
11459  26516.62  26518.94
11460  26518.94  26521.25
11461  26521.25  26523.56
11462  26523.56  26525.88
11463  26525.88  26528.19
11464  26528.19  26530.50
11465  26530.50  26532.81
11466  26532.81  26535.12
11467  26535.12  26537.44
11468  26537.44  26539.75
11469  26539.75  26542.06
11470  26542.06  26544.38
11471  26544.38  26546.69
11472  26546.69  26549.00
11473  26549.00  26551.31
11474  26551.31  26553.62
11475  26553.62  26555.94
11476  26555.94  26558.25
11477  26558.25  26560.56
11478  26560.56  26562.88
11479  26562.88  26565.19
11480  26565.19  26567.50
11481  26567.50  26569.81
11482  26569.81  26572.12
11483  26572.12  26574.44
11484  26574.44  26576.75
11485  26576.75  26579.06
11486  26579.06  26581.38
11487  26581.38  26583.69
11488  26583.69  26586.00
11489  26586.00  26588.31
11490  26588.31  26590.62
11491  26590.62  26592.94
11492  26592.94  26595.25
11493  26595.25  26597.56
11494  26597.56  26599.88
11495  26599.88  26602.19
11496  26602.19  26604.50
11497  26604.50  26606.81
11498  26606.81  26609.12
11499  26609.12  26611.44
11500  26611.44  26613.75
11501  26613.75  26616.06
11502  26616.06  26618.38
11503  26618.38  26620.69
11504  26620.69  26623.00
11505  26623.00  26625.31
11506  26625.31  26627.62
11507  26627.62  26629.94
11508  26629.94  26632.25
11509  26632.25  26634.56
11510  26634.56  26636.88
11511  26636.88  26639.19
11512  26639.19  26641.50
11513  26641.50  26643.81
11514  26643.81  26646.12
11515  26646.12  26648.44
11516  26648.44  26650.75
11517  26650.75  26653.06
11518  26653.06  26655.38
11519  26655.38  26657.69
11520  26657.69  26660.00
11521  26660.00  26662.31
11522  26662.31  26664.62
11523  26664.62  26666.94
11524  26666.94  26669.25
11525  26669.25  26671.56
11526  26671.56  26673.88
11527  26673.88  26676.19
11528  26676.19  26678.50
11529  26678.50  26680.81
11530  26680.81  26683.12
11531  26683.12  26685.44
11532  26685.44  26687.75
11533  26687.75  26690.06
11534  26690.06  26692.38
11535  26692.38  26694.69
11536  26694.69  26697.00
11537  26697.00  26699.31
11538  26699.31  26701.62
11539  26701.62  26703.94
11540  26703.94  26706.25
11541  26706.25  26708.56
11542  26708.56  26710.88
11543  26710.88  26713.19
11544  26713.19  26715.50
11545  26715.50  26717.81
11546  26717.81  26720.12
11547  26720.12  26722.44
11548  26722.44  26724.75
11549  26724.75  26727.06
11550  26727.06  26729.38
11551  26729.38  26731.69
11552  26731.69  26734.00
11553  26734.00  26736.31
11554  26736.31  26738.62
11555  26738.62  26740.94
11556  26740.94  26743.25
11557  26743.25  26745.56
11558  26745.56  26747.88
11559  26747.88  26750.19
11560  26750.19  26752.50
11561  26752.50  26754.81
11562  26754.81  26757.12
11563  26757.12  26759.44
11564  26759.44  26761.75
11565  26761.75  26764.06
11566  26764.06  26766.38
11567  26766.38  26768.69
11568  26768.69  26771.00
11569  26771.00  26773.31
11570  26773.31  26775.62
11571  26775.62  26777.94
11572  26777.94  26780.25
11573  26780.25  26782.56
11574  26782.56  26784.88
11575  26784.88  26787.19
11576  26787.19  26789.50
11577  26789.50  26791.81
11578  26791.81  26794.12
11579  26794.12  26796.44
11580  26796.44  26798.75
11581  26798.75  26801.06
11582  26801.06  26803.38
11583  26803.38  26805.69
11584  26805.69  26808.00
11585  26808.00  26810.31
11586  26810.31  26812.62
11587  26812.62  26814.94
11588  26814.94  26817.25
11589  26817.25  26819.56
11590  26819.56  26821.88
11591  26821.88  26824.19
11592  26824.19  26826.50
11593  26826.50  26828.81
11594  26828.81  26831.12
11595  26831.12  26833.44
11596  26833.44  26835.75
11597  26835.75  26838.06
11598  26838.06  26840.38
11599  26840.38  26842.69
11600  26842.69  26845.00
11601  26845.00  26847.31
11602  26847.31  26849.62
11603  26849.62  26851.94
11604  26851.94  26854.25
11605  26854.25  26856.56
11606  26856.56  26858.88
11607  26858.88  26861.19
11608  26861.19  26863.50
11609  26863.50  26865.81
11610  26865.81  26868.12
11611  26868.12  26870.44
11612  26870.44  26872.75
11613  26872.75  26875.06
11614  26875.06  26877.38
11615  26877.38  26879.69
11616  26879.69  26882.00
11617  26882.00  26884.31
11618  26884.31  26886.62
11619  26886.62  26888.94
11620  26888.94  26891.25
11621  26891.25  26893.56
11622  26893.56  26895.88
11623  26895.88  26898.19
11624  26898.19  26900.50
11625  26900.50  26902.81
11626  26902.81  26905.12
11627  26905.12  26907.44
11628  26907.44  26909.75
11629  26909.75  26912.06
11630  26912.06  26914.38
11631  26914.38  26916.69
11632  26916.69  26919.00
11633  26919.00  26921.31
11634  26921.31  26923.62
11635  26923.62  26925.94
11636  26925.94  26928.25
11637  26928.25  26930.56
11638  26930.56  26932.88
11639  26932.88  26935.19
11640  26935.19  26937.50
11641  26937.50  26939.81
11642  26939.81  26942.12
11643  26942.12  26944.44
11644  26944.44  26946.75
11645  26946.75  26949.06
11646  26949.06  26951.38
11647  26951.38  26953.69
11648  26953.69  26956.00
11649  26956.00  26958.31
11650  26958.31  26960.62
11651  26960.62  26962.94
11652  26962.94  26965.25
11653  26965.25  26967.56
11654  26967.56  26969.88
11655  26969.88  26972.19
11656  26972.19  26974.50
11657  26974.50  26976.81
11658  26976.81  26979.12
11659  26979.12  26981.44
11660  26981.44  26983.75
11661  26983.75  26986.06
11662  26986.06  26988.38
11663  26988.38  26990.69
11664  26990.69  26993.00
11665  26993.00  26995.31
11666  26995.31  26997.62
11667  26997.62  26999.94
11668  26999.94  27002.25
11669  27002.25  27004.56
11670  27004.56  27006.88
11671  27006.88  27009.19
11672  27009.19  27011.50
11673  27011.50  27013.81
11674  27013.81  27016.12
11675  27016.12  27018.44
11676  27018.44  27020.75
11677  27020.75  27023.06
11678  27023.06  27025.38
11679  27025.38  27027.69
11680  27027.69  27030.00
11681  27030.00  27032.31
11682  27032.31  27034.62
11683  27034.62  27036.94
11684  27036.94  27039.25
11685  27039.25  27041.56
11686  27041.56  27043.88
11687  27043.88  27046.19
11688  27046.19  27048.50
11689  27048.50  27050.81
11690  27050.81  27053.12
11691  27053.12  27055.44
11692  27055.44  27057.75
11693  27057.75  27060.06
11694  27060.06  27062.38
11695  27062.38  27064.69
11696  27064.69  27067.00
11697  27067.00  27069.31
11698  27069.31  27071.62
11699  27071.62  27073.94
11700  27073.94  27076.25
11701  27076.25  27078.56
11702  27078.56  27080.88
11703  27080.88  27083.19
11704  27083.19  27085.50
11705  27085.50  27087.81
11706  27087.81  27090.12
11707  27090.12  27092.44
11708  27092.44  27094.75
11709  27094.75  27097.06
11710  27097.06  27099.38
11711  27099.38  27101.69
11712  27101.69  27104.00
11713  27104.00  27106.31
11714  27106.31  27108.62
11715  27108.62  27110.94
11716  27110.94  27113.25
11717  27113.25  27115.56
11718  27115.56  27117.88
11719  27117.88  27120.19
11720  27120.19  27122.50
11721  27122.50  27124.81
11722  27124.81  27127.12
11723  27127.12  27129.44
11724  27129.44  27131.75
11725  27131.75  27134.06
11726  27134.06  27136.38
11727  27136.38  27138.69
11728  27138.69  27141.00
11729  27141.00  27143.31
11730  27143.31  27145.62
11731  27145.62  27147.94
11732  27147.94  27150.25
11733  27150.25  27152.56
11734  27152.56  27154.88
11735  27154.88  27157.19
11736  27157.19  27159.50
11737  27159.50  27161.81
11738  27161.81  27164.12
11739  27164.12  27166.44
11740  27166.44  27168.75
11741  27168.75  27171.06
11742  27171.06  27173.38
11743  27173.38  27175.69
11744  27175.69  27178.00
11745  27178.00  27180.31
11746  27180.31  27182.62
11747  27182.62  27184.94
11748  27184.94  27187.25
11749  27187.25  27189.56
11750  27189.56  27191.88
11751  27191.88  27194.19
11752  27194.19  27196.50
11753  27196.50  27198.81
11754  27198.81  27201.12
11755  27201.12  27203.44
11756  27203.44  27205.75
11757  27205.75  27208.06
11758  27208.06  27210.38
11759  27210.38  27212.69
11760  27212.69  27215.00
11761  27215.00  27217.31
11762  27217.31  27219.62
11763  27219.62  27221.94
11764  27221.94  27224.25
11765  27224.25  27226.56
11766  27226.56  27228.88
11767  27228.88  27231.19
11768  27231.19  27233.50
11769  27233.50  27235.81
11770  27235.81  27238.12
11771  27238.12  27240.44
11772  27240.44  27242.75
11773  27242.75  27245.06
11774  27245.06  27247.38
11775  27247.38  27249.69
11776  27249.69  27252.00
11777  27252.00  27254.31
11778  27254.31  27256.62
11779  27256.62  27258.94
11780  27258.94  27261.25
11781  27261.25  27263.56
11782  27263.56  27265.88
11783  27265.88  27268.19
11784  27268.19  27270.50
11785  27270.50  27272.81
11786  27272.81  27275.12
11787  27275.12  27277.44
11788  27277.44  27279.75
11789  27279.75  27282.06
11790  27282.06  27284.38
11791  27284.38  27286.69
11792  27286.69  27289.00
11793  27289.00  27291.31
11794  27291.31  27293.62
11795  27293.62  27295.94
11796  27295.94  27298.25
11797  27298.25  27300.56
11798  27300.56  27302.88
11799  27302.88  27305.19
11800  27305.19  27307.50
11801  27307.50  27309.81
11802  27309.81  27312.12
11803  27312.12  27314.44
11804  27314.44  27316.75
11805  27316.75  27319.06
11806  27319.06  27321.38
11807  27321.38  27323.69
11808  27323.69  27326.00
11809  27326.00  27328.31
11810  27328.31  27330.62
11811  27330.62  27332.94
11812  27332.94  27335.25
11813  27335.25  27337.56
11814  27337.56  27339.88
11815  27339.88  27342.19
11816  27342.19  27344.50
11817  27344.50  27346.81
11818  27346.81  27349.12
11819  27349.12  27351.44
11820  27351.44  27353.75
11821  27353.75  27356.06
11822  27356.06  27358.38
11823  27358.38  27360.69
11824  27360.69  27363.00
11825  27363.00  27365.31
11826  27365.31  27367.62
11827  27367.62  27369.94
11828  27369.94  27372.25
11829  27372.25  27374.56
11830  27374.56  27376.88
11831  27376.88  27379.19
11832  27379.19  27381.50
11833  27381.50  27383.81
11834  27383.81  27386.12
11835  27386.12  27388.44
11836  27388.44  27390.75
11837  27390.75  27393.06
11838  27393.06  27395.38
11839  27395.38  27397.69
11840  27397.69  27400.00
11841  27400.00  27402.31
11842  27402.31  27404.62
11843  27404.62  27406.94
11844  27406.94  27409.25
11845  27409.25  27411.56
11846  27411.56  27413.88
11847  27413.88  27416.19
11848  27416.19  27418.50
11849  27418.50  27420.81
11850  27420.81  27423.12
11851  27423.12  27425.44
11852  27425.44  27427.75
11853  27427.75  27430.06
11854  27430.06  27432.38
11855  27432.38  27434.69
11856  27434.69  27437.00
11857  27437.00  27439.31
11858  27439.31  27441.62
11859  27441.62  27443.94
11860  27443.94  27446.25
11861  27446.25  27448.56
11862  27448.56  27450.88
11863  27450.88  27453.19
11864  27453.19  27455.50
11865  27455.50  27457.81
11866  27457.81  27460.12
11867  27460.12  27462.44
11868  27462.44  27464.75
11869  27464.75  27467.06
11870  27467.06  27469.38
11871  27469.38  27471.69
11872  27471.69  27474.00
11873  27474.00  27476.31
11874  27476.31  27478.62
11875  27478.62  27480.94
11876  27480.94  27483.25
11877  27483.25  27485.56
11878  27485.56  27487.88
11879  27487.88  27490.19
11880  27490.19  27492.50
11881  27492.50  27494.81
11882  27494.81  27497.12
11883  27497.12  27499.44
11884  27499.44  27501.75
11885  27501.75  27504.06
11886  27504.06  27506.38
11887  27506.38  27508.69
11888  27508.69  27511.00
11889  27511.00  27513.31
11890  27513.31  27515.62
11891  27515.62  27517.94
11892  27517.94  27520.25
11893  27520.25  27522.56
11894  27522.56  27524.88
11895  27524.88  27527.19
11896  27527.19  27529.50
11897  27529.50  27531.81
11898  27531.81  27534.12
11899  27534.12  27536.44
11900  27536.44  27538.75
11901  27538.75  27541.06
11902  27541.06  27543.38
11903  27543.38  27545.69
11904  27545.69  27548.00
11905  27548.00  27550.31
11906  27550.31  27552.62
11907  27552.62  27554.94
11908  27554.94  27557.25
11909  27557.25  27559.56
11910  27559.56  27561.88
11911  27561.88  27564.19
11912  27564.19  27566.50
11913  27566.50  27568.81
11914  27568.81  27571.12
11915  27571.12  27573.44
11916  27573.44  27575.75
11917  27575.75  27578.06
11918  27578.06  27580.38
11919  27580.38  27582.69
11920  27582.69  27585.00
11921  27585.00  27587.31
11922  27587.31  27589.62
11923  27589.62  27591.94
11924  27591.94  27594.25
11925  27594.25  27596.56
11926  27596.56  27598.88
11927  27598.88  27601.19
11928  27601.19  27603.50
11929  27603.50  27605.81
11930  27605.81  27608.12
11931  27608.12  27610.44
11932  27610.44  27612.75
11933  27612.75  27615.06
11934  27615.06  27617.38
11935  27617.38  27619.69
11936  27619.69  27622.00
11937  27622.00  27624.31
11938  27624.31  27626.62
11939  27626.62  27628.94
11940  27628.94  27631.25
11941  27631.25  27633.56
11942  27633.56  27635.88
11943  27635.88  27638.19
11944  27638.19  27640.50
11945  27640.50  27642.81
11946  27642.81  27645.12
11947  27645.12  27647.44
11948  27647.44  27649.75
11949  27649.75  27652.06
11950  27652.06  27654.38
11951  27654.38  27656.69
11952  27656.69  27659.00
11953  27659.00  27661.31
11954  27661.31  27663.62
11955  27663.62  27665.94
11956  27665.94  27668.25
11957  27668.25  27670.56
11958  27670.56  27672.88
11959  27672.88  27675.19
11960  27675.19  27677.50
11961  27677.50  27679.81
11962  27679.81  27682.12
11963  27682.12  27684.44
11964  27684.44  27686.75
11965  27686.75  27689.06
11966  27689.06  27691.38
11967  27691.38  27693.69
11968  27693.69  27696.00
11969  27696.00  27698.31
11970  27698.31  27700.62
11971  27700.62  27702.94
11972  27702.94  27705.25
11973  27705.25  27707.56
11974  27707.56  27709.88
11975  27709.88  27712.19
11976  27712.19  27714.50
11977  27714.50  27716.81
11978  27716.81  27719.12
11979  27719.12  27721.44
11980  27721.44  27723.75
11981  27723.75  27726.06
11982  27726.06  27728.38
11983  27728.38  27730.69
11984  27730.69  27733.00
11985  27733.00  27735.31
11986  27735.31  27737.62
11987  27737.62  27739.94
11988  27739.94  27742.25
11989  27742.25  27744.56
11990  27744.56  27746.88
11991  27746.88  27749.19
11992  27749.19  27751.50
11993  27751.50  27753.81
11994  27753.81  27756.12
11995  27756.12  27758.44
11996  27758.44  27760.75
11997  27760.75  27763.06
11998  27763.06  27765.38
11999  27765.38  27767.69
12000  27767.69  27770.00
12001  27770.00  27772.31
12002  27772.31  27774.62
12003  27774.62  27776.94
12004  27776.94  27779.25
12005  27779.25  27781.56
12006  27781.56  27783.88
12007  27783.88  27786.19
12008  27786.19  27788.50
12009  27788.50  27790.81
12010  27790.81  27793.12
12011  27793.12  27795.44
12012  27795.44  27797.75
12013  27797.75  27800.06
12014  27800.06  27802.38
12015  27802.38  27804.69
12016  27804.69  27807.00
12017  27807.00  27809.31
12018  27809.31  27811.62
12019  27811.62  27813.94
12020  27813.94  27816.25
12021  27816.25  27818.56
12022  27818.56  27820.88
12023  27820.88  27823.19
12024  27823.19  27825.50
12025  27825.50  27827.81
12026  27827.81  27830.12
12027  27830.12  27832.44
12028  27832.44  27834.75
12029  27834.75  27837.06
12030  27837.06  27839.38
12031  27839.38  27841.69
12032  27841.69  27844.00
12033  27844.00  27846.31
12034  27846.31  27848.62
12035  27848.62  27850.94
12036  27850.94  27853.25
12037  27853.25  27855.56
12038  27855.56  27857.88
12039  27857.88  27860.19
12040  27860.19  27862.50
12041  27862.50  27864.81
12042  27864.81  27867.12
12043  27867.12  27869.44
12044  27869.44  27871.75
12045  27871.75  27874.06
12046  27874.06  27876.38
12047  27876.38  27878.69
12048  27878.69  27881.00
12049  27881.00  27883.31
12050  27883.31  27885.62
12051  27885.62  27887.94
12052  27887.94  27890.25
12053  27890.25  27892.56
12054  27892.56  27894.88
12055  27894.88  27897.19
12056  27897.19  27899.50
12057  27899.50  27901.81
12058  27901.81  27904.12
12059  27904.12  27906.44
12060  27906.44  27908.75
12061  27908.75  27911.06
12062  27911.06  27913.38
12063  27913.38  27915.69
12064  27915.69  27918.00
12065  27918.00  27920.31
12066  27920.31  27922.62
12067  27922.62  27924.94
12068  27924.94  27927.25
12069  27927.25  27929.56
12070  27929.56  27931.88
12071  27931.88  27934.19
12072  27934.19  27936.50
12073  27936.50  27938.81
12074  27938.81  27941.12
12075  27941.12  27943.44
12076  27943.44  27945.75
12077  27945.75  27948.06
12078  27948.06  27950.38
12079  27950.38  27952.69
12080  27952.69  27955.00
12081  27955.00  27957.31
12082  27957.31  27959.62
12083  27959.62  27961.94
12084  27961.94  27964.25
12085  27964.25  27966.56
12086  27966.56  27968.88
12087  27968.88  27971.19
12088  27971.19  27973.50
12089  27973.50  27975.81
12090  27975.81  27978.12
12091  27978.12  27980.44
12092  27980.44  27982.75
12093  27982.75  27985.06
12094  27985.06  27987.38
12095  27987.38  27989.69
12096  27989.69  27992.00
12097  27992.00  27994.31
12098  27994.31  27996.62
12099  27996.62  27998.94
12100  27998.94  28001.25
12101  28001.25  28003.56
12102  28003.56  28005.88
12103  28005.88  28008.19
12104  28008.19  28010.50
12105  28010.50  28012.81
12106  28012.81  28015.12
12107  28015.12  28017.44
12108  28017.44  28019.75
12109  28019.75  28022.06
12110  28022.06  28024.38
12111  28024.38  28026.69
12112  28026.69  28029.00
12113  28029.00  28031.31
12114  28031.31  28033.62
12115  28033.62  28035.94
12116  28035.94  28038.25
12117  28038.25  28040.56
12118  28040.56  28042.88
12119  28042.88  28045.19
12120  28045.19  28047.50
12121  28047.50  28049.81
12122  28049.81  28052.12
12123  28052.12  28054.44
12124  28054.44  28056.75
12125  28056.75  28059.06
12126  28059.06  28061.38
12127  28061.38  28063.69
12128  28063.69  28066.00
12129  28066.00  28068.31
12130  28068.31  28070.62
12131  28070.62  28072.94
12132  28072.94  28075.25
12133  28075.25  28077.56
12134  28077.56  28079.88
12135  28079.88  28082.19
12136  28082.19  28084.50
12137  28084.50  28086.81
12138  28086.81  28089.12
12139  28089.12  28091.44
12140  28091.44  28093.75
12141  28093.75  28096.06
12142  28096.06  28098.38
12143  28098.38  28100.69
12144  28100.69  28103.00
12145  28103.00  28105.31
12146  28105.31  28107.62
12147  28107.62  28109.94
12148  28109.94  28112.25
12149  28112.25  28114.56
12150  28114.56  28116.88
12151  28116.88  28119.19
12152  28119.19  28121.50
12153  28121.50  28123.81
12154  28123.81  28126.12
12155  28126.12  28128.44
12156  28128.44  28130.75
12157  28130.75  28133.06
12158  28133.06  28135.38
12159  28135.38  28137.69
12160  28137.69  28140.00
12161  28140.00  28142.31
12162  28142.31  28144.62
12163  28144.62  28146.94
12164  28146.94  28149.25
12165  28149.25  28151.56
12166  28151.56  28153.88
12167  28153.88  28156.19
12168  28156.19  28158.50
12169  28158.50  28160.81
12170  28160.81  28163.12
12171  28163.12  28165.44
12172  28165.44  28167.75
12173  28167.75  28170.06
12174  28170.06  28172.38
12175  28172.38  28174.69
12176  28174.69  28177.00
12177  28177.00  28179.31
12178  28179.31  28181.62
12179  28181.62  28183.94
12180  28183.94  28186.25
12181  28186.25  28188.56
12182  28188.56  28190.88
12183  28190.88  28193.19
12184  28193.19  28195.50
12185  28195.50  28197.81
12186  28197.81  28200.12
12187  28200.12  28202.44
12188  28202.44  28204.75
12189  28204.75  28207.06
12190  28207.06  28209.38
12191  28209.38  28211.69
12192  28211.69  28214.00
12193  28214.00  28216.31
12194  28216.31  28218.62
12195  28218.62  28220.94
12196  28220.94  28223.25
12197  28223.25  28225.56
12198  28225.56  28227.88
12199  28227.88  28230.19
12200  28230.19  28232.50
12201  28232.50  28234.81
12202  28234.81  28237.12
12203  28237.12  28239.44
12204  28239.44  28241.75
12205  28241.75  28244.06
12206  28244.06  28246.38
12207  28246.38  28248.69
12208  28248.69  28251.00
12209  28251.00  28253.31
12210  28253.31  28255.62
12211  28255.62  28257.94
12212  28257.94  28260.25
12213  28260.25  28262.56
12214  28262.56  28264.88
12215  28264.88  28267.19
12216  28267.19  28269.50
12217  28269.50  28271.81
12218  28271.81  28274.12
12219  28274.12  28276.44
12220  28276.44  28278.75
12221  28278.75  28281.06
12222  28281.06  28283.38
12223  28283.38  28285.69
12224  28285.69  28288.00
12225  28288.00  28290.31
12226  28290.31  28292.62
12227  28292.62  28294.94
12228  28294.94  28297.25
12229  28297.25  28299.56
12230  28299.56  28301.88
12231  28301.88  28304.19
12232  28304.19  28306.50
12233  28306.50  28308.81
12234  28308.81  28311.12
12235  28311.12  28313.44
12236  28313.44  28315.75
12237  28315.75  28318.06
12238  28318.06  28320.38
12239  28320.38  28322.69
12240  28322.69  28325.00
12241  28325.00  28327.31
12242  28327.31  28329.62
12243  28329.62  28331.94
12244  28331.94  28334.25
12245  28334.25  28336.56
12246  28336.56  28338.88
12247  28338.88  28341.19
12248  28341.19  28343.50
12249  28343.50  28345.81
12250  28345.81  28348.12
12251  28348.12  28350.44
12252  28350.44  28352.75
12253  28352.75  28355.06
12254  28355.06  28357.38
12255  28357.38  28359.69
12256  28359.69  28362.00
12257  28362.00  28364.31
12258  28364.31  28366.62
12259  28366.62  28368.94
12260  28368.94  28371.25
12261  28371.25  28373.56
12262  28373.56  28375.88
12263  28375.88  28378.19
12264  28378.19  28380.50
12265  28380.50  28382.81
12266  28382.81  28385.12
12267  28385.12  28387.44
12268  28387.44  28389.75
12269  28389.75  28392.06
12270  28392.06  28394.38
12271  28394.38  28396.69
12272  28396.69  28399.00
12273  28399.00  28401.31
12274  28401.31  28403.62
12275  28403.62  28405.94
12276  28405.94  28408.25
12277  28408.25  28410.56
12278  28410.56  28412.88
12279  28412.88  28415.19
12280  28415.19  28417.50
12281  28417.50  28419.81
12282  28419.81  28422.12
12283  28422.12  28424.44
12284  28424.44  28426.75
12285  28426.75  28429.06
12286  28429.06  28431.38
12287  28431.38  28433.69
12288  28433.69  28436.00
12289  28436.00  28438.31
12290  28438.31  28440.62
12291  28440.62  28442.94
12292  28442.94  28445.25
12293  28445.25  28447.56
12294  28447.56  28449.88
12295  28449.88  28452.19
12296  28452.19  28454.50
12297  28454.50  28456.81
12298  28456.81  28459.12
12299  28459.12  28461.44
12300  28461.44  28463.75
12301  28463.75  28466.06
12302  28466.06  28468.38
12303  28468.38  28470.69
12304  28470.69  28473.00
12305  28473.00  28475.31
12306  28475.31  28477.62
12307  28477.62  28479.94
12308  28479.94  28482.25
12309  28482.25  28484.56
12310  28484.56  28486.88
12311  28486.88  28489.19
12312  28489.19  28491.50
12313  28491.50  28493.81
12314  28493.81  28496.12
12315  28496.12  28498.44
12316  28498.44  28500.75
12317  28500.75  28503.06
12318  28503.06  28505.38
12319  28505.38  28507.69
12320  28507.69  28510.00
12321  28510.00  28512.31
12322  28512.31  28514.62
12323  28514.62  28516.94
12324  28516.94  28519.25
12325  28519.25  28521.56
12326  28521.56  28523.88
12327  28523.88  28526.19
12328  28526.19  28528.50
12329  28528.50  28530.81
12330  28530.81  28533.12
12331  28533.12  28535.44
12332  28535.44  28537.75
12333  28537.75  28540.06
12334  28540.06  28542.38
12335  28542.38  28544.69
12336  28544.69  28547.00
12337  28547.00  28549.31
12338  28549.31  28551.62
12339  28551.62  28553.94
12340  28553.94  28556.25
12341  28556.25  28558.56
12342  28558.56  28560.88
12343  28560.88  28563.19
12344  28563.19  28565.50
12345  28565.50  28567.81
12346  28567.81  28570.12
12347  28570.12  28572.44
12348  28572.44  28574.75
12349  28574.75  28577.06
12350  28577.06  28579.38
12351  28579.38  28581.69
12352  28581.69  28584.00
12353  28584.00  28586.31
12354  28586.31  28588.62
12355  28588.62  28590.94
12356  28590.94  28593.25
12357  28593.25  28595.56
12358  28595.56  28597.88
12359  28597.88  28600.19
12360  28600.19  28602.50
12361  28602.50  28604.81
12362  28604.81  28607.12
12363  28607.12  28609.44
12364  28609.44  28611.75
12365  28611.75  28614.06
12366  28614.06  28616.38
12367  28616.38  28618.69
12368  28618.69  28621.00
12369  28621.00  28623.31
12370  28623.31  28625.62
12371  28625.62  28627.94
12372  28627.94  28630.25
12373  28630.25  28632.56
12374  28632.56  28634.88
12375  28634.88  28637.19
12376  28637.19  28639.50
12377  28639.50  28641.81
12378  28641.81  28644.12
12379  28644.12  28646.44
12380  28646.44  28648.75
12381  28648.75  28651.06
12382  28651.06  28653.38
12383  28653.38  28655.69
12384  28655.69  28658.00
12385  28658.00  28660.31
12386  28660.31  28662.62
12387  28662.62  28664.94
12388  28664.94  28667.25
12389  28667.25  28669.56
12390  28669.56  28671.88
12391  28671.88  28674.19
12392  28674.19  28676.50
12393  28676.50  28678.81
12394  28678.81  28681.12
12395  28681.12  28683.44
12396  28683.44  28685.75
12397  28685.75  28688.06
12398  28688.06  28690.38
12399  28690.38  28692.69
12400  28692.69  28695.00
12401  28695.00  28697.31
12402  28697.31  28699.62
12403  28699.62  28701.94
12404  28701.94  28704.25
12405  28704.25  28706.56
12406  28706.56  28708.88
12407  28708.88  28711.19
12408  28711.19  28713.50
12409  28713.50  28715.81
12410  28715.81  28718.12
12411  28718.12  28720.44
12412  28720.44  28722.75
12413  28722.75  28725.06
12414  28725.06  28727.38
12415  28727.38  28729.69
12416  28729.69  28732.00
12417  28732.00  28734.31
12418  28734.31  28736.62
12419  28736.62  28738.94
12420  28738.94  28741.25
12421  28741.25  28743.56
12422  28743.56  28745.88
12423  28745.88  28748.19
12424  28748.19  28750.50
12425  28750.50  28752.81
12426  28752.81  28755.12
12427  28755.12  28757.44
12428  28757.44  28759.75
12429  28759.75  28762.06
12430  28762.06  28764.38
12431  28764.38  28766.69
12432  28766.69  28769.00
12433  28769.00  28771.31
12434  28771.31  28773.62
12435  28773.62  28775.94
12436  28775.94  28778.25
12437  28778.25  28780.56
12438  28780.56  28782.88
12439  28782.88  28785.19
12440  28785.19  28787.50
12441  28787.50  28789.81
12442  28789.81  28792.12
12443  28792.12  28794.44
12444  28794.44  28796.75
12445  28796.75  28799.06
12446  28799.06  28801.38
12447  28801.38  28803.69
12448  28803.69  28806.00
12449  28806.00  28808.31
12450  28808.31  28810.62
12451  28810.62  28812.94
12452  28812.94  28815.25
12453  28815.25  28817.56
12454  28817.56  28819.88
12455  28819.88  28822.19
12456  28822.19  28824.50
12457  28824.50  28826.81
12458  28826.81  28829.12
12459  28829.12  28831.44
12460  28831.44  28833.75
12461  28833.75  28836.06
12462  28836.06  28838.38
12463  28838.38  28840.69
12464  28840.69  28843.00
12465  28843.00  28845.31
12466  28845.31  28847.62
12467  28847.62  28849.94
12468  28849.94  28852.25
12469  28852.25  28854.56
12470  28854.56  28856.88
12471  28856.88  28859.19
12472  28859.19  28861.50
12473  28861.50  28863.81
12474  28863.81  28866.12
12475  28866.12  28868.44
12476  28868.44  28870.75
12477  28870.75  28873.06
12478  28873.06  28875.38
12479  28875.38  28877.69
12480  28877.69  28880.00
12481  28880.00  28882.31
12482  28882.31  28884.62
12483  28884.62  28886.94
12484  28886.94  28889.25
12485  28889.25  28891.56
12486  28891.56  28893.88
12487  28893.88  28896.19
12488  28896.19  28898.50
12489  28898.50  28900.81
12490  28900.81  28903.12
12491  28903.12  28905.44
12492  28905.44  28907.75
12493  28907.75  28910.06
12494  28910.06  28912.38
12495  28912.38  28914.69
12496  28914.69  28917.00
12497  28917.00  28919.31
12498  28919.31  28921.62
12499  28921.62  28923.94
12500  28923.94  28926.25
12501  28926.25  28928.56
12502  28928.56  28930.88
12503  28930.88  28933.19
12504  28933.19  28935.50
12505  28935.50  28937.81
12506  28937.81  28940.12
12507  28940.12  28942.44
12508  28942.44  28944.75
12509  28944.75  28947.06
12510  28947.06  28949.38
12511  28949.38  28951.69
12512  28951.69  28954.00
12513  28954.00  28956.31
12514  28956.31  28958.62
12515  28958.62  28960.94
12516  28960.94  28963.25
12517  28963.25  28965.56
12518  28965.56  28967.88
12519  28967.88  28970.19
12520  28970.19  28972.50
12521  28972.50  28974.81
12522  28974.81  28977.12
12523  28977.12  28979.44
12524  28979.44  28981.75
12525  28981.75  28984.06
12526  28984.06  28986.38
12527  28986.38  28988.69
12528  28988.69  28991.00
12529  28991.00  28993.31
12530  28993.31  28995.62
12531  28995.62  28997.94
12532  28997.94  29000.25
12533  29000.25  29002.56
12534  29002.56  29004.88
12535  29004.88  29007.19
12536  29007.19  29009.50
12537  29009.50  29011.81
12538  29011.81  29014.12
12539  29014.12  29016.44
12540  29016.44  29018.75
12541  29018.75  29021.06
12542  29021.06  29023.38
12543  29023.38  29025.69
12544  29025.69  29028.00
12545  29028.00  29030.31
12546  29030.31  29032.62
12547  29032.62  29034.94
12548  29034.94  29037.25
12549  29037.25  29039.56
12550  29039.56  29041.88
12551  29041.88  29044.19
12552  29044.19  29046.50
12553  29046.50  29048.81
12554  29048.81  29051.12
12555  29051.12  29053.44
12556  29053.44  29055.75
12557  29055.75  29058.06
12558  29058.06  29060.38
12559  29060.38  29062.69
12560  29062.69  29065.00
12561  29065.00  29067.31
12562  29067.31  29069.62
12563  29069.62  29071.94
12564  29071.94  29074.25
12565  29074.25  29076.56
12566  29076.56  29078.88
12567  29078.88  29081.19
12568  29081.19  29083.50
12569  29083.50  29085.81
12570  29085.81  29088.12
12571  29088.12  29090.44
12572  29090.44  29092.75
12573  29092.75  29095.06
12574  29095.06  29097.38
12575  29097.38  29099.69
12576  29099.69  29102.00
12577  29102.00  29104.31
12578  29104.31  29106.62
12579  29106.62  29108.94
12580  29108.94  29111.25
12581  29111.25  29113.56
12582  29113.56  29115.88
12583  29115.88  29118.19
12584  29118.19  29120.50
12585  29120.50  29122.81
12586  29122.81  29125.12
12587  29125.12  29127.44
12588  29127.44  29129.75
12589  29129.75  29132.06
12590  29132.06  29134.38
12591  29134.38  29136.69
12592  29136.69  29139.00
12593  29139.00  29141.31
12594  29141.31  29143.62
12595  29143.62  29145.94
12596  29145.94  29148.25
12597  29148.25  29150.56
12598  29150.56  29152.88
12599  29152.88  29155.19
12600  29155.19  29157.50
12601  29157.50  29159.81
12602  29159.81  29162.12
12603  29162.12  29164.44
12604  29164.44  29166.75
12605  29166.75  29169.06
12606  29169.06  29171.38
12607  29171.38  29173.69
12608  29173.69  29176.00
12609  29176.00  29178.31
12610  29178.31  29180.62
12611  29180.62  29182.94
12612  29182.94  29185.25
12613  29185.25  29187.56
12614  29187.56  29189.88
12615  29189.88  29192.19
12616  29192.19  29194.50
12617  29194.50  29196.81
12618  29196.81  29199.12
12619  29199.12  29201.44
12620  29201.44  29203.75
12621  29203.75  29206.06
12622  29206.06  29208.38
12623  29208.38  29210.69
12624  29210.69  29213.00
12625  29213.00  29215.31
12626  29215.31  29217.62
12627  29217.62  29219.94
12628  29219.94  29222.25
12629  29222.25  29224.56
12630  29224.56  29226.88
12631  29226.88  29229.19
12632  29229.19  29231.50
12633  29231.50  29233.81
12634  29233.81  29236.12
12635  29236.12  29238.44
12636  29238.44  29240.75
12637  29240.75  29243.06
12638  29243.06  29245.38
12639  29245.38  29247.69
12640  29247.69  29250.00
12641  29250.00  29252.31
12642  29252.31  29254.62
12643  29254.62  29256.94
12644  29256.94  29259.25
12645  29259.25  29261.56
12646  29261.56  29263.88
12647  29263.88  29266.19
12648  29266.19  29268.50
12649  29268.50  29270.81
12650  29270.81  29273.12
12651  29273.12  29275.44
12652  29275.44  29277.75
12653  29277.75  29280.06
12654  29280.06  29282.38
12655  29282.38  29284.69
12656  29284.69  29287.00
12657  29287.00  29289.31
12658  29289.31  29291.62
12659  29291.62  29293.94
12660  29293.94  29296.25
12661  29296.25  29298.56
12662  29298.56  29300.88
12663  29300.88  29303.19
12664  29303.19  29305.50
12665  29305.50  29307.81
12666  29307.81  29310.12
12667  29310.12  29312.44
12668  29312.44  29314.75
12669  29314.75  29317.06
12670  29317.06  29319.38
12671  29319.38  29321.69
12672  29321.69  29324.00
12673  29324.00  29326.31
12674  29326.31  29328.62
12675  29328.62  29330.94
12676  29330.94  29333.25
12677  29333.25  29335.56
12678  29335.56  29337.88
12679  29337.88  29340.19
12680  29340.19  29342.50
12681  29342.50  29344.81
12682  29344.81  29347.12
12683  29347.12  29349.44
12684  29349.44  29351.75
12685  29351.75  29354.06
12686  29354.06  29356.38
12687  29356.38  29358.69
12688  29358.69  29361.00
12689  29361.00  29363.31
12690  29363.31  29365.62
12691  29365.62  29367.94
12692  29367.94  29370.25
12693  29370.25  29372.56
12694  29372.56  29374.88
12695  29374.88  29377.19
12696  29377.19  29379.50
12697  29379.50  29381.81
12698  29381.81  29384.12
12699  29384.12  29386.44
12700  29386.44  29388.75
12701  29388.75  29391.06
12702  29391.06  29393.38
12703  29393.38  29395.69
12704  29395.69  29398.00
12705  29398.00  29400.31
12706  29400.31  29402.62
12707  29402.62  29404.94
12708  29404.94  29407.25
12709  29407.25  29409.56
12710  29409.56  29411.88
12711  29411.88  29414.19
12712  29414.19  29416.50
12713  29416.50  29418.81
12714  29418.81  29421.12
12715  29421.12  29423.44
12716  29423.44  29425.75
12717  29425.75  29428.06
12718  29428.06  29430.38
12719  29430.38  29432.69
12720  29432.69  29435.00
12721  29435.00  29437.31
12722  29437.31  29439.62
12723  29439.62  29441.94
12724  29441.94  29444.25
12725  29444.25  29446.56
12726  29446.56  29448.88
12727  29448.88  29451.19
12728  29451.19  29453.50
12729  29453.50  29455.81
12730  29455.81  29458.12
12731  29458.12  29460.44
12732  29460.44  29462.75
12733  29462.75  29465.06
12734  29465.06  29467.38
12735  29467.38  29469.69
12736  29469.69  29472.00
12737  29472.00  29474.31
12738  29474.31  29476.62
12739  29476.62  29478.94
12740  29478.94  29481.25
12741  29481.25  29483.56
12742  29483.56  29485.88
12743  29485.88  29488.19
12744  29488.19  29490.50
12745  29490.50  29492.81
12746  29492.81  29495.12
12747  29495.12  29497.44
12748  29497.44  29499.75
12749  29499.75  29502.06
12750  29502.06  29504.38
12751  29504.38  29506.69
12752  29506.69  29509.00
12753  29509.00  29511.31
12754  29511.31  29513.62
12755  29513.62  29515.94
12756  29515.94  29518.25
12757  29518.25  29520.56
12758  29520.56  29522.88
12759  29522.88  29525.19
12760  29525.19  29527.50
12761  29527.50  29529.81
12762  29529.81  29532.12
12763  29532.12  29534.44
12764  29534.44  29536.75
12765  29536.75  29539.06
12766  29539.06  29541.38
12767  29541.38  29543.69
12768  29543.69  29546.00
12769  29546.00  29548.31
12770  29548.31  29550.62
12771  29550.62  29552.94
12772  29552.94  29555.25
12773  29555.25  29557.56
12774  29557.56  29559.88
12775  29559.88  29562.19
12776  29562.19  29564.50
12777  29564.50  29566.81
12778  29566.81  29569.12
12779  29569.12  29571.44
12780  29571.44  29573.75
12781  29573.75  29576.06
12782  29576.06  29578.38
12783  29578.38  29580.69
12784  29580.69  29583.00
12785  29583.00  29585.31
12786  29585.31  29587.62
12787  29587.62  29589.94
12788  29589.94  29592.25
12789  29592.25  29594.56
12790  29594.56  29596.88
12791  29596.88  29599.19
12792  29599.19  29601.50
12793  29601.50  29603.81
12794  29603.81  29606.12
12795  29606.12  29608.44
12796  29608.44  29610.75
12797  29610.75  29613.06
12798  29613.06  29615.38
12799  29615.38  29617.69
12800  29617.69  29620.00
12801  29620.00  29622.31
12802  29622.31  29624.62
12803  29624.62  29626.94
12804  29626.94  29629.25
12805  29629.25  29631.56
12806  29631.56  29633.88
12807  29633.88  29636.19
12808  29636.19  29638.50
12809  29638.50  29640.81
12810  29640.81  29643.12
12811  29643.12  29645.44
12812  29645.44  29647.75
12813  29647.75  29650.06
12814  29650.06  29652.38
12815  29652.38  29654.69
12816  29654.69  29657.00
12817  29657.00  29659.31
12818  29659.31  29661.62
12819  29661.62  29663.94
12820  29663.94  29666.25
12821  29666.25  29668.56
12822  29668.56  29670.88
12823  29670.88  29673.19
12824  29673.19  29675.50
12825  29675.50  29677.81
12826  29677.81  29680.12
12827  29680.12  29682.44
12828  29682.44  29684.75
12829  29684.75  29687.06
12830  29687.06  29689.38
12831  29689.38  29691.69
12832  29691.69  29694.00
12833  29694.00  29696.31
12834  29696.31  29698.62
12835  29698.62  29700.94
12836  29700.94  29703.25
12837  29703.25  29705.56
12838  29705.56  29707.88
12839  29707.88  29710.19
12840  29710.19  29712.50
12841  29712.50  29714.81
12842  29714.81  29717.12
12843  29717.12  29719.44
12844  29719.44  29721.75
12845  29721.75  29724.06
12846  29724.06  29726.38
12847  29726.38  29728.69
12848  29728.69  29731.00
12849  29731.00  29733.31
12850  29733.31  29735.62
12851  29735.62  29737.94
12852  29737.94  29740.25
12853  29740.25  29742.56
12854  29742.56  29744.88
12855  29744.88  29747.19
12856  29747.19  29749.50
12857  29749.50  29751.81
12858  29751.81  29754.12
12859  29754.12  29756.44
12860  29756.44  29758.75
12861  29758.75  29761.06
12862  29761.06  29763.38
12863  29763.38  29765.69
12864  29765.69  29768.00
12865  29768.00  29770.31
12866  29770.31  29772.62
12867  29772.62  29774.94
12868  29774.94  29777.25
12869  29777.25  29779.56
12870  29779.56  29781.88
12871  29781.88  29784.19
12872  29784.19  29786.50
12873  29786.50  29788.81
12874  29788.81  29791.12
12875  29791.12  29793.44
12876  29793.44  29795.75
12877  29795.75  29798.06
12878  29798.06  29800.38
12879  29800.38  29802.69
12880  29802.69  29805.00
12881  29805.00  29807.31
12882  29807.31  29809.62
12883  29809.62  29811.94
12884  29811.94  29814.25
12885  29814.25  29816.56
12886  29816.56  29818.88
12887  29818.88  29821.19
12888  29821.19  29823.50
12889  29823.50  29825.81
12890  29825.81  29828.12
12891  29828.12  29830.44
12892  29830.44  29832.75
12893  29832.75  29835.06
12894  29835.06  29837.38
12895  29837.38  29839.69
12896  29839.69  29842.00
12897  29842.00  29844.31
12898  29844.31  29846.62
12899  29846.62  29848.94
12900  29848.94  29851.25
12901  29851.25  29853.56
12902  29853.56  29855.88
12903  29855.88  29858.19
12904  29858.19  29860.50
12905  29860.50  29862.81
12906  29862.81  29865.12
12907  29865.12  29867.44
12908  29867.44  29869.75
12909  29869.75  29872.06
12910  29872.06  29874.38
12911  29874.38  29876.69
12912  29876.69  29879.00
12913  29879.00  29881.31
12914  29881.31  29883.62
12915  29883.62  29885.94
12916  29885.94  29888.25
12917  29888.25  29890.56
12918  29890.56  29892.88
12919  29892.88  29895.19
12920  29895.19  29897.50
12921  29897.50  29899.81
12922  29899.81  29902.12
12923  29902.12  29904.44
12924  29904.44  29906.75
12925  29906.75  29909.06
12926  29909.06  29911.38
12927  29911.38  29913.69
12928  29913.69  29916.00
12929  29916.00  29918.31
12930  29918.31  29920.62
12931  29920.62  29922.94
12932  29922.94  29925.25
12933  29925.25  29927.56
12934  29927.56  29929.88
12935  29929.88  29932.19
12936  29932.19  29934.50
12937  29934.50  29936.81
12938  29936.81  29939.12
12939  29939.12  29941.44
12940  29941.44  29943.75
12941  29943.75  29946.06
12942  29946.06  29948.38
12943  29948.38  29950.69
12944  29950.69  29953.00
12945  29953.00  29955.31
12946  29955.31  29957.62
12947  29957.62  29959.94
12948  29959.94  29962.25
12949  29962.25  29964.56
12950  29964.56  29966.88
12951  29966.88  29969.19
12952  29969.19  29971.50
12953  29971.50  29973.81
12954  29973.81  29976.12
12955  29976.12  29978.44
12956  29978.44  29980.75
12957  29980.75  29983.06
12958  29983.06  29985.38
12959  29985.38  29987.69
12960  29987.69  29990.00
12961  29990.00  29992.31
12962  29992.31  29994.62
12963  29994.62  29996.94
12964  29996.94  29999.25
12965  29999.25  30001.56
12966  30001.56  30003.88
12967  30003.88  30006.19
12968  30006.19  30008.50
12969  30008.50  30010.81
12970  30010.81  30013.12
12971  30013.12  30015.44
12972  30015.44  30017.75
12973  30017.75  30020.06
12974  30020.06  30022.38
12975  30022.38  30024.69
12976  30024.69  30027.00
12977  30027.00  30029.31
12978  30029.31  30031.62
12979  30031.62  30033.94
12980  30033.94  30036.25
12981  30036.25  30038.56
12982  30038.56  30040.88
12983  30040.88  30043.19
12984  30043.19  30045.50
12985  30045.50  30047.81
12986  30047.81  30050.12
12987  30050.12  30052.44
12988  30052.44  30054.75
12989  30054.75  30057.06
12990  30057.06  30059.38
12991  30059.38  30061.69
12992  30061.69  30064.00
12993  30064.00  30066.31
12994  30066.31  30068.62
12995  30068.62  30070.94
12996  30070.94  30073.25
12997  30073.25  30075.56
12998  30075.56  30077.88
12999  30077.88  30080.19
13000  30080.19  30082.50
13001  30082.50  30084.81
13002  30084.81  30087.12
13003  30087.12  30089.44
13004  30089.44  30091.75
13005  30091.75  30094.06
13006  30094.06  30096.38
13007  30096.38  30098.69
13008  30098.69  30101.00
13009  30101.00  30103.31
13010  30103.31  30105.62
13011  30105.62  30107.94
13012  30107.94  30110.25
13013  30110.25  30112.56
13014  30112.56  30114.88
13015  30114.88  30117.19
13016  30117.19  30119.50
13017  30119.50  30121.81
13018  30121.81  30124.12
13019  30124.12  30126.44
13020  30126.44  30128.75
13021  30128.75  30131.06
13022  30131.06  30133.38
13023  30133.38  30135.69
13024  30135.69  30138.00
13025  30138.00  30140.31
13026  30140.31  30142.62
13027  30142.62  30144.94
13028  30144.94  30147.25
13029  30147.25  30149.56
13030  30149.56  30151.88
13031  30151.88  30154.19
13032  30154.19  30156.50
13033  30156.50  30158.81
13034  30158.81  30161.12
13035  30161.12  30163.44
13036  30163.44  30165.75
13037  30165.75  30168.06
13038  30168.06  30170.38
13039  30170.38  30172.69
13040  30172.69  30175.00
13041  30175.00  30177.31
13042  30177.31  30179.62
13043  30179.62  30181.94
13044  30181.94  30184.25
13045  30184.25  30186.56
13046  30186.56  30188.88
13047  30188.88  30191.19
13048  30191.19  30193.50
13049  30193.50  30195.81
13050  30195.81  30198.12
13051  30198.12  30200.44
13052  30200.44  30202.75
13053  30202.75  30205.06
13054  30205.06  30207.38
13055  30207.38  30209.69
13056  30209.69  30212.00
13057  30212.00  30214.31
13058  30214.31  30216.62
13059  30216.62  30218.94
13060  30218.94  30221.25
13061  30221.25  30223.56
13062  30223.56  30225.88
13063  30225.88  30228.19
13064  30228.19  30230.50
13065  30230.50  30232.81
13066  30232.81  30235.12
13067  30235.12  30237.44
13068  30237.44  30239.75
13069  30239.75  30242.06
13070  30242.06  30244.38
13071  30244.38  30246.69
13072  30246.69  30249.00
13073  30249.00  30251.31
13074  30251.31  30253.62
13075  30253.62  30255.94
13076  30255.94  30258.25
13077  30258.25  30260.56
13078  30260.56  30262.88
13079  30262.88  30265.19
13080  30265.19  30267.50
13081  30267.50  30269.81
13082  30269.81  30272.12
13083  30272.12  30274.44
13084  30274.44  30276.75
13085  30276.75  30279.06
13086  30279.06  30281.38
13087  30281.38  30283.69
13088  30283.69  30286.00
13089  30286.00  30288.31
13090  30288.31  30290.62
13091  30290.62  30292.94
13092  30292.94  30295.25
13093  30295.25  30297.56
13094  30297.56  30299.88
13095  30299.88  30302.19
13096  30302.19  30304.50
13097  30304.50  30306.81
13098  30306.81  30309.12
13099  30309.12  30311.44
13100  30311.44  30313.75
13101  30313.75  30316.06
13102  30316.06  30318.38
13103  30318.38  30320.69
13104  30320.69  30323.00
13105  30323.00  30325.31
13106  30325.31  30327.62
13107  30327.62  30329.94
13108  30329.94  30332.25
13109  30332.25  30334.56
13110  30334.56  30336.88
13111  30336.88  30339.19
13112  30339.19  30341.50
13113  30341.50  30343.81
13114  30343.81  30346.12
13115  30346.12  30348.44
13116  30348.44  30350.75
13117  30350.75  30353.06
13118  30353.06  30355.38
13119  30355.38  30357.69
13120  30357.69  30360.00
13121  30360.00  30362.31
13122  30362.31  30364.62
13123  30364.62  30366.94
13124  30366.94  30369.25
13125  30369.25  30371.56
13126  30371.56  30373.88
13127  30373.88  30376.19
13128  30376.19  30378.50
13129  30378.50  30380.81
13130  30380.81  30383.12
13131  30383.12  30385.44
13132  30385.44  30387.75
13133  30387.75  30390.06
13134  30390.06  30392.38
13135  30392.38  30394.69
13136  30394.69  30397.00
13137  30397.00  30399.31
13138  30399.31  30401.62
13139  30401.62  30403.94
13140  30403.94  30406.25
13141  30406.25  30408.56
13142  30408.56  30410.88
13143  30410.88  30413.19
13144  30413.19  30415.50
13145  30415.50  30417.81
13146  30417.81  30420.12
13147  30420.12  30422.44
13148  30422.44  30424.75
13149  30424.75  30427.06
13150  30427.06  30429.38
13151  30429.38  30431.69
13152  30431.69  30434.00
13153  30434.00  30436.31
13154  30436.31  30438.62
13155  30438.62  30440.94
13156  30440.94  30443.25
13157  30443.25  30445.56
13158  30445.56  30447.88
13159  30447.88  30450.19
13160  30450.19  30452.50
13161  30452.50  30454.81
13162  30454.81  30457.12
13163  30457.12  30459.44
13164  30459.44  30461.75
13165  30461.75  30464.06
13166  30464.06  30466.38
13167  30466.38  30468.69
13168  30468.69  30471.00
13169  30471.00  30473.31
13170  30473.31  30475.62
13171  30475.62  30477.94
13172  30477.94  30480.25
13173  30480.25  30482.56
13174  30482.56  30484.88
13175  30484.88  30487.19
13176  30487.19  30489.50
13177  30489.50  30491.81
13178  30491.81  30494.12
13179  30494.12  30496.44
13180  30496.44  30498.75
13181  30498.75  30501.06
13182  30501.06  30503.38
13183  30503.38  30505.69
13184  30505.69  30508.00
13185  30508.00  30510.31
13186  30510.31  30512.62
13187  30512.62  30514.94
13188  30514.94  30517.25
13189  30517.25  30519.56
13190  30519.56  30521.88
13191  30521.88  30524.19
13192  30524.19  30526.50
13193  30526.50  30528.81
13194  30528.81  30531.12
13195  30531.12  30533.44
13196  30533.44  30535.75
13197  30535.75  30538.06
13198  30538.06  30540.38
13199  30540.38  30542.69
13200  30542.69  30545.00
13201  30545.00  30547.31
13202  30547.31  30549.62
13203  30549.62  30551.94
13204  30551.94  30554.25
13205  30554.25  30556.56
13206  30556.56  30558.88
13207  30558.88  30561.19
13208  30561.19  30563.50
13209  30563.50  30565.81
13210  30565.81  30568.12
13211  30568.12  30570.44
13212  30570.44  30572.75
13213  30572.75  30575.06
13214  30575.06  30577.38
13215  30577.38  30579.69
13216  30579.69  30582.00
13217  30582.00  30584.31
13218  30584.31  30586.62
13219  30586.62  30588.94
13220  30588.94  30591.25
13221  30591.25  30593.56
13222  30593.56  30595.88
13223  30595.88  30598.19
13224  30598.19  30600.50
13225  30600.50  30602.81
13226  30602.81  30605.12
13227  30605.12  30607.44
13228  30607.44  30609.75
13229  30609.75  30612.06
13230  30612.06  30614.38
13231  30614.38  30616.69
13232  30616.69  30619.00
13233  30619.00  30621.31
13234  30621.31  30623.62
13235  30623.62  30625.94
13236  30625.94  30628.25
13237  30628.25  30630.56
13238  30630.56  30632.88
13239  30632.88  30635.19
13240  30635.19  30637.50
13241  30637.50  30639.81
13242  30639.81  30642.12
13243  30642.12  30644.44
13244  30644.44  30646.75
13245  30646.75  30649.06
13246  30649.06  30651.38
13247  30651.38  30653.69
13248  30653.69  30656.00
13249  30656.00  30658.31
13250  30658.31  30660.62
13251  30660.62  30662.94
13252  30662.94  30665.25
13253  30665.25  30667.56
13254  30667.56  30669.88
13255  30669.88  30672.19
13256  30672.19  30674.50
13257  30674.50  30676.81
13258  30676.81  30679.12
13259  30679.12  30681.44
13260  30681.44  30683.75
13261  30683.75  30686.06
13262  30686.06  30688.38
13263  30688.38  30690.69
13264  30690.69  30693.00
13265  30693.00  30695.31
13266  30695.31  30697.62
13267  30697.62  30699.94
13268  30699.94  30702.25
13269  30702.25  30704.56
13270  30704.56  30706.88
13271  30706.88  30709.19
13272  30709.19  30711.50
13273  30711.50  30713.81
13274  30713.81  30716.12
13275  30716.12  30718.44
13276  30718.44  30720.75
13277  30720.75  30723.06
13278  30723.06  30725.38
13279  30725.38  30727.69
13280  30727.69  30730.00
13281  30730.00  30732.31
13282  30732.31  30734.62
13283  30734.62  30736.94
13284  30736.94  30739.25
13285  30739.25  30741.56
13286  30741.56  30743.88
13287  30743.88  30746.19
13288  30746.19  30748.50
13289  30748.50  30750.81
13290  30750.81  30753.12
13291  30753.12  30755.44
13292  30755.44  30757.75
13293  30757.75  30760.06
13294  30760.06  30762.38
13295  30762.38  30764.69
13296  30764.69  30767.00
13297  30767.00  30769.31
13298  30769.31  30771.62
13299  30771.62  30773.94
13300  30773.94  30776.25
13301  30776.25  30778.56
13302  30778.56  30780.88
13303  30780.88  30783.19
13304  30783.19  30785.50
13305  30785.50  30787.81
13306  30787.81  30790.12
13307  30790.12  30792.44
13308  30792.44  30794.75
13309  30794.75  30797.06
13310  30797.06  30799.38
13311  30799.38  30801.69
13312  30801.69  30804.00
13313  30804.00  30806.31
13314  30806.31  30808.62
13315  30808.62  30810.94
13316  30810.94  30813.25
13317  30813.25  30815.56
13318  30815.56  30817.88
13319  30817.88  30820.19
13320  30820.19  30822.50
13321  30822.50  30824.81
13322  30824.81  30827.12
13323  30827.12  30829.44
13324  30829.44  30831.75
13325  30831.75  30834.06
13326  30834.06  30836.38
13327  30836.38  30838.69
13328  30838.69  30841.00
13329  30841.00  30843.31
13330  30843.31  30845.62
13331  30845.62  30847.94
13332  30847.94  30850.25
13333  30850.25  30852.56
13334  30852.56  30854.88
13335  30854.88  30857.19
13336  30857.19  30859.50
13337  30859.50  30861.81
13338  30861.81  30864.12
13339  30864.12  30866.44
13340  30866.44  30868.75
13341  30868.75  30871.06
13342  30871.06  30873.38
13343  30873.38  30875.69
13344  30875.69  30878.00
13345  30878.00  30880.31
13346  30880.31  30882.62
13347  30882.62  30884.94
13348  30884.94  30887.25
13349  30887.25  30889.56
13350  30889.56  30891.88
13351  30891.88  30894.19
13352  30894.19  30896.50
13353  30896.50  30898.81
13354  30898.81  30901.12
13355  30901.12  30903.44
13356  30903.44  30905.75
13357  30905.75  30908.06
13358  30908.06  30910.38
13359  30910.38  30912.69
13360  30912.69  30915.00
13361  30915.00  30917.31
13362  30917.31  30919.62
13363  30919.62  30921.94
13364  30921.94  30924.25
13365  30924.25  30926.56
13366  30926.56  30928.88
13367  30928.88  30931.19
13368  30931.19  30933.50
13369  30933.50  30935.81
13370  30935.81  30938.12
13371  30938.12  30940.44
13372  30940.44  30942.75
13373  30942.75  30945.06
13374  30945.06  30947.38
13375  30947.38  30949.69
13376  30949.69  30952.00
13377  30952.00  30954.31
13378  30954.31  30956.62
13379  30956.62  30958.94
13380  30958.94  30961.25
13381  30961.25  30963.56
13382  30963.56  30965.88
13383  30965.88  30968.19
13384  30968.19  30970.50
13385  30970.50  30972.81
13386  30972.81  30975.12
13387  30975.12  30977.44
13388  30977.44  30979.75
13389  30979.75  30982.06
13390  30982.06  30984.38
13391  30984.38  30986.69
13392  30986.69  30989.00
13393  30989.00  30991.31
13394  30991.31  30993.62
13395  30993.62  30995.94
13396  30995.94  30998.25
13397  30998.25  31000.56
13398  31000.56  31002.88
13399  31002.88  31005.19
13400  31005.19  31007.50
13401  31007.50  31009.81
13402  31009.81  31012.12
13403  31012.12  31014.44
13404  31014.44  31016.75
13405  31016.75  31019.06
13406  31019.06  31021.38
13407  31021.38  31023.69
13408  31023.69  31026.00
13409  31026.00  31028.31
13410  31028.31  31030.62
13411  31030.62  31032.94
13412  31032.94  31035.25
13413  31035.25  31037.56
13414  31037.56  31039.88
13415  31039.88  31042.19
13416  31042.19  31044.50
13417  31044.50  31046.81
13418  31046.81  31049.12
13419  31049.12  31051.44
13420  31051.44  31053.75
13421  31053.75  31056.06
13422  31056.06  31058.38
13423  31058.38  31060.69
13424  31060.69  31063.00
13425  31063.00  31065.31
13426  31065.31  31067.62
13427  31067.62  31069.94
13428  31069.94  31072.25
13429  31072.25  31074.56
13430  31074.56  31076.88
13431  31076.88  31079.19
13432  31079.19  31081.50
13433  31081.50  31083.81
13434  31083.81  31086.12
13435  31086.12  31088.44
13436  31088.44  31090.75
13437  31090.75  31093.06
13438  31093.06  31095.38
13439  31095.38  31097.69
13440  31097.69  31100.00
13441  31100.00  31102.31
13442  31102.31  31104.62
13443  31104.62  31106.94
13444  31106.94  31109.25
13445  31109.25  31111.56
13446  31111.56  31113.88
13447  31113.88  31116.19
13448  31116.19  31118.50
13449  31118.50  31120.81
13450  31120.81  31123.12
13451  31123.12  31125.44
13452  31125.44  31127.75
13453  31127.75  31130.06
13454  31130.06  31132.38
13455  31132.38  31134.69
13456  31134.69  31137.00
13457  31137.00  31139.31
13458  31139.31  31141.62
13459  31141.62  31143.94
13460  31143.94  31146.25
13461  31146.25  31148.56
13462  31148.56  31150.88
13463  31150.88  31153.19
13464  31153.19  31155.50
13465  31155.50  31157.81
13466  31157.81  31160.12
13467  31160.12  31162.44
13468  31162.44  31164.75
13469  31164.75  31167.06
13470  31167.06  31169.38
13471  31169.38  31171.69
13472  31171.69  31174.00
13473  31174.00  31176.31
13474  31176.31  31178.62
13475  31178.62  31180.94
13476  31180.94  31183.25
13477  31183.25  31185.56
13478  31185.56  31187.88
13479  31187.88  31190.19
13480  31190.19  31192.50
13481  31192.50  31194.81
13482  31194.81  31197.12
13483  31197.12  31199.44
13484  31199.44  31201.75
13485  31201.75  31204.06
13486  31204.06  31206.38
13487  31206.38  31208.69
13488  31208.69  31211.00
13489  31211.00  31213.31
13490  31213.31  31215.62
13491  31215.62  31217.94
13492  31217.94  31220.25
13493  31220.25  31222.56
13494  31222.56  31224.88
13495  31224.88  31227.19
13496  31227.19  31229.50
13497  31229.50  31231.81
13498  31231.81  31234.12
13499  31234.12  31236.44
13500  31236.44  31238.75
13501  31238.75  31241.06
13502  31241.06  31243.38
13503  31243.38  31245.69
13504  31245.69  31248.00
13505  31248.00  31250.31
13506  31250.31  31252.62
13507  31252.62  31254.94
13508  31254.94  31257.25
13509  31257.25  31259.56
13510  31259.56  31261.88
13511  31261.88  31264.19
13512  31264.19  31266.50
13513  31266.50  31268.81
13514  31268.81  31271.12
13515  31271.12  31273.44
13516  31273.44  31275.75
13517  31275.75  31278.06
13518  31278.06  31280.38
13519  31280.38  31282.69
13520  31282.69  31285.00
13521  31285.00  31287.31
13522  31287.31  31289.62
13523  31289.62  31291.94
13524  31291.94  31294.25
13525  31294.25  31296.56
13526  31296.56  31298.88
13527  31298.88  31301.19
13528  31301.19  31303.50
13529  31303.50  31305.81
13530  31305.81  31308.12
13531  31308.12  31310.44
13532  31310.44  31312.75
13533  31312.75  31315.06
13534  31315.06  31317.38
13535  31317.38  31319.69
13536  31319.69  31322.00
13537  31322.00  31324.31
13538  31324.31  31326.62
13539  31326.62  31328.94
13540  31328.94  31331.25
13541  31331.25  31333.56
13542  31333.56  31335.88
13543  31335.88  31338.19
13544  31338.19  31340.50
13545  31340.50  31342.81
13546  31342.81  31345.12
13547  31345.12  31347.44
13548  31347.44  31349.75
13549  31349.75  31352.06
13550  31352.06  31354.38
13551  31354.38  31356.69
13552  31356.69  31359.00
13553  31359.00  31361.31
13554  31361.31  31363.62
13555  31363.62  31365.94
13556  31365.94  31368.25
13557  31368.25  31370.56
13558  31370.56  31372.88
13559  31372.88  31375.19
13560  31375.19  31377.50
13561  31377.50  31379.81
13562  31379.81  31382.12
13563  31382.12  31384.44
13564  31384.44  31386.75
13565  31386.75  31389.06
13566  31389.06  31391.38
13567  31391.38  31393.69
13568  31393.69  31396.00
13569  31396.00  31398.31
13570  31398.31  31400.62
13571  31400.62  31402.94
13572  31402.94  31405.25
13573  31405.25  31407.56
13574  31407.56  31409.88
13575  31409.88  31412.19
13576  31412.19  31414.50
13577  31414.50  31416.81
13578  31416.81  31419.12
13579  31419.12  31421.44
13580  31421.44  31423.75
13581  31423.75  31426.06
13582  31426.06  31428.38
13583  31428.38  31430.69
13584  31430.69  31433.00
13585  31433.00  31435.31
13586  31435.31  31437.62
13587  31437.62  31439.94
13588  31439.94  31442.25
13589  31442.25  31444.56
13590  31444.56  31446.88
13591  31446.88  31449.19
13592  31449.19  31451.50
13593  31451.50  31453.81
13594  31453.81  31456.12
13595  31456.12  31458.44
13596  31458.44  31460.75
13597  31460.75  31463.06
13598  31463.06  31465.38
13599  31465.38  31467.69
13600  31467.69  31470.00
13601  31470.00  31472.31
13602  31472.31  31474.62
13603  31474.62  31476.94
13604  31476.94  31479.25
13605  31479.25  31481.56
13606  31481.56  31483.88
13607  31483.88  31486.19
13608  31486.19  31488.50
13609  31488.50  31490.81
13610  31490.81  31493.12
13611  31493.12  31495.44
13612  31495.44  31497.75
13613  31497.75  31500.06
13614  31500.06  31502.38
13615  31502.38  31504.69
13616  31504.69  31507.00
13617  31507.00  31509.31
13618  31509.31  31511.62
13619  31511.62  31513.94
13620  31513.94  31516.25
13621  31516.25  31518.56
13622  31518.56  31520.88
13623  31520.88  31523.19
13624  31523.19  31525.50
13625  31525.50  31527.81
13626  31527.81  31530.12
13627  31530.12  31532.44
13628  31532.44  31534.75
13629  31534.75  31537.06
13630  31537.06  31539.38
13631  31539.38  31541.69
13632  31541.69  31544.00
13633  31544.00  31546.31
13634  31546.31  31548.62
13635  31548.62  31550.94
13636  31550.94  31553.25
13637  31553.25  31555.56
13638  31555.56  31557.88
13639  31557.88  31560.19
13640  31560.19  31562.50
13641  31562.50  31564.81
13642  31564.81  31567.12
13643  31567.12  31569.44
13644  31569.44  31571.75
13645  31571.75  31574.06
13646  31574.06  31576.38
13647  31576.38  31578.69
13648  31578.69  31581.00
13649  31581.00  31583.31
13650  31583.31  31585.62
13651  31585.62  31587.94
13652  31587.94  31590.25
13653  31590.25  31592.56
13654  31592.56  31594.88
13655  31594.88  31597.19
13656  31597.19  31599.50
13657  31599.50  31601.81
13658  31601.81  31604.12
13659  31604.12  31606.44
13660  31606.44  31608.75
13661  31608.75  31611.06
13662  31611.06  31613.38
13663  31613.38  31615.69
13664  31615.69  31618.00
13665  31618.00  31620.31
13666  31620.31  31622.62
13667  31622.62  31624.94
13668  31624.94  31627.25
13669  31627.25  31629.56
13670  31629.56  31631.88
13671  31631.88  31634.19
13672  31634.19  31636.50
13673  31636.50  31638.81
13674  31638.81  31641.12
13675  31641.12  31643.44
13676  31643.44  31645.75
13677  31645.75  31648.06
13678  31648.06  31650.38
13679  31650.38  31652.69
13680  31652.69  31655.00
13681  31655.00  31657.31
13682  31657.31  31659.62
13683  31659.62  31661.94
13684  31661.94  31664.25
13685  31664.25  31666.56
13686  31666.56  31668.88
13687  31668.88  31671.19
13688  31671.19  31673.50
13689  31673.50  31675.81
13690  31675.81  31678.12
13691  31678.12  31680.44
13692  31680.44  31682.75
13693  31682.75  31685.06
13694  31685.06  31687.38
13695  31687.38  31689.69
13696  31689.69  31692.00
13697  31692.00  31694.31
13698  31694.31  31696.62
13699  31696.62  31698.94
13700  31698.94  31701.25
13701  31701.25  31703.56
13702  31703.56  31705.88
13703  31705.88  31708.19
13704  31708.19  31710.50
13705  31710.50  31712.81
13706  31712.81  31715.12
13707  31715.12  31717.44
13708  31717.44  31719.75
13709  31719.75  31722.06
13710  31722.06  31724.38
13711  31724.38  31726.69
13712  31726.69  31729.00
13713  31729.00  31731.31
13714  31731.31  31733.62
13715  31733.62  31735.94
13716  31735.94  31738.25
13717  31738.25  31740.56
13718  31740.56  31742.88
13719  31742.88  31745.19
13720  31745.19  31747.50
13721  31747.50  31749.81
13722  31749.81  31752.12
13723  31752.12  31754.44
13724  31754.44  31756.75
13725  31756.75  31759.06
13726  31759.06  31761.38
13727  31761.38  31763.69
13728  31763.69  31766.00
13729  31766.00  31768.31
13730  31768.31  31770.62
13731  31770.62  31772.94
13732  31772.94  31775.25
13733  31775.25  31777.56
13734  31777.56  31779.88
13735  31779.88  31782.19
13736  31782.19  31784.50
13737  31784.50  31786.81
13738  31786.81  31789.12
13739  31789.12  31791.44
13740  31791.44  31793.75
13741  31793.75  31796.06
13742  31796.06  31798.38
13743  31798.38  31800.69
13744  31800.69  31803.00
13745  31803.00  31805.31
13746  31805.31  31807.62
13747  31807.62  31809.94
13748  31809.94  31812.25
13749  31812.25  31814.56
13750  31814.56  31816.88
13751  31816.88  31819.19
13752  31819.19  31821.50
13753  31821.50  31823.81
13754  31823.81  31826.12
13755  31826.12  31828.44
13756  31828.44  31830.75
13757  31830.75  31833.06
13758  31833.06  31835.38
13759  31835.38  31837.69
13760  31837.69  31840.00
13761  31840.00  31842.31
13762  31842.31  31844.62
13763  31844.62  31846.94
13764  31846.94  31849.25
13765  31849.25  31851.56
13766  31851.56  31853.88
13767  31853.88  31856.19
13768  31856.19  31858.50
13769  31858.50  31860.81
13770  31860.81  31863.12
13771  31863.12  31865.44
13772  31865.44  31867.75
13773  31867.75  31870.06
13774  31870.06  31872.38
13775  31872.38  31874.69
13776  31874.69  31877.00
13777  31877.00  31879.31
13778  31879.31  31881.62
13779  31881.62  31883.94
13780  31883.94  31886.25
13781  31886.25  31888.56
13782  31888.56  31890.88
13783  31890.88  31893.19
13784  31893.19  31895.50
13785  31895.50  31897.81
13786  31897.81  31900.12
13787  31900.12  31902.44
13788  31902.44  31904.75
13789  31904.75  31907.06
13790  31907.06  31909.38
13791  31909.38  31911.69
13792  31911.69  31914.00
13793  31914.00  31916.31
13794  31916.31  31918.62
13795  31918.62  31920.94
13796  31920.94  31923.25
13797  31923.25  31925.56
13798  31925.56  31927.88
13799  31927.88  31930.19
13800  31930.19  31932.50
13801  31932.50  31934.81
13802  31934.81  31937.12
13803  31937.12  31939.44
13804  31939.44  31941.75
13805  31941.75  31944.06
13806  31944.06  31946.38
13807  31946.38  31948.69
13808  31948.69  31951.00
13809  31951.00  31953.31
13810  31953.31  31955.62
13811  31955.62  31957.94
13812  31957.94  31960.25
13813  31960.25  31962.56
13814  31962.56  31964.88
13815  31964.88  31967.19
13816  31967.19  31969.50
13817  31969.50  31971.81
13818  31971.81  31974.12
13819  31974.12  31976.44
13820  31976.44  31978.75
13821  31978.75  31981.06
13822  31981.06  31983.38
13823  31983.38  31985.69
13824  31985.69  31988.00
13825  31988.00  31990.31
13826  31990.31  31992.62
13827  31992.62  31994.94
13828  31994.94  31997.25
13829  31997.25  31999.56
13830  31999.56  32001.88
13831  32001.88  32004.19
13832  32004.19  32006.50
13833  32006.50  32008.81
13834  32008.81  32011.12
13835  32011.12  32013.44
13836  32013.44  32015.75
13837  32015.75  32018.06
13838  32018.06  32020.38
13839  32020.38  32022.69
13840  32022.69  32025.00
13841  32025.00  32027.31
13842  32027.31  32029.62
13843  32029.62  32031.94
13844  32031.94  32034.25
13845  32034.25  32036.56
13846  32036.56  32038.88
13847  32038.88  32041.19
13848  32041.19  32043.50
13849  32043.50  32045.81
13850  32045.81  32048.12
13851  32048.12  32050.44
13852  32050.44  32052.75
13853  32052.75  32055.06
13854  32055.06  32057.38
13855  32057.38  32059.69
13856  32059.69  32062.00
13857  32062.00  32064.31
13858  32064.31  32066.62
13859  32066.62  32068.94
13860  32068.94  32071.25
13861  32071.25  32073.56
13862  32073.56  32075.88
13863  32075.88  32078.19
13864  32078.19  32080.50
13865  32080.50  32082.81
13866  32082.81  32085.12
13867  32085.12  32087.44
13868  32087.44  32089.75
13869  32089.75  32092.06
13870  32092.06  32094.38
13871  32094.38  32096.69
13872  32096.69  32099.00
13873  32099.00  32101.31
13874  32101.31  32103.62
13875  32103.62  32105.94
13876  32105.94  32108.25
13877  32108.25  32110.56
13878  32110.56  32112.88
13879  32112.88  32115.19
13880  32115.19  32117.50
13881  32117.50  32119.81
13882  32119.81  32122.12
13883  32122.12  32124.44
13884  32124.44  32126.75
13885  32126.75  32129.06
13886  32129.06  32131.38
13887  32131.38  32133.69
13888  32133.69  32136.00
13889  32136.00  32138.31
13890  32138.31  32140.62
13891  32140.62  32142.94
13892  32142.94  32145.25
13893  32145.25  32147.56
13894  32147.56  32149.88
13895  32149.88  32152.19
13896  32152.19  32154.50
13897  32154.50  32156.81
13898  32156.81  32159.12
13899  32159.12  32161.44
13900  32161.44  32163.75
13901  32163.75  32166.06
13902  32166.06  32168.38
13903  32168.38  32170.69
13904  32170.69  32173.00
13905  32173.00  32175.31
13906  32175.31  32177.62
13907  32177.62  32179.94
13908  32179.94  32182.25
13909  32182.25  32184.56
13910  32184.56  32186.88
13911  32186.88  32189.19
13912  32189.19  32191.50
13913  32191.50  32193.81
13914  32193.81  32196.12
13915  32196.12  32198.44
13916  32198.44  32200.75
13917  32200.75  32203.06
13918  32203.06  32205.38
13919  32205.38  32207.69
13920  32207.69  32210.00
13921  32210.00  32212.31
13922  32212.31  32214.62
13923  32214.62  32216.94
13924  32216.94  32219.25
13925  32219.25  32221.56
13926  32221.56  32223.88
13927  32223.88  32226.19
13928  32226.19  32228.50
13929  32228.50  32230.81
13930  32230.81  32233.12
13931  32233.12  32235.44
13932  32235.44  32237.75
13933  32237.75  32240.06
13934  32240.06  32242.38
13935  32242.38  32244.69
13936  32244.69  32247.00
13937  32247.00  32249.31
13938  32249.31  32251.62
13939  32251.62  32253.94
13940  32253.94  32256.25
13941  32256.25  32258.56
13942  32258.56  32260.88
13943  32260.88  32263.19
13944  32263.19  32265.50
13945  32265.50  32267.81
13946  32267.81  32270.12
13947  32270.12  32272.44
13948  32272.44  32274.75
13949  32274.75  32277.06
13950  32277.06  32279.38
13951  32279.38  32281.69
13952  32281.69  32284.00
13953  32284.00  32286.31
13954  32286.31  32288.62
13955  32288.62  32290.94
13956  32290.94  32293.25
13957  32293.25  32295.56
13958  32295.56  32297.88
13959  32297.88  32300.19
13960  32300.19  32302.50
13961  32302.50  32304.81
13962  32304.81  32307.12
13963  32307.12  32309.44
13964  32309.44  32311.75
13965  32311.75  32314.06
13966  32314.06  32316.38
13967  32316.38  32318.69
13968  32318.69  32321.00
13969  32321.00  32323.31
13970  32323.31  32325.62
13971  32325.62  32327.94
13972  32327.94  32330.25
13973  32330.25  32332.56
13974  32332.56  32334.88
13975  32334.88  32337.19
13976  32337.19  32339.50
13977  32339.50  32341.81
13978  32341.81  32344.12
13979  32344.12  32346.44
13980  32346.44  32348.75
13981  32348.75  32351.06
13982  32351.06  32353.38
13983  32353.38  32355.69
13984  32355.69  32358.00
13985  32358.00  32360.31
13986  32360.31  32362.62
13987  32362.62  32364.94
13988  32364.94  32367.25
13989  32367.25  32369.56
13990  32369.56  32371.88
13991  32371.88  32374.19
13992  32374.19  32376.50
13993  32376.50  32378.81
13994  32378.81  32381.12
13995  32381.12  32383.44
13996  32383.44  32385.75
13997  32385.75  32388.06
13998  32388.06  32390.38
13999  32390.38  32392.69
14000  32392.69  32395.00
14001  32395.00  32397.31
14002  32397.31  32399.62
14003  32399.62  32401.94
14004  32401.94  32404.25
14005  32404.25  32406.56
14006  32406.56  32408.88
14007  32408.88  32411.19
14008  32411.19  32413.50
14009  32413.50  32415.81
14010  32415.81  32418.12
14011  32418.12  32420.44
14012  32420.44  32422.75
14013  32422.75  32425.06
14014  32425.06  32427.38
14015  32427.38  32429.69
14016  32429.69  32432.00
14017  32432.00  32434.31
14018  32434.31  32436.62
14019  32436.62  32438.94
14020  32438.94  32441.25
14021  32441.25  32443.56
14022  32443.56  32445.88
14023  32445.88  32448.19
14024  32448.19  32450.50
14025  32450.50  32452.81
14026  32452.81  32455.12
14027  32455.12  32457.44
14028  32457.44  32459.75
14029  32459.75  32462.06
14030  32462.06  32464.38
14031  32464.38  32466.69
14032  32466.69  32469.00
14033  32469.00  32471.31
14034  32471.31  32473.62
14035  32473.62  32475.94
14036  32475.94  32478.25
14037  32478.25  32480.56
14038  32480.56  32482.88
14039  32482.88  32485.19
14040  32485.19  32487.50
14041  32487.50  32489.81
14042  32489.81  32492.12
14043  32492.12  32494.44
14044  32494.44  32496.75
14045  32496.75  32499.06
14046  32499.06  32501.38
14047  32501.38  32503.69
14048  32503.69  32506.00
14049  32506.00  32508.31
14050  32508.31  32510.62
14051  32510.62  32512.94
14052  32512.94  32515.25
14053  32515.25  32517.56
14054  32517.56  32519.88
14055  32519.88  32522.19
14056  32522.19  32524.50
14057  32524.50  32526.81
14058  32526.81  32529.12
14059  32529.12  32531.44
14060  32531.44  32533.75
14061  32533.75  32536.06
14062  32536.06  32538.38
14063  32538.38  32540.69
14064  32540.69  32543.00
14065  32543.00  32545.31
14066  32545.31  32547.62
14067  32547.62  32549.94
14068  32549.94  32552.25
14069  32552.25  32554.56
14070  32554.56  32556.88
14071  32556.88  32559.19
14072  32559.19  32561.50
14073  32561.50  32563.81
14074  32563.81  32566.12
14075  32566.12  32568.44
14076  32568.44  32570.75
14077  32570.75  32573.06
14078  32573.06  32575.38
14079  32575.38  32577.69
14080  32577.69  32580.00
14081  32580.00  32582.31
14082  32582.31  32584.62
14083  32584.62  32586.94
14084  32586.94  32589.25
14085  32589.25  32591.56
14086  32591.56  32593.88
14087  32593.88  32596.19
14088  32596.19  32598.50
14089  32598.50  32600.81
14090  32600.81  32603.12
14091  32603.12  32605.44
14092  32605.44  32607.75
14093  32607.75  32610.06
14094  32610.06  32612.38
14095  32612.38  32614.69
14096  32614.69  32617.00
14097  32617.00  32619.31
14098  32619.31  32621.62
14099  32621.62  32623.94
14100  32623.94  32626.25
14101  32626.25  32628.56
14102  32628.56  32630.88
14103  32630.88  32633.19
14104  32633.19  32635.50
14105  32635.50  32637.81
14106  32637.81  32640.12
14107  32640.12  32642.44
14108  32642.44  32644.75
14109  32644.75  32647.06
14110  32647.06  32649.38
14111  32649.38  32651.69
14112  32651.69  32654.00
14113  32654.00  32656.31
14114  32656.31  32658.62
14115  32658.62  32660.94
14116  32660.94  32663.25
14117  32663.25  32665.56
14118  32665.56  32667.88
14119  32667.88  32670.19
14120  32670.19  32672.50
14121  32672.50  32674.81
14122  32674.81  32677.12
14123  32677.12  32679.44
14124  32679.44  32681.75
14125  32681.75  32684.06
14126  32684.06  32686.38
14127  32686.38  32688.69
14128  32688.69  32691.00
14129  32691.00  32693.31
14130  32693.31  32695.62
14131  32695.62  32697.94
14132  32697.94  32700.25
14133  32700.25  32702.56
14134  32702.56  32704.88
14135  32704.88  32707.19
14136  32707.19  32709.50
14137  32709.50  32711.81
14138  32711.81  32714.12
14139  32714.12  32716.44
14140  32716.44  32718.75
14141  32718.75  32721.06
14142  32721.06  32723.38
14143  32723.38  32725.69
14144  32725.69  32728.00
14145  32728.00  32730.31
14146  32730.31  32732.62
14147  32732.62  32734.94
14148  32734.94  32737.25
14149  32737.25  32739.56
14150  32739.56  32741.88
14151  32741.88  32744.19
14152  32744.19  32746.50
14153  32746.50  32748.81
14154  32748.81  32751.12
14155  32751.12  32753.44
14156  32753.44  32755.75
14157  32755.75  32758.06
14158  32758.06  32760.38
14159  32760.38  32762.69
14160  32762.69  32765.00
14161  32765.00  32767.31
14162  32767.31  32769.62
14163  32769.62  32771.94
14164  32771.94  32774.25
14165  32774.25  32776.56
14166  32776.56  32778.88
14167  32778.88  32781.19
14168  32781.19  32783.50
14169  32783.50  32785.81
14170  32785.81  32788.12
14171  32788.12  32790.44
14172  32790.44  32792.75
14173  32792.75  32795.06
14174  32795.06  32797.38
14175  32797.38  32799.69
14176  32799.69  32802.00
14177  32802.00  32804.31
14178  32804.31  32806.62
14179  32806.62  32808.94
14180  32808.94  32811.25
14181  32811.25  32813.56
14182  32813.56  32815.88
14183  32815.88  32818.19
14184  32818.19  32820.50
14185  32820.50  32822.81
14186  32822.81  32825.12
14187  32825.12  32827.44
14188  32827.44  32829.75
14189  32829.75  32832.06
14190  32832.06  32834.38
14191  32834.38  32836.69
14192  32836.69  32839.00
14193  32839.00  32841.31
14194  32841.31  32843.62
14195  32843.62  32845.94
14196  32845.94  32848.25
14197  32848.25  32850.56
14198  32850.56  32852.88
14199  32852.88  32855.19
14200  32855.19  32857.50
14201  32857.50  32859.81
14202  32859.81  32862.12
14203  32862.12  32864.44
14204  32864.44  32866.75
14205  32866.75  32869.06
14206  32869.06  32871.38
14207  32871.38  32873.69
14208  32873.69  32876.00
14209  32876.00  32878.31
14210  32878.31  32880.62
14211  32880.62  32882.94
14212  32882.94  32885.25
14213  32885.25  32887.56
14214  32887.56  32889.88
14215  32889.88  32892.19
14216  32892.19  32894.50
14217  32894.50  32896.81
14218  32896.81  32899.12
14219  32899.12  32901.44
14220  32901.44  32903.75
14221  32903.75  32906.06
14222  32906.06  32908.38
14223  32908.38  32910.69
14224  32910.69  32913.00
14225  32913.00  32915.31
14226  32915.31  32917.62
14227  32917.62  32919.94
14228  32919.94  32922.25
14229  32922.25  32924.56
14230  32924.56  32926.88
14231  32926.88  32929.19
14232  32929.19  32931.50
14233  32931.50  32933.81
14234  32933.81  32936.12
14235  32936.12  32938.44
14236  32938.44  32940.75
14237  32940.75  32943.06
14238  32943.06  32945.38
14239  32945.38  32947.69
14240  32947.69  32950.00
14241  32950.00  32952.31
14242  32952.31  32954.62
14243  32954.62  32956.94
14244  32956.94  32959.25
14245  32959.25  32961.56
14246  32961.56  32963.88
14247  32963.88  32966.19
14248  32966.19  32968.50
14249  32968.50  32970.81
14250  32970.81  32973.12
14251  32973.12  32975.44
14252  32975.44  32977.75
14253  32977.75  32980.06
14254  32980.06  32982.38
14255  32982.38  32984.69
14256  32984.69  32987.00
14257  32987.00  32989.31
14258  32989.31  32991.62
14259  32991.62  32993.94
14260  32993.94  32996.25
14261  32996.25  32998.56
14262  32998.56  33000.88
14263  33000.88  33003.19
14264  33003.19  33005.50
14265  33005.50  33007.81
14266  33007.81  33010.12
14267  33010.12  33012.44
14268  33012.44  33014.75
14269  33014.75  33017.06
14270  33017.06  33019.38
14271  33019.38  33021.69
14272  33021.69  33024.00
14273  33024.00  33026.31
14274  33026.31  33028.62
14275  33028.62  33030.94
14276  33030.94  33033.25
14277  33033.25  33035.56
14278  33035.56  33037.88
14279  33037.88  33040.19
14280  33040.19  33042.50
14281  33042.50  33044.81
14282  33044.81  33047.12
14283  33047.12  33049.44
14284  33049.44  33051.75
14285  33051.75  33054.06
14286  33054.06  33056.38
14287  33056.38  33058.69
14288  33058.69  33061.00
14289  33061.00  33063.31
14290  33063.31  33065.62
14291  33065.62  33067.94
14292  33067.94  33070.25
14293  33070.25  33072.56
14294  33072.56  33074.88
14295  33074.88  33077.19
14296  33077.19  33079.50
14297  33079.50  33081.81
14298  33081.81  33084.12
14299  33084.12  33086.44
14300  33086.44  33088.75
14301  33088.75  33091.06
14302  33091.06  33093.38
14303  33093.38  33095.69
14304  33095.69  33098.00
14305  33098.00  33100.31
14306  33100.31  33102.62
14307  33102.62  33104.94
14308  33104.94  33107.25
14309  33107.25  33109.56
14310  33109.56  33111.88
14311  33111.88  33114.19
14312  33114.19  33116.50
14313  33116.50  33118.81
14314  33118.81  33121.12
14315  33121.12  33123.44
14316  33123.44  33125.75
14317  33125.75  33128.06
14318  33128.06  33130.38
14319  33130.38  33132.69
14320  33132.69  33135.00
14321  33135.00  33137.31
14322  33137.31  33139.62
14323  33139.62  33141.94
14324  33141.94  33144.25
14325  33144.25  33146.56
14326  33146.56  33148.88
14327  33148.88  33151.19
14328  33151.19  33153.50
14329  33153.50  33155.81
14330  33155.81  33158.12
14331  33158.12  33160.44
14332  33160.44  33162.75
14333  33162.75  33165.06
14334  33165.06  33167.38
14335  33167.38  33169.69
14336  33169.69  33172.00
14337  33172.00  33174.31
14338  33174.31  33176.62
14339  33176.62  33178.94
14340  33178.94  33181.25
14341  33181.25  33183.56
14342  33183.56  33185.88
14343  33185.88  33188.19
14344  33188.19  33190.50
14345  33190.50  33192.81
14346  33192.81  33195.12
14347  33195.12  33197.44
14348  33197.44  33199.75
14349  33199.75  33202.06
14350  33202.06  33204.38
14351  33204.38  33206.69
14352  33206.69  33209.00
14353  33209.00  33211.31
14354  33211.31  33213.62
14355  33213.62  33215.94
14356  33215.94  33218.25
14357  33218.25  33220.56
14358  33220.56  33222.88
14359  33222.88  33225.19
14360  33225.19  33227.50
14361  33227.50  33229.81
14362  33229.81  33232.12
14363  33232.12  33234.44
14364  33234.44  33236.75
14365  33236.75  33239.06
14366  33239.06  33241.38
14367  33241.38  33243.69
14368  33243.69  33246.00
14369  33246.00  33248.31
14370  33248.31  33250.62
14371  33250.62  33252.94
14372  33252.94  33255.25
14373  33255.25  33257.56
14374  33257.56  33259.88
14375  33259.88  33262.19
14376  33262.19  33264.50
14377  33264.50  33266.81
14378  33266.81  33269.12
14379  33269.12  33271.44
14380  33271.44  33273.75
14381  33273.75  33276.06
14382  33276.06  33278.38
14383  33278.38  33280.69
14384  33280.69  33283.00
14385  33283.00  33285.31
14386  33285.31  33287.62
14387  33287.62  33289.94
14388  33289.94  33292.25
14389  33292.25  33294.56
14390  33294.56  33296.88
14391  33296.88  33299.19
14392  33299.19  33301.50
14393  33301.50  33303.81
14394  33303.81  33306.12
14395  33306.12  33308.44
14396  33308.44  33310.75
14397  33310.75  33313.06
14398  33313.06  33315.38
14399  33315.38  33317.69
14400  33317.69  33320.00
14401  33320.00  33322.31
14402  33322.31  33324.62
14403  33324.62  33326.94
14404  33326.94  33329.25
14405  33329.25  33331.56
14406  33331.56  33333.88
14407  33333.88  33336.19
14408  33336.19  33338.50
14409  33338.50  33340.81
14410  33340.81  33343.12
14411  33343.12  33345.44
14412  33345.44  33347.75
14413  33347.75  33350.06
14414  33350.06  33352.38
14415  33352.38  33354.69
14416  33354.69  33357.00
14417  33357.00  33359.31
14418  33359.31  33361.62
14419  33361.62  33363.94
14420  33363.94  33366.25
14421  33366.25  33368.56
14422  33368.56  33370.88
14423  33370.88  33373.19
14424  33373.19  33375.50
14425  33375.50  33377.81
14426  33377.81  33380.12
14427  33380.12  33382.44
14428  33382.44  33384.75
14429  33384.75  33387.06
14430  33387.06  33389.38
14431  33389.38  33391.69
14432  33391.69  33394.00
14433  33394.00  33396.31
14434  33396.31  33398.62
14435  33398.62  33400.94
14436  33400.94  33403.25
14437  33403.25  33405.56
14438  33405.56  33407.88
14439  33407.88  33410.19
14440  33410.19  33412.50
14441  33412.50  33414.81
14442  33414.81  33417.12
14443  33417.12  33419.44
14444  33419.44  33421.75
14445  33421.75  33424.06
14446  33424.06  33426.38
14447  33426.38  33428.69
14448  33428.69  33431.00
14449  33431.00  33433.31
14450  33433.31  33435.62
14451  33435.62  33437.94
14452  33437.94  33440.25
14453  33440.25  33442.56
14454  33442.56  33444.88
14455  33444.88  33447.19
14456  33447.19  33449.50
14457  33449.50  33451.81
14458  33451.81  33454.12
14459  33454.12  33456.44
14460  33456.44  33458.75
14461  33458.75  33461.06
14462  33461.06  33463.38
14463  33463.38  33465.69
14464  33465.69  33468.00
14465  33468.00  33470.31
14466  33470.31  33472.62
14467  33472.62  33474.94
14468  33474.94  33477.25
14469  33477.25  33479.56
14470  33479.56  33481.88
14471  33481.88  33484.19
14472  33484.19  33486.50
14473  33486.50  33488.81
14474  33488.81  33491.12
14475  33491.12  33493.44
14476  33493.44  33495.75
14477  33495.75  33498.06
14478  33498.06  33500.38
14479  33500.38  33502.69
14480  33502.69  33505.00
14481  33505.00  33507.31
14482  33507.31  33509.62
14483  33509.62  33511.94
14484  33511.94  33514.25
14485  33514.25  33516.56
14486  33516.56  33518.88
14487  33518.88  33521.19
14488  33521.19  33523.50
14489  33523.50  33525.81
14490  33525.81  33528.12
14491  33528.12  33530.44
14492  33530.44  33532.75
14493  33532.75  33535.06
14494  33535.06  33537.38
14495  33537.38  33539.69
14496  33539.69  33542.00
14497  33542.00  33544.31
14498  33544.31  33546.62
14499  33546.62  33548.94
14500  33548.94  33551.25
14501  33551.25  33553.56
14502  33553.56  33555.88
14503  33555.88  33558.19
14504  33558.19  33560.50
14505  33560.50  33562.81
14506  33562.81  33565.12
14507  33565.12  33567.44
14508  33567.44  33569.75
14509  33569.75  33572.06
14510  33572.06  33574.38
14511  33574.38  33576.69
14512  33576.69  33579.00
14513  33579.00  33581.31
14514  33581.31  33583.62
14515  33583.62  33585.94
14516  33585.94  33588.25
14517  33588.25  33590.56
14518  33590.56  33592.88
14519  33592.88  33595.19
14520  33595.19  33597.50
14521  33597.50  33599.81
14522  33599.81  33602.12
14523  33602.12  33604.44
14524  33604.44  33606.75
14525  33606.75  33609.06
14526  33609.06  33611.38
14527  33611.38  33613.69
14528  33613.69  33616.00
14529  33616.00  33618.31
14530  33618.31  33620.62
14531  33620.62  33622.94
14532  33622.94  33625.25
14533  33625.25  33627.56
14534  33627.56  33629.88
14535  33629.88  33632.19
14536  33632.19  33634.50
14537  33634.50  33636.81
14538  33636.81  33639.12
14539  33639.12  33641.44
14540  33641.44  33643.75
14541  33643.75  33646.06
14542  33646.06  33648.38
14543  33648.38  33650.69
14544  33650.69  33653.00
14545  33653.00  33655.31
14546  33655.31  33657.62
14547  33657.62  33659.94
14548  33659.94  33662.25
14549  33662.25  33664.56
14550  33664.56  33666.88
14551  33666.88  33669.19
14552  33669.19  33671.50
14553  33671.50  33673.81
14554  33673.81  33676.12
14555  33676.12  33678.44
14556  33678.44  33680.75
14557  33680.75  33683.06
14558  33683.06  33685.38
14559  33685.38  33687.69
14560  33687.69  33690.00
14561  33690.00  33692.31
14562  33692.31  33694.62
14563  33694.62  33696.94
14564  33696.94  33699.25
14565  33699.25  33701.56
14566  33701.56  33703.88
14567  33703.88  33706.19
14568  33706.19  33708.50
14569  33708.50  33710.81
14570  33710.81  33713.12
14571  33713.12  33715.44
14572  33715.44  33717.75
14573  33717.75  33720.06
14574  33720.06  33722.38
14575  33722.38  33724.69
14576  33724.69  33727.00
14577  33727.00  33729.31
14578  33729.31  33731.62
14579  33731.62  33733.94
14580  33733.94  33736.25
14581  33736.25  33738.56
14582  33738.56  33740.88
14583  33740.88  33743.19
14584  33743.19  33745.50
14585  33745.50  33747.81
14586  33747.81  33750.12
14587  33750.12  33752.44
14588  33752.44  33754.75
14589  33754.75  33757.06
14590  33757.06  33759.38
14591  33759.38  33761.69
14592  33761.69  33764.00
14593  33764.00  33766.31
14594  33766.31  33768.62
14595  33768.62  33770.94
14596  33770.94  33773.25
14597  33773.25  33775.56
14598  33775.56  33777.88
14599  33777.88  33780.19
14600  33780.19  33782.50
14601  33782.50  33784.81
14602  33784.81  33787.12
14603  33787.12  33789.44
14604  33789.44  33791.75
14605  33791.75  33794.06
14606  33794.06  33796.38
14607  33796.38  33798.69
14608  33798.69  33801.00
14609  33801.00  33803.31
14610  33803.31  33805.62
14611  33805.62  33807.94
14612  33807.94  33810.25
14613  33810.25  33812.56
14614  33812.56  33814.88
14615  33814.88  33817.19
14616  33817.19  33819.50
14617  33819.50  33821.81
14618  33821.81  33824.12
14619  33824.12  33826.44
14620  33826.44  33828.75
14621  33828.75  33831.06
14622  33831.06  33833.38
14623  33833.38  33835.69
14624  33835.69  33838.00
14625  33838.00  33840.31
14626  33840.31  33842.62
14627  33842.62  33844.94
14628  33844.94  33847.25
14629  33847.25  33849.56
14630  33849.56  33851.88
14631  33851.88  33854.19
14632  33854.19  33856.50
14633  33856.50  33858.81
14634  33858.81  33861.12
14635  33861.12  33863.44
14636  33863.44  33865.75
14637  33865.75  33868.06
14638  33868.06  33870.38
14639  33870.38  33872.69
14640  33872.69  33875.00
14641  33875.00  33877.31
14642  33877.31  33879.62
14643  33879.62  33881.94
14644  33881.94  33884.25
14645  33884.25  33886.56
14646  33886.56  33888.88
14647  33888.88  33891.19
14648  33891.19  33893.50
14649  33893.50  33895.81
14650  33895.81  33898.12
14651  33898.12  33900.44
14652  33900.44  33902.75
14653  33902.75  33905.06
14654  33905.06  33907.38
14655  33907.38  33909.69
14656  33909.69  33912.00
14657  33912.00  33914.31
14658  33914.31  33916.62
14659  33916.62  33918.94
14660  33918.94  33921.25
14661  33921.25  33923.56
14662  33923.56  33925.88
14663  33925.88  33928.19
14664  33928.19  33930.50
14665  33930.50  33932.81
14666  33932.81  33935.12
14667  33935.12  33937.44
14668  33937.44  33939.75
14669  33939.75  33942.06
14670  33942.06  33944.38
14671  33944.38  33946.69
14672  33946.69  33949.00
14673  33949.00  33951.31
14674  33951.31  33953.62
14675  33953.62  33955.94
14676  33955.94  33958.25
14677  33958.25  33960.56
14678  33960.56  33962.88
14679  33962.88  33965.19
14680  33965.19  33967.50
14681  33967.50  33969.81
14682  33969.81  33972.12
14683  33972.12  33974.44
14684  33974.44  33976.75
14685  33976.75  33979.06
14686  33979.06  33981.38
14687  33981.38  33983.69
14688  33983.69  33986.00
14689  33986.00  33988.31
14690  33988.31  33990.62
14691  33990.62  33992.94
14692  33992.94  33995.25
14693  33995.25  33997.56
14694  33997.56  33999.88
14695  33999.88  34002.19
14696  34002.19  34004.50
14697  34004.50  34006.81
14698  34006.81  34009.12
14699  34009.12  34011.44
14700  34011.44  34013.75
14701  34013.75  34016.06
14702  34016.06  34018.38
14703  34018.38  34020.69
14704  34020.69  34023.00
14705  34023.00  34025.31
14706  34025.31  34027.62
14707  34027.62  34029.94
14708  34029.94  34032.25
14709  34032.25  34034.56
14710  34034.56  34036.88
14711  34036.88  34039.19
14712  34039.19  34041.50
14713  34041.50  34043.81
14714  34043.81  34046.12
14715  34046.12  34048.44
14716  34048.44  34050.75
14717  34050.75  34053.06
14718  34053.06  34055.38
14719  34055.38  34057.69
14720  34057.69  34060.00
14721  34060.00  34062.31
14722  34062.31  34064.62
14723  34064.62  34066.94
14724  34066.94  34069.25
14725  34069.25  34071.56
14726  34071.56  34073.88
14727  34073.88  34076.19
14728  34076.19  34078.50
14729  34078.50  34080.81
14730  34080.81  34083.12
14731  34083.12  34085.44
14732  34085.44  34087.75
14733  34087.75  34090.06
14734  34090.06  34092.38
14735  34092.38  34094.69
14736  34094.69  34097.00
14737  34097.00  34099.31
14738  34099.31  34101.62
14739  34101.62  34103.94
14740  34103.94  34106.25
14741  34106.25  34108.56
14742  34108.56  34110.88
14743  34110.88  34113.19
14744  34113.19  34115.50
14745  34115.50  34117.81
14746  34117.81  34120.12
14747  34120.12  34122.44
14748  34122.44  34124.75
14749  34124.75  34127.06
14750  34127.06  34129.38
14751  34129.38  34131.69
14752  34131.69  34134.00
14753  34134.00  34136.31
14754  34136.31  34138.62
14755  34138.62  34140.94
14756  34140.94  34143.25
14757  34143.25  34145.56
14758  34145.56  34147.88
14759  34147.88  34150.19
14760  34150.19  34152.50
14761  34152.50  34154.81
14762  34154.81  34157.12
14763  34157.12  34159.44
14764  34159.44  34161.75
14765  34161.75  34164.06
14766  34164.06  34166.38
14767  34166.38  34168.69
14768  34168.69  34171.00
14769  34171.00  34173.31
14770  34173.31  34175.62
14771  34175.62  34177.94
14772  34177.94  34180.25
14773  34180.25  34182.56
14774  34182.56  34184.88
14775  34184.88  34187.19
14776  34187.19  34189.50
14777  34189.50  34191.81
14778  34191.81  34194.12
14779  34194.12  34196.44
14780  34196.44  34198.75
14781  34198.75  34201.06
14782  34201.06  34203.38
14783  34203.38  34205.69
14784  34205.69  34208.00
14785  34208.00  34210.31
14786  34210.31  34212.62
14787  34212.62  34214.94
14788  34214.94  34217.25
14789  34217.25  34219.56
14790  34219.56  34221.88
14791  34221.88  34224.19
14792  34224.19  34226.50
14793  34226.50  34228.81
14794  34228.81  34231.12
14795  34231.12  34233.44
14796  34233.44  34235.75
14797  34235.75  34238.06
14798  34238.06  34240.38
14799  34240.38  34242.69
14800  34242.69  34245.00
14801  34245.00  34247.31
14802  34247.31  34249.62
14803  34249.62  34251.94
14804  34251.94  34254.25
14805  34254.25  34256.56
14806  34256.56  34258.88
14807  34258.88  34261.19
14808  34261.19  34263.50
14809  34263.50  34265.81
14810  34265.81  34268.12
14811  34268.12  34270.44
14812  34270.44  34272.75
14813  34272.75  34275.06
14814  34275.06  34277.38
14815  34277.38  34279.69
14816  34279.69  34282.00
14817  34282.00  34284.31
14818  34284.31  34286.62
14819  34286.62  34288.94
14820  34288.94  34291.25
14821  34291.25  34293.56
14822  34293.56  34295.88
14823  34295.88  34298.19
14824  34298.19  34300.50
14825  34300.50  34302.81
14826  34302.81  34305.12
14827  34305.12  34307.44
14828  34307.44  34309.75
14829  34309.75  34312.06
14830  34312.06  34314.38
14831  34314.38  34316.69
14832  34316.69  34319.00
14833  34319.00  34321.31
14834  34321.31  34323.62
14835  34323.62  34325.94
14836  34325.94  34328.25
14837  34328.25  34330.56
14838  34330.56  34332.88
14839  34332.88  34335.19
14840  34335.19  34337.50
14841  34337.50  34339.81
14842  34339.81  34342.12
14843  34342.12  34344.44
14844  34344.44  34346.75
14845  34346.75  34349.06
14846  34349.06  34351.38
14847  34351.38  34353.69
14848  34353.69  34356.00
14849  34356.00  34358.31
14850  34358.31  34360.62
14851  34360.62  34362.94
14852  34362.94  34365.25
14853  34365.25  34367.56
14854  34367.56  34369.88
14855  34369.88  34372.19
14856  34372.19  34374.50
14857  34374.50  34376.81
14858  34376.81  34379.12
14859  34379.12  34381.44
14860  34381.44  34383.75
14861  34383.75  34386.06
14862  34386.06  34388.38
14863  34388.38  34390.69
14864  34390.69  34393.00
14865  34393.00  34395.31
14866  34395.31  34397.62
14867  34397.62  34399.94
14868  34399.94  34402.25
14869  34402.25  34404.56
14870  34404.56  34406.88
14871  34406.88  34409.19
14872  34409.19  34411.50
14873  34411.50  34413.81
14874  34413.81  34416.12
14875  34416.12  34418.44
14876  34418.44  34420.75
14877  34420.75  34423.06
14878  34423.06  34425.38
14879  34425.38  34427.69
14880  34427.69  34430.00
14881  34430.00  34432.31
14882  34432.31  34434.62
14883  34434.62  34436.94
14884  34436.94  34439.25
14885  34439.25  34441.56
14886  34441.56  34443.88
14887  34443.88  34446.19
14888  34446.19  34448.50
14889  34448.50  34450.81
14890  34450.81  34453.12
14891  34453.12  34455.44
14892  34455.44  34457.75
14893  34457.75  34460.06
14894  34460.06  34462.38
14895  34462.38  34464.69
14896  34464.69  34467.00
14897  34467.00  34469.31
14898  34469.31  34471.62
14899  34471.62  34473.94
14900  34473.94  34476.25
14901  34476.25  34478.56
14902  34478.56  34480.88
14903  34480.88  34483.19
14904  34483.19  34485.50
14905  34485.50  34487.81
14906  34487.81  34490.12
14907  34490.12  34492.44
14908  34492.44  34494.75
14909  34494.75  34497.06
14910  34497.06  34499.38
14911  34499.38  34501.69
14912  34501.69  34504.00
14913  34504.00  34506.31
14914  34506.31  34508.62
14915  34508.62  34510.94
14916  34510.94  34513.25
14917  34513.25  34515.56
14918  34515.56  34517.88
14919  34517.88  34520.19
14920  34520.19  34522.50
14921  34522.50  34524.81
14922  34524.81  34527.12
14923  34527.12  34529.44
14924  34529.44  34531.75
14925  34531.75  34534.06
14926  34534.06  34536.38
14927  34536.38  34538.69
14928  34538.69  34541.00
14929  34541.00  34543.31
14930  34543.31  34545.62
14931  34545.62  34547.94
14932  34547.94  34550.25
14933  34550.25  34552.56
14934  34552.56  34554.88
14935  34554.88  34557.19
14936  34557.19  34559.50
14937  34559.50  34561.81
14938  34561.81  34564.12
14939  34564.12  34566.44
14940  34566.44  34568.75
14941  34568.75  34571.06
14942  34571.06  34573.38
14943  34573.38  34575.69
14944  34575.69  34578.00
14945  34578.00  34580.31
14946  34580.31  34582.62
14947  34582.62  34584.94
14948  34584.94  34587.25
14949  34587.25  34589.56
14950  34589.56  34591.88
14951  34591.88  34594.19
14952  34594.19  34596.50
14953  34596.50  34598.81
14954  34598.81  34601.12
14955  34601.12  34603.44
14956  34603.44  34605.75
14957  34605.75  34608.06
14958  34608.06  34610.38
14959  34610.38  34612.69
14960  34612.69  34615.00
14961  34615.00  34617.31
14962  34617.31  34619.62
14963  34619.62  34621.94
14964  34621.94  34624.25
14965  34624.25  34626.56
14966  34626.56  34628.88
14967  34628.88  34631.19
14968  34631.19  34633.50
14969  34633.50  34635.81
14970  34635.81  34638.12
14971  34638.12  34640.44
14972  34640.44  34642.75
14973  34642.75  34645.06
14974  34645.06  34647.38
14975  34647.38  34649.69
14976  34649.69  34652.00
14977  34652.00  34654.31
14978  34654.31  34656.62
14979  34656.62  34658.94
14980  34658.94  34661.25
14981  34661.25  34663.56
14982  34663.56  34665.88
14983  34665.88  34668.19
14984  34668.19  34670.50
14985  34670.50  34672.81
14986  34672.81  34675.12
14987  34675.12  34677.44
14988  34677.44  34679.75
14989  34679.75  34682.06
14990  34682.06  34684.38
14991  34684.38  34686.69
14992  34686.69  34689.00
14993  34689.00  34691.31
14994  34691.31  34693.62
14995  34693.62  34695.94
14996  34695.94  34698.25
14997  34698.25  34700.56
14998  34700.56  34702.88
14999  34702.88  34705.19
15000  34705.19  34707.50
15001  34707.50  34709.81
15002  34709.81  34712.12
15003  34712.12  34714.44
15004  34714.44  34716.75
15005  34716.75  34719.06
15006  34719.06  34721.38
15007  34721.38  34723.69
15008  34723.69  34726.00
15009  34726.00  34728.31
15010  34728.31  34730.62
15011  34730.62  34732.94
15012  34732.94  34735.25
15013  34735.25  34737.56
15014  34737.56  34739.88
15015  34739.88  34742.19
15016  34742.19  34744.50
15017  34744.50  34746.81
15018  34746.81  34749.12
15019  34749.12  34751.44
15020  34751.44  34753.75
15021  34753.75  34756.06
15022  34756.06  34758.38
15023  34758.38  34760.69
15024  34760.69  34763.00
15025  34763.00  34765.31
15026  34765.31  34767.62
15027  34767.62  34769.94
15028  34769.94  34772.25
15029  34772.25  34774.56
15030  34774.56  34776.88
15031  34776.88  34779.19
15032  34779.19  34781.50
15033  34781.50  34783.81
15034  34783.81  34786.12
15035  34786.12  34788.44
15036  34788.44  34790.75
15037  34790.75  34793.06
15038  34793.06  34795.38
15039  34795.38  34797.69
15040  34797.69  34800.00
15041  34800.00  34802.31
15042  34802.31  34804.62
15043  34804.62  34806.94
15044  34806.94  34809.25
15045  34809.25  34811.56
15046  34811.56  34813.88
15047  34813.88  34816.19
15048  34816.19  34818.50
15049  34818.50  34820.81
15050  34820.81  34823.12
15051  34823.12  34825.44
15052  34825.44  34827.75
15053  34827.75  34830.06
15054  34830.06  34832.38
15055  34832.38  34834.69
15056  34834.69  34837.00
15057  34837.00  34839.31
15058  34839.31  34841.62
15059  34841.62  34843.94
15060  34843.94  34846.25
15061  34846.25  34848.56
15062  34848.56  34850.88
15063  34850.88  34853.19
15064  34853.19  34855.50
15065  34855.50  34857.81
15066  34857.81  34860.12
15067  34860.12  34862.44
15068  34862.44  34864.75
15069  34864.75  34867.06
15070  34867.06  34869.38
15071  34869.38  34871.69
15072  34871.69  34874.00
15073  34874.00  34876.31
15074  34876.31  34878.62
15075  34878.62  34880.94
15076  34880.94  34883.25
15077  34883.25  34885.56
15078  34885.56  34887.88
15079  34887.88  34890.19
15080  34890.19  34892.50
15081  34892.50  34894.81
15082  34894.81  34897.12
15083  34897.12  34899.44
15084  34899.44  34901.75
15085  34901.75  34904.06
15086  34904.06  34906.38
15087  34906.38  34908.69
15088  34908.69  34911.00
15089  34911.00  34913.31
15090  34913.31  34915.62
15091  34915.62  34917.94
15092  34917.94  34920.25
15093  34920.25  34922.56
15094  34922.56  34924.88
15095  34924.88  34927.19
15096  34927.19  34929.50
15097  34929.50  34931.81
15098  34931.81  34934.12
15099  34934.12  34936.44
15100  34936.44  34938.75
15101  34938.75  34941.06
15102  34941.06  34943.38
15103  34943.38  34945.69
15104  34945.69  34948.00
15105  34948.00  34950.31
15106  34950.31  34952.62
15107  34952.62  34954.94
15108  34954.94  34957.25
15109  34957.25  34959.56
15110  34959.56  34961.88
15111  34961.88  34964.19
15112  34964.19  34966.50
15113  34966.50  34968.81
15114  34968.81  34971.12
15115  34971.12  34973.44
15116  34973.44  34975.75
15117  34975.75  34978.06
15118  34978.06  34980.38
15119  34980.38  34982.69
15120  34982.69  34985.00
15121  34985.00  34987.31
15122  34987.31  34989.62
15123  34989.62  34991.94
15124  34991.94  34994.25
15125  34994.25  34996.56
15126  34996.56  34998.88
15127  34998.88  35001.19
15128  35001.19  35003.50
15129  35003.50  35005.81
15130  35005.81  35008.12
15131  35008.12  35010.44
15132  35010.44  35012.75
15133  35012.75  35015.06
15134  35015.06  35017.38
15135  35017.38  35019.69
15136  35019.69  35022.00
15137  35022.00  35024.31
15138  35024.31  35026.62
15139  35026.62  35028.94
15140  35028.94  35031.25
15141  35031.25  35033.56
15142  35033.56  35035.88
15143  35035.88  35038.19
15144  35038.19  35040.50
15145  35040.50  35042.81
15146  35042.81  35045.12
15147  35045.12  35047.44
15148  35047.44  35049.75
15149  35049.75  35052.06
15150  35052.06  35054.38
15151  35054.38  35056.69
15152  35056.69  35059.00
15153  35059.00  35061.31
15154  35061.31  35063.62
15155  35063.62  35065.94
15156  35065.94  35068.25
15157  35068.25  35070.56
15158  35070.56  35072.88
15159  35072.88  35075.19
15160  35075.19  35077.50
15161  35077.50  35079.81
15162  35079.81  35082.12
15163  35082.12  35084.44
15164  35084.44  35086.75
15165  35086.75  35089.06
15166  35089.06  35091.38
15167  35091.38  35093.69
15168  35093.69  35096.00
15169  35096.00  35098.31
15170  35098.31  35100.62
15171  35100.62  35102.94
15172  35102.94  35105.25
15173  35105.25  35107.56
15174  35107.56  35109.88
15175  35109.88  35112.19
15176  35112.19  35114.50
15177  35114.50  35116.81
15178  35116.81  35119.12
15179  35119.12  35121.44
15180  35121.44  35123.75
15181  35123.75  35126.06
15182  35126.06  35128.38
15183  35128.38  35130.69
15184  35130.69  35133.00
15185  35133.00  35135.31
15186  35135.31  35137.62
15187  35137.62  35139.94
15188  35139.94  35142.25
15189  35142.25  35144.56
15190  35144.56  35146.88
15191  35146.88  35149.19
15192  35149.19  35151.50
15193  35151.50  35153.81
15194  35153.81  35156.12
15195  35156.12  35158.44
15196  35158.44  35160.75
15197  35160.75  35163.06
15198  35163.06  35165.38
15199  35165.38  35167.69
15200  35167.69  35170.00
15201  35170.00  35172.31
15202  35172.31  35174.62
15203  35174.62  35176.94
15204  35176.94  35179.25
15205  35179.25  35181.56
15206  35181.56  35183.88
15207  35183.88  35186.19
15208  35186.19  35188.50
15209  35188.50  35190.81
15210  35190.81  35193.12
15211  35193.12  35195.44
15212  35195.44  35197.75
15213  35197.75  35200.06
15214  35200.06  35202.38
15215  35202.38  35204.69
15216  35204.69  35207.00
15217  35207.00  35209.31
15218  35209.31  35211.62
15219  35211.62  35213.94
15220  35213.94  35216.25
15221  35216.25  35218.56
15222  35218.56  35220.88
15223  35220.88  35223.19
15224  35223.19  35225.50
15225  35225.50  35227.81
15226  35227.81  35230.12
15227  35230.12  35232.44
15228  35232.44  35234.75
15229  35234.75  35237.06
15230  35237.06  35239.38
15231  35239.38  35241.69
15232  35241.69  35244.00
15233  35244.00  35246.31
15234  35246.31  35248.62
15235  35248.62  35250.94
15236  35250.94  35253.25
15237  35253.25  35255.56
15238  35255.56  35257.88
15239  35257.88  35260.19
15240  35260.19  35262.50
15241  35262.50  35264.81
15242  35264.81  35267.12
15243  35267.12  35269.44
15244  35269.44  35271.75
15245  35271.75  35274.06
15246  35274.06  35276.38
15247  35276.38  35278.69
15248  35278.69  35281.00
15249  35281.00  35283.31
15250  35283.31  35285.62
15251  35285.62  35287.94
15252  35287.94  35290.25
15253  35290.25  35292.56
15254  35292.56  35294.88
15255  35294.88  35297.19
15256  35297.19  35299.50
15257  35299.50  35301.81
15258  35301.81  35304.12
15259  35304.12  35306.44
15260  35306.44  35308.75
15261  35308.75  35311.06
15262  35311.06  35313.38
15263  35313.38  35315.69
15264  35315.69  35318.00
15265  35318.00  35320.31
15266  35320.31  35322.62
15267  35322.62  35324.94
15268  35324.94  35327.25
15269  35327.25  35329.56
15270  35329.56  35331.88
15271  35331.88  35334.19
15272  35334.19  35336.50
15273  35336.50  35338.81
15274  35338.81  35341.12
15275  35341.12  35343.44
15276  35343.44  35345.75
15277  35345.75  35348.06
15278  35348.06  35350.38
15279  35350.38  35352.69
15280  35352.69  35355.00
15281  35355.00  35357.31
15282  35357.31  35359.62
15283  35359.62  35361.94
15284  35361.94  35364.25
15285  35364.25  35366.56
15286  35366.56  35368.88
15287  35368.88  35371.19
15288  35371.19  35373.50
15289  35373.50  35375.81
15290  35375.81  35378.12
15291  35378.12  35380.44
15292  35380.44  35382.75
15293  35382.75  35385.06
15294  35385.06  35387.38
15295  35387.38  35389.69
15296  35389.69  35392.00
15297  35392.00  35394.31
15298  35394.31  35396.62
15299  35396.62  35398.94
15300  35398.94  35401.25
15301  35401.25  35403.56
15302  35403.56  35405.88
15303  35405.88  35408.19
15304  35408.19  35410.50
15305  35410.50  35412.81
15306  35412.81  35415.12
15307  35415.12  35417.44
15308  35417.44  35419.75
15309  35419.75  35422.06
15310  35422.06  35424.38
15311  35424.38  35426.69
15312  35426.69  35429.00
15313  35429.00  35431.31
15314  35431.31  35433.62
15315  35433.62  35435.94
15316  35435.94  35438.25
15317  35438.25  35440.56
15318  35440.56  35442.88
15319  35442.88  35445.19
15320  35445.19  35447.50
15321  35447.50  35449.81
15322  35449.81  35452.12
15323  35452.12  35454.44
15324  35454.44  35456.75
15325  35456.75  35459.06
15326  35459.06  35461.38
15327  35461.38  35463.69
15328  35463.69  35466.00
15329  35466.00  35468.31
15330  35468.31  35470.62
15331  35470.62  35472.94
15332  35472.94  35475.25
15333  35475.25  35477.56
15334  35477.56  35479.88
15335  35479.88  35482.19
15336  35482.19  35484.50
15337  35484.50  35486.81
15338  35486.81  35489.12
15339  35489.12  35491.44
15340  35491.44  35493.75
15341  35493.75  35496.06
15342  35496.06  35498.38
15343  35498.38  35500.69
15344  35500.69  35503.00
15345  35503.00  35505.31
15346  35505.31  35507.62
15347  35507.62  35509.94
15348  35509.94  35512.25
15349  35512.25  35514.56
15350  35514.56  35516.88
15351  35516.88  35519.19
15352  35519.19  35521.50
15353  35521.50  35523.81
15354  35523.81  35526.12
15355  35526.12  35528.44
15356  35528.44  35530.75
15357  35530.75  35533.06
15358  35533.06  35535.38
15359  35535.38  35537.69
15360  35537.69  35540.00
15361  35540.00  35542.31
15362  35542.31  35544.62
15363  35544.62  35546.94
15364  35546.94  35549.25
15365  35549.25  35551.56
15366  35551.56  35553.88
15367  35553.88  35556.19
15368  35556.19  35558.50
15369  35558.50  35560.81
15370  35560.81  35563.12
15371  35563.12  35565.44
15372  35565.44  35567.75
15373  35567.75  35570.06
15374  35570.06  35572.38
15375  35572.38  35574.69
15376  35574.69  35577.00
15377  35577.00  35579.31
15378  35579.31  35581.62
15379  35581.62  35583.94
15380  35583.94  35586.25
15381  35586.25  35588.56
15382  35588.56  35590.88
15383  35590.88  35593.19
15384  35593.19  35595.50
15385  35595.50  35597.81
15386  35597.81  35600.12
15387  35600.12  35602.44
15388  35602.44  35604.75
15389  35604.75  35607.06
15390  35607.06  35609.38
15391  35609.38  35611.69
15392  35611.69  35614.00
15393  35614.00  35616.31
15394  35616.31  35618.62
15395  35618.62  35620.94
15396  35620.94  35623.25
15397  35623.25  35625.56
15398  35625.56  35627.88
15399  35627.88  35630.19
15400  35630.19  35632.50
15401  35632.50  35634.81
15402  35634.81  35637.12
15403  35637.12  35639.44
15404  35639.44  35641.75
15405  35641.75  35644.06
15406  35644.06  35646.38
15407  35646.38  35648.69
15408  35648.69  35651.00
15409  35651.00  35653.31
15410  35653.31  35655.62
15411  35655.62  35657.94
15412  35657.94  35660.25
15413  35660.25  35662.56
15414  35662.56  35664.88
15415  35664.88  35667.19
15416  35667.19  35669.50
15417  35669.50  35671.81
15418  35671.81  35674.12
15419  35674.12  35676.44
15420  35676.44  35678.75
15421  35678.75  35681.06
15422  35681.06  35683.38
15423  35683.38  35685.69
15424  35685.69  35688.00
15425  35688.00  35690.31
15426  35690.31  35692.62
15427  35692.62  35694.94
15428  35694.94  35697.25
15429  35697.25  35699.56
15430  35699.56  35701.88
15431  35701.88  35704.19
15432  35704.19  35706.50
15433  35706.50  35708.81
15434  35708.81  35711.12
15435  35711.12  35713.44
15436  35713.44  35715.75
15437  35715.75  35718.06
15438  35718.06  35720.38
15439  35720.38  35722.69
15440  35722.69  35725.00
15441  35725.00  35727.31
15442  35727.31  35729.62
15443  35729.62  35731.94
15444  35731.94  35734.25
15445  35734.25  35736.56
15446  35736.56  35738.88
15447  35738.88  35741.19
15448  35741.19  35743.50
15449  35743.50  35745.81
15450  35745.81  35748.12
15451  35748.12  35750.44
15452  35750.44  35752.75
15453  35752.75  35755.06
15454  35755.06  35757.38
15455  35757.38  35759.69
15456  35759.69  35762.00
15457  35762.00  35764.31
15458  35764.31  35766.62
15459  35766.62  35768.94
15460  35768.94  35771.25
15461  35771.25  35773.56
15462  35773.56  35775.88
15463  35775.88  35778.19
15464  35778.19  35780.50
15465  35780.50  35782.81
15466  35782.81  35785.12
15467  35785.12  35787.44
15468  35787.44  35789.75
15469  35789.75  35792.06
15470  35792.06  35794.38
15471  35794.38  35796.69
15472  35796.69  35799.00
15473  35799.00  35801.31
15474  35801.31  35803.62
15475  35803.62  35805.94
15476  35805.94  35808.25
15477  35808.25  35810.56
15478  35810.56  35812.88
15479  35812.88  35815.19
15480  35815.19  35817.50
15481  35817.50  35819.81
15482  35819.81  35822.12
15483  35822.12  35824.44
15484  35824.44  35826.75
15485  35826.75  35829.06
15486  35829.06  35831.38
15487  35831.38  35833.69
15488  35833.69  35836.00
15489  35836.00  35838.31
15490  35838.31  35840.62
15491  35840.62  35842.94
15492  35842.94  35845.25
15493  35845.25  35847.56
15494  35847.56  35849.88
15495  35849.88  35852.19
15496  35852.19  35854.50
15497  35854.50  35856.81
15498  35856.81  35859.12
15499  35859.12  35861.44
15500  35861.44  35863.75
15501  35863.75  35866.06
15502  35866.06  35868.38
15503  35868.38  35870.69
15504  35870.69  35873.00
15505  35873.00  35875.31
15506  35875.31  35877.62
15507  35877.62  35879.94
15508  35879.94  35882.25
15509  35882.25  35884.56
15510  35884.56  35886.88
15511  35886.88  35889.19
15512  35889.19  35891.50
15513  35891.50  35893.81
15514  35893.81  35896.12
15515  35896.12  35898.44
15516  35898.44  35900.75
15517  35900.75  35903.06
15518  35903.06  35905.38
15519  35905.38  35907.69
15520  35907.69  35910.00
15521  35910.00  35912.31
15522  35912.31  35914.62
15523  35914.62  35916.94
15524  35916.94  35919.25
15525  35919.25  35921.56
15526  35921.56  35923.88
15527  35923.88  35926.19
15528  35926.19  35928.50
15529  35928.50  35930.81
15530  35930.81  35933.12
15531  35933.12  35935.44
15532  35935.44  35937.75
15533  35937.75  35940.06
15534  35940.06  35942.38
15535  35942.38  35944.69
15536  35944.69  35947.00
15537  35947.00  35949.31
15538  35949.31  35951.62
15539  35951.62  35953.94
15540  35953.94  35956.25
15541  35956.25  35958.56
15542  35958.56  35960.88
15543  35960.88  35963.19
15544  35963.19  35965.50
15545  35965.50  35967.81
15546  35967.81  35970.12
15547  35970.12  35972.44
15548  35972.44  35974.75
15549  35974.75  35977.06
15550  35977.06  35979.38
15551  35979.38  35981.69
15552  35981.69  35984.00
15553  35984.00  35986.31
15554  35986.31  35988.62
15555  35988.62  35990.94
15556  35990.94  35993.25
15557  35993.25  35995.56
15558  35995.56  35997.88
15559  35997.88  36000.19
15560  36000.19  36002.50
15561  36002.50  36004.81
15562  36004.81  36007.12
15563  36007.12  36009.44
15564  36009.44  36011.75
15565  36011.75  36014.06
15566  36014.06  36016.38
15567  36016.38  36018.69
15568  36018.69  36021.00
15569  36021.00  36023.31
15570  36023.31  36025.62
15571  36025.62  36027.94
15572  36027.94  36030.25
15573  36030.25  36032.56
15574  36032.56  36034.88
15575  36034.88  36037.19
15576  36037.19  36039.50
15577  36039.50  36041.81
15578  36041.81  36044.12
15579  36044.12  36046.44
15580  36046.44  36048.75
15581  36048.75  36051.06
15582  36051.06  36053.38
15583  36053.38  36055.69
15584  36055.69  36058.00
15585  36058.00  36060.31
15586  36060.31  36062.62
15587  36062.62  36064.94
15588  36064.94  36067.25
15589  36067.25  36069.56
15590  36069.56  36071.88
15591  36071.88  36074.19
15592  36074.19  36076.50
15593  36076.50  36078.81
15594  36078.81  36081.12
15595  36081.12  36083.44
15596  36083.44  36085.75
15597  36085.75  36088.06
15598  36088.06  36090.38
15599  36090.38  36092.69
15600  36092.69  36095.00
15601  36095.00  36097.31
15602  36097.31  36099.62
15603  36099.62  36101.94
15604  36101.94  36104.25
15605  36104.25  36106.56
15606  36106.56  36108.88
15607  36108.88  36111.19
15608  36111.19  36113.50
15609  36113.50  36115.81
15610  36115.81  36118.12
15611  36118.12  36120.44
15612  36120.44  36122.75
15613  36122.75  36125.06
15614  36125.06  36127.38
15615  36127.38  36129.69
15616  36129.69  36132.00
15617  36132.00  36134.31
15618  36134.31  36136.62
15619  36136.62  36138.94
15620  36138.94  36141.25
15621  36141.25  36143.56
15622  36143.56  36145.88
15623  36145.88  36148.19
15624  36148.19  36150.50
15625  36150.50  36152.81
15626  36152.81  36155.12
15627  36155.12  36157.44
15628  36157.44  36159.75
15629  36159.75  36162.06
15630  36162.06  36164.38
15631  36164.38  36166.69
15632  36166.69  36169.00
15633  36169.00  36171.31
15634  36171.31  36173.62
15635  36173.62  36175.94
15636  36175.94  36178.25
15637  36178.25  36180.56
15638  36180.56  36182.88
15639  36182.88  36185.19
15640  36185.19  36187.50
15641  36187.50  36189.81
15642  36189.81  36192.12
15643  36192.12  36194.44
15644  36194.44  36196.75
15645  36196.75  36199.06
15646  36199.06  36201.38
15647  36201.38  36203.69
15648  36203.69  36206.00
15649  36206.00  36208.31
15650  36208.31  36210.62
15651  36210.62  36212.94
15652  36212.94  36215.25
15653  36215.25  36217.56
15654  36217.56  36219.88
15655  36219.88  36222.19
15656  36222.19  36224.50
15657  36224.50  36226.81
15658  36226.81  36229.12
15659  36229.12  36231.44
15660  36231.44  36233.75
15661  36233.75  36236.06
15662  36236.06  36238.38
15663  36238.38  36240.69
15664  36240.69  36243.00
15665  36243.00  36245.31
15666  36245.31  36247.62
15667  36247.62  36249.94
15668  36249.94  36252.25
15669  36252.25  36254.56
15670  36254.56  36256.88
15671  36256.88  36259.19
15672  36259.19  36261.50
15673  36261.50  36263.81
15674  36263.81  36266.12
15675  36266.12  36268.44
15676  36268.44  36270.75
15677  36270.75  36273.06
15678  36273.06  36275.38
15679  36275.38  36277.69
15680  36277.69  36280.00
15681  36280.00  36282.31
15682  36282.31  36284.62
15683  36284.62  36286.94
15684  36286.94  36289.25
15685  36289.25  36291.56
15686  36291.56  36293.88
15687  36293.88  36296.19
15688  36296.19  36298.50
15689  36298.50  36300.81
15690  36300.81  36303.12
15691  36303.12  36305.44
15692  36305.44  36307.75
15693  36307.75  36310.06
15694  36310.06  36312.38
15695  36312.38  36314.69
15696  36314.69  36317.00
15697  36317.00  36319.31
15698  36319.31  36321.62
15699  36321.62  36323.94
15700  36323.94  36326.25
15701  36326.25  36328.56
15702  36328.56  36330.88
15703  36330.88  36333.19
15704  36333.19  36335.50
15705  36335.50  36337.81
15706  36337.81  36340.12
15707  36340.12  36342.44
15708  36342.44  36344.75
15709  36344.75  36347.06
15710  36347.06  36349.38
15711  36349.38  36351.69
15712  36351.69  36354.00
15713  36354.00  36356.31
15714  36356.31  36358.62
15715  36358.62  36360.94
15716  36360.94  36363.25
15717  36363.25  36365.56
15718  36365.56  36367.88
15719  36367.88  36370.19
15720  36370.19  36372.50
15721  36372.50  36374.81
15722  36374.81  36377.12
15723  36377.12  36379.44
15724  36379.44  36381.75
15725  36381.75  36384.06
15726  36384.06  36386.38
15727  36386.38  36388.69
15728  36388.69  36391.00
15729  36391.00  36393.31
15730  36393.31  36395.62
15731  36395.62  36397.94
15732  36397.94  36400.25
15733  36400.25  36402.56
15734  36402.56  36404.88
15735  36404.88  36407.19
15736  36407.19  36409.50
15737  36409.50  36411.81
15738  36411.81  36414.12
15739  36414.12  36416.44
15740  36416.44  36418.75
15741  36418.75  36421.06
15742  36421.06  36423.38
15743  36423.38  36425.69
15744  36425.69  36428.00
15745  36428.00  36430.31
15746  36430.31  36432.62
15747  36432.62  36434.94
15748  36434.94  36437.25
15749  36437.25  36439.56
15750  36439.56  36441.88
15751  36441.88  36444.19
15752  36444.19  36446.50
15753  36446.50  36448.81
15754  36448.81  36451.12
15755  36451.12  36453.44
15756  36453.44  36455.75
15757  36455.75  36458.06
15758  36458.06  36460.38
15759  36460.38  36462.69
15760  36462.69  36465.00
15761  36465.00  36467.31
15762  36467.31  36469.62
15763  36469.62  36471.94
15764  36471.94  36474.25
15765  36474.25  36476.56
15766  36476.56  36478.88
15767  36478.88  36481.19
15768  36481.19  36483.50
15769  36483.50  36485.81
15770  36485.81  36488.12
15771  36488.12  36490.44
15772  36490.44  36492.75
15773  36492.75  36495.06
15774  36495.06  36497.38
15775  36497.38  36499.69
15776  36499.69  36502.00
15777  36502.00  36504.31
15778  36504.31  36506.62
15779  36506.62  36508.94
15780  36508.94  36511.25
15781  36511.25  36513.56
15782  36513.56  36515.88
15783  36515.88  36518.19
15784  36518.19  36520.50
15785  36520.50  36522.81
15786  36522.81  36525.12
15787  36525.12  36527.44
15788  36527.44  36529.75
15789  36529.75  36532.06
15790  36532.06  36534.38
15791  36534.38  36536.69
15792  36536.69  36539.00
15793  36539.00  36541.31
15794  36541.31  36543.62
15795  36543.62  36545.94
15796  36545.94  36548.25
15797  36548.25  36550.56
15798  36550.56  36552.88
15799  36552.88  36555.19
15800  36555.19  36557.50
15801  36557.50  36559.81
15802  36559.81  36562.12
15803  36562.12  36564.44
15804  36564.44  36566.75
15805  36566.75  36569.06
15806  36569.06  36571.38
15807  36571.38  36573.69
15808  36573.69  36576.00
15809  36576.00  36578.31
15810  36578.31  36580.62
15811  36580.62  36582.94
15812  36582.94  36585.25
15813  36585.25  36587.56
15814  36587.56  36589.88
15815  36589.88  36592.19
15816  36592.19  36594.50
15817  36594.50  36596.81
15818  36596.81  36599.12
15819  36599.12  36601.44
15820  36601.44  36603.75
15821  36603.75  36606.06
15822  36606.06  36608.38
15823  36608.38  36610.69
15824  36610.69  36613.00
15825  36613.00  36615.31
15826  36615.31  36617.62
15827  36617.62  36619.94
15828  36619.94  36622.25
15829  36622.25  36624.56
15830  36624.56  36626.88
15831  36626.88  36629.19
15832  36629.19  36631.50
15833  36631.50  36633.81
15834  36633.81  36636.12
15835  36636.12  36638.44
15836  36638.44  36640.75
15837  36640.75  36643.06
15838  36643.06  36645.38
15839  36645.38  36647.69
15840  36647.69  36650.00
15841  36650.00  36652.31
15842  36652.31  36654.62
15843  36654.62  36656.94
15844  36656.94  36659.25
15845  36659.25  36661.56
15846  36661.56  36663.88
15847  36663.88  36666.19
15848  36666.19  36668.50
15849  36668.50  36670.81
15850  36670.81  36673.12
15851  36673.12  36675.44
15852  36675.44  36677.75
15853  36677.75  36680.06
15854  36680.06  36682.38
15855  36682.38  36684.69
15856  36684.69  36687.00
15857  36687.00  36689.31
15858  36689.31  36691.62
15859  36691.62  36693.94
15860  36693.94  36696.25
15861  36696.25  36698.56
15862  36698.56  36700.88
15863  36700.88  36703.19
15864  36703.19  36705.50
15865  36705.50  36707.81
15866  36707.81  36710.12
15867  36710.12  36712.44
15868  36712.44  36714.75
15869  36714.75  36717.06
15870  36717.06  36719.38
15871  36719.38  36721.69
15872  36721.69  36724.00
15873  36724.00  36726.31
15874  36726.31  36728.62
15875  36728.62  36730.94
15876  36730.94  36733.25
15877  36733.25  36735.56
15878  36735.56  36737.88
15879  36737.88  36740.19
15880  36740.19  36742.50
15881  36742.50  36744.81
15882  36744.81  36747.12
15883  36747.12  36749.44
15884  36749.44  36751.75
15885  36751.75  36754.06
15886  36754.06  36756.38
15887  36756.38  36758.69
15888  36758.69  36761.00
15889  36761.00  36763.31
15890  36763.31  36765.62
15891  36765.62  36767.94
15892  36767.94  36770.25
15893  36770.25  36772.56
15894  36772.56  36774.88
15895  36774.88  36777.19
15896  36777.19  36779.50
15897  36779.50  36781.81
15898  36781.81  36784.12
15899  36784.12  36786.44
15900  36786.44  36788.75
15901  36788.75  36791.06
15902  36791.06  36793.38
15903  36793.38  36795.69
15904  36795.69  36798.00
15905  36798.00  36800.31
15906  36800.31  36802.62
15907  36802.62  36804.94
15908  36804.94  36807.25
15909  36807.25  36809.56
15910  36809.56  36811.88
15911  36811.88  36814.19
15912  36814.19  36816.50
15913  36816.50  36818.81
15914  36818.81  36821.12
15915  36821.12  36823.44
15916  36823.44  36825.75
15917  36825.75  36828.06
15918  36828.06  36830.38
15919  36830.38  36832.69
15920  36832.69  36835.00
15921  36835.00  36837.31
15922  36837.31  36839.62
15923  36839.62  36841.94
15924  36841.94  36844.25
15925  36844.25  36846.56
15926  36846.56  36848.88
15927  36848.88  36851.19
15928  36851.19  36853.50
15929  36853.50  36855.81
15930  36855.81  36858.12
15931  36858.12  36860.44
15932  36860.44  36862.75
15933  36862.75  36865.06
15934  36865.06  36867.38
15935  36867.38  36869.69
15936  36869.69  36872.00
15937  36872.00  36874.31
15938  36874.31  36876.62
15939  36876.62  36878.94
15940  36878.94  36881.25
15941  36881.25  36883.56
15942  36883.56  36885.88
15943  36885.88  36888.19
15944  36888.19  36890.50
15945  36890.50  36892.81
15946  36892.81  36895.12
15947  36895.12  36897.44
15948  36897.44  36899.75
15949  36899.75  36902.06
15950  36902.06  36904.38
15951  36904.38  36906.69
15952  36906.69  36909.00
15953  36909.00  36911.31
15954  36911.31  36913.62
15955  36913.62  36915.94
15956  36915.94  36918.25
15957  36918.25  36920.56
15958  36920.56  36922.88
15959  36922.88  36925.19
15960  36925.19  36927.50
15961  36927.50  36929.81
15962  36929.81  36932.12
15963  36932.12  36934.44
15964  36934.44  36936.75
15965  36936.75  36939.06
15966  36939.06  36941.38
15967  36941.38  36943.69
15968  36943.69  36946.00
15969  36946.00  36948.31
15970  36948.31  36950.62
15971  36950.62  36952.94
15972  36952.94  36955.25
15973  36955.25  36957.56
15974  36957.56  36959.88
15975  36959.88  36962.19
15976  36962.19  36964.50
15977  36964.50  36966.81
15978  36966.81  36969.12
15979  36969.12  36971.44
15980  36971.44  36973.75
15981  36973.75  36976.06
15982  36976.06  36978.38
15983  36978.38  36980.69
15984  36980.69  36983.00
15985  36983.00  36985.31
15986  36985.31  36987.62
15987  36987.62  36989.94
15988  36989.94  36992.25
15989  36992.25  36994.56
15990  36994.56  36996.88
15991  36996.88  36999.19
15992  36999.19  37001.50
15993  37001.50  37003.81
15994  37003.81  37006.12
15995  37006.12  37008.44
15996  37008.44  37010.75
15997  37010.75  37013.06
15998  37013.06  37015.38
15999  37015.38  37017.69
16000  37017.69  37020.00
16001  37020.00  37022.31
16002  37022.31  37024.62
16003  37024.62  37026.94
16004  37026.94  37029.25
16005  37029.25  37031.56
16006  37031.56  37033.88
16007  37033.88  37036.19
16008  37036.19  37038.50
16009  37038.50  37040.81
16010  37040.81  37043.12
16011  37043.12  37045.44
16012  37045.44  37047.75
16013  37047.75  37050.06
16014  37050.06  37052.38
16015  37052.38  37054.69
16016  37054.69  37057.00
16017  37057.00  37059.31
16018  37059.31  37061.62
16019  37061.62  37063.94
16020  37063.94  37066.25
16021  37066.25  37068.56
16022  37068.56  37070.88
16023  37070.88  37073.19
16024  37073.19  37075.50
16025  37075.50  37077.81
16026  37077.81  37080.12
16027  37080.12  37082.44
16028  37082.44  37084.75
16029  37084.75  37087.06
16030  37087.06  37089.38
16031  37089.38  37091.69
16032  37091.69  37094.00
16033  37094.00  37096.31
16034  37096.31  37098.62
16035  37098.62  37100.94
16036  37100.94  37103.25
16037  37103.25  37105.56
16038  37105.56  37107.88
16039  37107.88  37110.19
16040  37110.19  37112.50
16041  37112.50  37114.81
16042  37114.81  37117.12
16043  37117.12  37119.44
16044  37119.44  37121.75
16045  37121.75  37124.06
16046  37124.06  37126.38
16047  37126.38  37128.69
16048  37128.69  37131.00
16049  37131.00  37133.31
16050  37133.31  37135.62
16051  37135.62  37137.94
16052  37137.94  37140.25
16053  37140.25  37142.56
16054  37142.56  37144.88
16055  37144.88  37147.19
16056  37147.19  37149.50
16057  37149.50  37151.81
16058  37151.81  37154.12
16059  37154.12  37156.44
16060  37156.44  37158.75
16061  37158.75  37161.06
16062  37161.06  37163.38
16063  37163.38  37165.69
16064  37165.69  37168.00
16065  37168.00  37170.31
16066  37170.31  37172.62
16067  37172.62  37174.94
16068  37174.94  37177.25
16069  37177.25  37179.56
16070  37179.56  37181.88
16071  37181.88  37184.19
16072  37184.19  37186.50
16073  37186.50  37188.81
16074  37188.81  37191.12
16075  37191.12  37193.44
16076  37193.44  37195.75
16077  37195.75  37198.06
16078  37198.06  37200.38
16079  37200.38  37202.69
16080  37202.69  37205.00
16081  37205.00  37207.31
16082  37207.31  37209.62
16083  37209.62  37211.94
16084  37211.94  37214.25
16085  37214.25  37216.56
16086  37216.56  37218.88
16087  37218.88  37221.19
16088  37221.19  37223.50
16089  37223.50  37225.81
16090  37225.81  37228.12
16091  37228.12  37230.44
16092  37230.44  37232.75
16093  37232.75  37235.06
16094  37235.06  37237.38
16095  37237.38  37239.69
16096  37239.69  37242.00
16097  37242.00  37244.31
16098  37244.31  37246.62
16099  37246.62  37248.94
16100  37248.94  37251.25
16101  37251.25  37253.56
16102  37253.56  37255.88
16103  37255.88  37258.19
16104  37258.19  37260.50
16105  37260.50  37262.81
16106  37262.81  37265.12
16107  37265.12  37267.44
16108  37267.44  37269.75
16109  37269.75  37272.06
16110  37272.06  37274.38
16111  37274.38  37276.69
16112  37276.69  37279.00
16113  37279.00  37281.31
16114  37281.31  37283.62
16115  37283.62  37285.94
16116  37285.94  37288.25
16117  37288.25  37290.56
16118  37290.56  37292.88
16119  37292.88  37295.19
16120  37295.19  37297.50
16121  37297.50  37299.81
16122  37299.81  37302.12
16123  37302.12  37304.44
16124  37304.44  37306.75
16125  37306.75  37309.06
16126  37309.06  37311.38
16127  37311.38  37313.69
16128  37313.69  37316.00
16129  37316.00  37318.31
16130  37318.31  37320.62
16131  37320.62  37322.94
16132  37322.94  37325.25
16133  37325.25  37327.56
16134  37327.56  37329.88
16135  37329.88  37332.19
16136  37332.19  37334.50
16137  37334.50  37336.81
16138  37336.81  37339.12
16139  37339.12  37341.44
16140  37341.44  37343.75
16141  37343.75  37346.06
16142  37346.06  37348.38
16143  37348.38  37350.69
16144  37350.69  37353.00
16145  37353.00  37355.31
16146  37355.31  37357.62
16147  37357.62  37359.94
16148  37359.94  37362.25
16149  37362.25  37364.56
16150  37364.56  37366.88
16151  37366.88  37369.19
16152  37369.19  37371.50
16153  37371.50  37373.81
16154  37373.81  37376.12
16155  37376.12  37378.44
16156  37378.44  37380.75
16157  37380.75  37383.06
16158  37383.06  37385.38
16159  37385.38  37387.69
16160  37387.69  37390.00
16161  37390.00  37392.31
16162  37392.31  37394.62
16163  37394.62  37396.94
16164  37396.94  37399.25
16165  37399.25  37401.56
16166  37401.56  37403.88
16167  37403.88  37406.19
16168  37406.19  37408.50
16169  37408.50  37410.81
16170  37410.81  37413.12
16171  37413.12  37415.44
16172  37415.44  37417.75
16173  37417.75  37420.06
16174  37420.06  37422.38
16175  37422.38  37424.69
16176  37424.69  37427.00
16177  37427.00  37429.31
16178  37429.31  37431.62
16179  37431.62  37433.94
16180  37433.94  37436.25
16181  37436.25  37438.56
16182  37438.56  37440.88
16183  37440.88  37443.19
16184  37443.19  37445.50
16185  37445.50  37447.81
16186  37447.81  37450.12
16187  37450.12  37452.44
16188  37452.44  37454.75
16189  37454.75  37457.06
16190  37457.06  37459.38
16191  37459.38  37461.69
16192  37461.69  37464.00
16193  37464.00  37466.31
16194  37466.31  37468.62
16195  37468.62  37470.94
16196  37470.94  37473.25
16197  37473.25  37475.56
16198  37475.56  37477.88
16199  37477.88  37480.19
16200  37480.19  37482.50
16201  37482.50  37484.81
16202  37484.81  37487.12
16203  37487.12  37489.44
16204  37489.44  37491.75
16205  37491.75  37494.06
16206  37494.06  37496.38
16207  37496.38  37498.69
16208  37498.69  37501.00
16209  37501.00  37503.31
16210  37503.31  37505.62
16211  37505.62  37507.94
16212  37507.94  37510.25
16213  37510.25  37512.56
16214  37512.56  37514.88
16215  37514.88  37517.19
16216  37517.19  37519.50
16217  37519.50  37521.81
16218  37521.81  37524.12
16219  37524.12  37526.44
16220  37526.44  37528.75
16221  37528.75  37531.06
16222  37531.06  37533.38
16223  37533.38  37535.69
16224  37535.69  37538.00
16225  37538.00  37540.31
16226  37540.31  37542.62
16227  37542.62  37544.94
16228  37544.94  37547.25
16229  37547.25  37549.56
16230  37549.56  37551.88
16231  37551.88  37554.19
16232  37554.19  37556.50
16233  37556.50  37558.81
16234  37558.81  37561.12
16235  37561.12  37563.44
16236  37563.44  37565.75
16237  37565.75  37568.06
16238  37568.06  37570.38
16239  37570.38  37572.69
16240  37572.69  37575.00
16241  37575.00  37577.31
16242  37577.31  37579.62
16243  37579.62  37581.94
16244  37581.94  37584.25
16245  37584.25  37586.56
16246  37586.56  37588.88
16247  37588.88  37591.19
16248  37591.19  37593.50
16249  37593.50  37595.81
16250  37595.81  37598.12
16251  37598.12  37600.44
16252  37600.44  37602.75
16253  37602.75  37605.06
16254  37605.06  37607.38
16255  37607.38  37609.69
16256  37609.69  37612.00
16257  37612.00  37614.31
16258  37614.31  37616.62
16259  37616.62  37618.94
16260  37618.94  37621.25
16261  37621.25  37623.56
16262  37623.56  37625.88
16263  37625.88  37628.19
16264  37628.19  37630.50
16265  37630.50  37632.81
16266  37632.81  37635.12
16267  37635.12  37637.44
16268  37637.44  37639.75
16269  37639.75  37642.06
16270  37642.06  37644.38
16271  37644.38  37646.69
16272  37646.69  37649.00
16273  37649.00  37651.31
16274  37651.31  37653.62
16275  37653.62  37655.94
16276  37655.94  37658.25
16277  37658.25  37660.56
16278  37660.56  37662.88
16279  37662.88  37665.19
16280  37665.19  37667.50
16281  37667.50  37669.81
16282  37669.81  37672.12
16283  37672.12  37674.44
16284  37674.44  37676.75
16285  37676.75  37679.06
16286  37679.06  37681.38
16287  37681.38  37683.69
16288  37683.69  37686.00
16289  37686.00  37688.31
16290  37688.31  37690.62
16291  37690.62  37692.94
16292  37692.94  37695.25
16293  37695.25  37697.56
16294  37697.56  37699.88
16295  37699.88  37702.19
16296  37702.19  37704.50
16297  37704.50  37706.81
16298  37706.81  37709.12
16299  37709.12  37711.44
16300  37711.44  37713.75
16301  37713.75  37716.06
16302  37716.06  37718.38
16303  37718.38  37720.69
16304  37720.69  37723.00
16305  37723.00  37725.31
16306  37725.31  37727.62
16307  37727.62  37729.94
16308  37729.94  37732.25
16309  37732.25  37734.56
16310  37734.56  37736.88
16311  37736.88  37739.19
16312  37739.19  37741.50
16313  37741.50  37743.81
16314  37743.81  37746.12
16315  37746.12  37748.44
16316  37748.44  37750.75
16317  37750.75  37753.06
16318  37753.06  37755.38
16319  37755.38  37757.69
16320  37757.69  37760.00
16321  37760.00  37762.31
16322  37762.31  37764.62
16323  37764.62  37766.94
16324  37766.94  37769.25
16325  37769.25  37771.56
16326  37771.56  37773.88
16327  37773.88  37776.19
16328  37776.19  37778.50
16329  37778.50  37780.81
16330  37780.81  37783.12
16331  37783.12  37785.44
16332  37785.44  37787.75
16333  37787.75  37790.06
16334  37790.06  37792.38
16335  37792.38  37794.69
16336  37794.69  37797.00
16337  37797.00  37799.31
16338  37799.31  37801.62
16339  37801.62  37803.94
16340  37803.94  37806.25
16341  37806.25  37808.56
16342  37808.56  37810.88
16343  37810.88  37813.19
16344  37813.19  37815.50
16345  37815.50  37817.81
16346  37817.81  37820.12
16347  37820.12  37822.44
16348  37822.44  37824.75
16349  37824.75  37827.06
16350  37827.06  37829.38
16351  37829.38  37831.69
16352  37831.69  37834.00
16353  37834.00  37836.31
16354  37836.31  37838.62
16355  37838.62  37840.94
16356  37840.94  37843.25
16357  37843.25  37845.56
16358  37845.56  37847.88
16359  37847.88  37850.19
16360  37850.19  37852.50
16361  37852.50  37854.81
16362  37854.81  37857.12
16363  37857.12  37859.44
16364  37859.44  37861.75
16365  37861.75  37864.06
16366  37864.06  37866.38
16367  37866.38  37868.69
16368  37868.69  37871.00
16369  37871.00  37873.31
16370  37873.31  37875.62
16371  37875.62  37877.94
16372  37877.94  37880.25
16373  37880.25  37882.56
16374  37882.56  37884.88
16375  37884.88  37887.19
16376  37887.19  37889.50
16377  37889.50  37891.81
16378  37891.81  37894.12
16379  37894.12  37896.44
16380  37896.44  37898.75
16381  37898.75  37901.06
16382  37901.06  37903.38
16383  37903.38  37905.69
16384  37905.69  37908.00
16385  37908.00  37910.31
16386  37910.31  37912.62
16387  37912.62  37914.94
16388  37914.94  37917.25
16389  37917.25  37919.56
16390  37919.56  37921.88
16391  37921.88  37924.19
16392  37924.19  37926.50
16393  37926.50  37928.81
16394  37928.81  37931.12
16395  37931.12  37933.44
16396  37933.44  37935.75
16397  37935.75  37938.06
16398  37938.06  37940.38
16399  37940.38  37942.69
16400  37942.69  37945.00
16401  37945.00  37947.31
16402  37947.31  37949.62
16403  37949.62  37951.94
16404  37951.94  37954.25
16405  37954.25  37956.56
16406  37956.56  37958.88
16407  37958.88  37961.19
16408  37961.19  37963.50
16409  37963.50  37965.81
16410  37965.81  37968.12
16411  37968.12  37970.44
16412  37970.44  37972.75
16413  37972.75  37975.06
16414  37975.06  37977.38
16415  37977.38  37979.69
16416  37979.69  37982.00
16417  37982.00  37984.31
16418  37984.31  37986.62
16419  37986.62  37988.94
16420  37988.94  37991.25
16421  37991.25  37993.56
16422  37993.56  37995.88
16423  37995.88  37998.19
16424  37998.19  38000.50
16425  38000.50  38002.81
16426  38002.81  38005.12
16427  38005.12  38007.44
16428  38007.44  38009.75
16429  38009.75  38012.06
16430  38012.06  38014.38
16431  38014.38  38016.69
16432  38016.69  38019.00
16433  38019.00  38021.31
16434  38021.31  38023.62
16435  38023.62  38025.94
16436  38025.94  38028.25
16437  38028.25  38030.56
16438  38030.56  38032.88
16439  38032.88  38035.19
16440  38035.19  38037.50
16441  38037.50  38039.81
16442  38039.81  38042.12
16443  38042.12  38044.44
16444  38044.44  38046.75
16445  38046.75  38049.06
16446  38049.06  38051.38
16447  38051.38  38053.69
16448  38053.69  38056.00
16449  38056.00  38058.31
16450  38058.31  38060.62
16451  38060.62  38062.94
16452  38062.94  38065.25
16453  38065.25  38067.56
16454  38067.56  38069.88
16455  38069.88  38072.19
16456  38072.19  38074.50
16457  38074.50  38076.81
16458  38076.81  38079.12
16459  38079.12  38081.44
16460  38081.44  38083.75
16461  38083.75  38086.06
16462  38086.06  38088.38
16463  38088.38  38090.69
16464  38090.69  38093.00
16465  38093.00  38095.31
16466  38095.31  38097.62
16467  38097.62  38099.94
16468  38099.94  38102.25
16469  38102.25  38104.56
16470  38104.56  38106.88
16471  38106.88  38109.19
16472  38109.19  38111.50
16473  38111.50  38113.81
16474  38113.81  38116.12
16475  38116.12  38118.44
16476  38118.44  38120.75
16477  38120.75  38123.06
16478  38123.06  38125.38
16479  38125.38  38127.69
16480  38127.69  38130.00
16481  38130.00  38132.31
16482  38132.31  38134.62
16483  38134.62  38136.94
16484  38136.94  38139.25
16485  38139.25  38141.56
16486  38141.56  38143.88
16487  38143.88  38146.19
16488  38146.19  38148.50
16489  38148.50  38150.81
16490  38150.81  38153.12
16491  38153.12  38155.44
16492  38155.44  38157.75
16493  38157.75  38160.06
16494  38160.06  38162.38
16495  38162.38  38164.69
16496  38164.69  38167.00
16497  38167.00  38169.31
16498  38169.31  38171.62
16499  38171.62  38173.94
16500  38173.94  38176.25
16501  38176.25  38178.56
16502  38178.56  38180.88
16503  38180.88  38183.19
16504  38183.19  38185.50
16505  38185.50  38187.81
16506  38187.81  38190.12
16507  38190.12  38192.44
16508  38192.44  38194.75
16509  38194.75  38197.06
16510  38197.06  38199.38
16511  38199.38  38201.69
16512  38201.69  38204.00
16513  38204.00  38206.31
16514  38206.31  38208.62
16515  38208.62  38210.94
16516  38210.94  38213.25
16517  38213.25  38215.56
16518  38215.56  38217.88
16519  38217.88  38220.19
16520  38220.19  38222.50
16521  38222.50  38224.81
16522  38224.81  38227.12
16523  38227.12  38229.44
16524  38229.44  38231.75
16525  38231.75  38234.06
16526  38234.06  38236.38
16527  38236.38  38238.69
16528  38238.69  38241.00
16529  38241.00  38243.31
16530  38243.31  38245.62
16531  38245.62  38247.94
16532  38247.94  38250.25
16533  38250.25  38252.56
16534  38252.56  38254.88
16535  38254.88  38257.19
16536  38257.19  38259.50
16537  38259.50  38261.81
16538  38261.81  38264.12
16539  38264.12  38266.44
16540  38266.44  38268.75
16541  38268.75  38271.06
16542  38271.06  38273.38
16543  38273.38  38275.69
16544  38275.69  38278.00
16545  38278.00  38280.31
16546  38280.31  38282.62
16547  38282.62  38284.94
16548  38284.94  38287.25
16549  38287.25  38289.56
16550  38289.56  38291.88
16551  38291.88  38294.19
16552  38294.19  38296.50
16553  38296.50  38298.81
16554  38298.81  38301.12
16555  38301.12  38303.44
16556  38303.44  38305.75
16557  38305.75  38308.06
16558  38308.06  38310.38
16559  38310.38  38312.69
16560  38312.69  38315.00
16561  38315.00  38317.31
16562  38317.31  38319.62
16563  38319.62  38321.94
16564  38321.94  38324.25
16565  38324.25  38326.56
16566  38326.56  38328.88
16567  38328.88  38331.19
16568  38331.19  38333.50
16569  38333.50  38335.81
16570  38335.81  38338.12
16571  38338.12  38340.44
16572  38340.44  38342.75
16573  38342.75  38345.06
16574  38345.06  38347.38
16575  38347.38  38349.69
16576  38349.69  38352.00
16577  38352.00  38354.31
16578  38354.31  38356.62
16579  38356.62  38358.94
16580  38358.94  38361.25
16581  38361.25  38363.56
16582  38363.56  38365.88
16583  38365.88  38368.19
16584  38368.19  38370.50
16585  38370.50  38372.81
16586  38372.81  38375.12
16587  38375.12  38377.44
16588  38377.44  38379.75
16589  38379.75  38382.06
16590  38382.06  38384.38
16591  38384.38  38386.69
16592  38386.69  38389.00
16593  38389.00  38391.31
16594  38391.31  38393.62
16595  38393.62  38395.94
16596  38395.94  38398.25
16597  38398.25  38400.56
16598  38400.56  38402.88
16599  38402.88  38405.19
16600  38405.19  38407.50
16601  38407.50  38409.81
16602  38409.81  38412.12
16603  38412.12  38414.44
16604  38414.44  38416.75
16605  38416.75  38419.06
16606  38419.06  38421.38
16607  38421.38  38423.69
16608  38423.69  38426.00
16609  38426.00  38428.31
16610  38428.31  38430.62
16611  38430.62  38432.94
16612  38432.94  38435.25
16613  38435.25  38437.56
16614  38437.56  38439.88
16615  38439.88  38442.19
16616  38442.19  38444.50
16617  38444.50  38446.81
16618  38446.81  38449.12
16619  38449.12  38451.44
16620  38451.44  38453.75
16621  38453.75  38456.06
16622  38456.06  38458.38
16623  38458.38  38460.69
16624  38460.69  38463.00
16625  38463.00  38465.31
16626  38465.31  38467.62
16627  38467.62  38469.94
16628  38469.94  38472.25
16629  38472.25  38474.56
16630  38474.56  38476.88
16631  38476.88  38479.19
16632  38479.19  38481.50
16633  38481.50  38483.81
16634  38483.81  38486.12
16635  38486.12  38488.44
16636  38488.44  38490.75
16637  38490.75  38493.06
16638  38493.06  38495.38
16639  38495.38  38497.69
16640  38497.69  38500.00
16641  38500.00  38502.31
16642  38502.31  38504.62
16643  38504.62  38506.94
16644  38506.94  38509.25
16645  38509.25  38511.56
16646  38511.56  38513.88
16647  38513.88  38516.19
16648  38516.19  38518.50
16649  38518.50  38520.81
16650  38520.81  38523.12
16651  38523.12  38525.44
16652  38525.44  38527.75
16653  38527.75  38530.06
16654  38530.06  38532.38
16655  38532.38  38534.69
16656  38534.69  38537.00
16657  38537.00  38539.31
16658  38539.31  38541.62
16659  38541.62  38543.94
16660  38543.94  38546.25
16661  38546.25  38548.56
16662  38548.56  38550.88
16663  38550.88  38553.19
16664  38553.19  38555.50
16665  38555.50  38557.81
16666  38557.81  38560.12
16667  38560.12  38562.44
16668  38562.44  38564.75
16669  38564.75  38567.06
16670  38567.06  38569.38
16671  38569.38  38571.69
16672  38571.69  38574.00
16673  38574.00  38576.31
16674  38576.31  38578.62
16675  38578.62  38580.94
16676  38580.94  38583.25
16677  38583.25  38585.56
16678  38585.56  38587.88
16679  38587.88  38590.19
16680  38590.19  38592.50
16681  38592.50  38594.81
16682  38594.81  38597.12
16683  38597.12  38599.44
16684  38599.44  38601.75
16685  38601.75  38604.06
16686  38604.06  38606.38
16687  38606.38  38608.69
16688  38608.69  38611.00
16689  38611.00  38613.31
16690  38613.31  38615.62
16691  38615.62  38617.94
16692  38617.94  38620.25
16693  38620.25  38622.56
16694  38622.56  38624.88
16695  38624.88  38627.19
16696  38627.19  38629.50
16697  38629.50  38631.81
16698  38631.81  38634.12
16699  38634.12  38636.44
16700  38636.44  38638.75
16701  38638.75  38641.06
16702  38641.06  38643.38
16703  38643.38  38645.69
16704  38645.69  38648.00
16705  38648.00  38650.31
16706  38650.31  38652.62
16707  38652.62  38654.94
16708  38654.94  38657.25
16709  38657.25  38659.56
16710  38659.56  38661.88
16711  38661.88  38664.19
16712  38664.19  38666.50
16713  38666.50  38668.81
16714  38668.81  38671.12
16715  38671.12  38673.44
16716  38673.44  38675.75
16717  38675.75  38678.06
16718  38678.06  38680.38
16719  38680.38  38682.69
16720  38682.69  38685.00
16721  38685.00  38687.31
16722  38687.31  38689.62
16723  38689.62  38691.94
16724  38691.94  38694.25
16725  38694.25  38696.56
16726  38696.56  38698.88
16727  38698.88  38701.19
16728  38701.19  38703.50
16729  38703.50  38705.81
16730  38705.81  38708.12
16731  38708.12  38710.44
16732  38710.44  38712.75
16733  38712.75  38715.06
16734  38715.06  38717.38
16735  38717.38  38719.69
16736  38719.69  38722.00
16737  38722.00  38724.31
16738  38724.31  38726.62
16739  38726.62  38728.94
16740  38728.94  38731.25
16741  38731.25  38733.56
16742  38733.56  38735.88
16743  38735.88  38738.19
16744  38738.19  38740.50
16745  38740.50  38742.81
16746  38742.81  38745.12
16747  38745.12  38747.44
16748  38747.44  38749.75
16749  38749.75  38752.06
16750  38752.06  38754.38
16751  38754.38  38756.69
16752  38756.69  38759.00
16753  38759.00  38761.31
16754  38761.31  38763.62
16755  38763.62  38765.94
16756  38765.94  38768.25
16757  38768.25  38770.56
16758  38770.56  38772.88
16759  38772.88  38775.19
16760  38775.19  38777.50
16761  38777.50  38779.81
16762  38779.81  38782.12
16763  38782.12  38784.44
16764  38784.44  38786.75
16765  38786.75  38789.06
16766  38789.06  38791.38
16767  38791.38  38793.69
16768  38793.69  38796.00
16769  38796.00  38798.31
16770  38798.31  38800.62
16771  38800.62  38802.94
16772  38802.94  38805.25
16773  38805.25  38807.56
16774  38807.56  38809.88
16775  38809.88  38812.19
16776  38812.19  38814.50
16777  38814.50  38816.81
16778  38816.81  38819.12
16779  38819.12  38821.44
16780  38821.44  38823.75
16781  38823.75  38826.06
16782  38826.06  38828.38
16783  38828.38  38830.69
16784  38830.69  38833.00
16785  38833.00  38835.31
16786  38835.31  38837.62
16787  38837.62  38839.94
16788  38839.94  38842.25
16789  38842.25  38844.56
16790  38844.56  38846.88
16791  38846.88  38849.19
16792  38849.19  38851.50
16793  38851.50  38853.81
16794  38853.81  38856.12
16795  38856.12  38858.44
16796  38858.44  38860.75
16797  38860.75  38863.06
16798  38863.06  38865.38
16799  38865.38  38867.69
16800  38867.69  38870.00
16801  38870.00  38872.31
16802  38872.31  38874.62
16803  38874.62  38876.94
16804  38876.94  38879.25
16805  38879.25  38881.56
16806  38881.56  38883.88
16807  38883.88  38886.19
16808  38886.19  38888.50
16809  38888.50  38890.81
16810  38890.81  38893.12
16811  38893.12  38895.44
16812  38895.44  38897.75
16813  38897.75  38900.06
16814  38900.06  38902.38
16815  38902.38  38904.69
16816  38904.69  38907.00
16817  38907.00  38909.31
16818  38909.31  38911.62
16819  38911.62  38913.94
16820  38913.94  38916.25
16821  38916.25  38918.56
16822  38918.56  38920.88
16823  38920.88  38923.19
16824  38923.19  38925.50
16825  38925.50  38927.81
16826  38927.81  38930.12
16827  38930.12  38932.44
16828  38932.44  38934.75
16829  38934.75  38937.06
16830  38937.06  38939.38
16831  38939.38  38941.69
16832  38941.69  38944.00
16833  38944.00  38946.31
16834  38946.31  38948.62
16835  38948.62  38950.94
16836  38950.94  38953.25
16837  38953.25  38955.56
16838  38955.56  38957.88
16839  38957.88  38960.19
16840  38960.19  38962.50
16841  38962.50  38964.81
16842  38964.81  38967.12
16843  38967.12  38969.44
16844  38969.44  38971.75
16845  38971.75  38974.06
16846  38974.06  38976.38
16847  38976.38  38978.69
16848  38978.69  38981.00
16849  38981.00  38983.31
16850  38983.31  38985.62
16851  38985.62  38987.94
16852  38987.94  38990.25
16853  38990.25  38992.56
16854  38992.56  38994.88
16855  38994.88  38997.19
16856  38997.19  38999.50
16857  38999.50  39001.81
16858  39001.81  39004.12
16859  39004.12  39006.44
16860  39006.44  39008.75
16861  39008.75  39011.06
16862  39011.06  39013.38
16863  39013.38  39015.69
16864  39015.69  39018.00
16865  39018.00  39020.31
16866  39020.31  39022.62
16867  39022.62  39024.94
16868  39024.94  39027.25
16869  39027.25  39029.56
16870  39029.56  39031.88
16871  39031.88  39034.19
16872  39034.19  39036.50
16873  39036.50  39038.81
16874  39038.81  39041.12
16875  39041.12  39043.44
16876  39043.44  39045.75
16877  39045.75  39048.06
16878  39048.06  39050.38
16879  39050.38  39052.69
16880  39052.69  39055.00
16881  39055.00  39057.31
16882  39057.31  39059.62
16883  39059.62  39061.94
16884  39061.94  39064.25
16885  39064.25  39066.56
16886  39066.56  39068.88
16887  39068.88  39071.19
16888  39071.19  39073.50
16889  39073.50  39075.81
16890  39075.81  39078.12
16891  39078.12  39080.44
16892  39080.44  39082.75
16893  39082.75  39085.06
16894  39085.06  39087.38
16895  39087.38  39089.69
16896  39089.69  39092.00
16897  39092.00  39094.31
16898  39094.31  39096.62
16899  39096.62  39098.94
16900  39098.94  39101.25
16901  39101.25  39103.56
16902  39103.56  39105.88
16903  39105.88  39108.19
16904  39108.19  39110.50
16905  39110.50  39112.81
16906  39112.81  39115.12
16907  39115.12  39117.44
16908  39117.44  39119.75
16909  39119.75  39122.06
16910  39122.06  39124.38
16911  39124.38  39126.69
16912  39126.69  39129.00
16913  39129.00  39131.31
16914  39131.31  39133.62
16915  39133.62  39135.94
16916  39135.94  39138.25
16917  39138.25  39140.56
16918  39140.56  39142.88
16919  39142.88  39145.19
16920  39145.19  39147.50
16921  39147.50  39149.81
16922  39149.81  39152.12
16923  39152.12  39154.44
16924  39154.44  39156.75
16925  39156.75  39159.06
16926  39159.06  39161.38
16927  39161.38  39163.69
16928  39163.69  39166.00
16929  39166.00  39168.31
16930  39168.31  39170.62
16931  39170.62  39172.94
16932  39172.94  39175.25
16933  39175.25  39177.56
16934  39177.56  39179.88
16935  39179.88  39182.19
16936  39182.19  39184.50
16937  39184.50  39186.81
16938  39186.81  39189.12
16939  39189.12  39191.44
16940  39191.44  39193.75
16941  39193.75  39196.06
16942  39196.06  39198.38
16943  39198.38  39200.69
16944  39200.69  39203.00
16945  39203.00  39205.31
16946  39205.31  39207.62
16947  39207.62  39209.94
16948  39209.94  39212.25
16949  39212.25  39214.56
16950  39214.56  39216.88
16951  39216.88  39219.19
16952  39219.19  39221.50
16953  39221.50  39223.81
16954  39223.81  39226.12
16955  39226.12  39228.44
16956  39228.44  39230.75
16957  39230.75  39233.06
16958  39233.06  39235.38
16959  39235.38  39237.69
16960  39237.69  39240.00
16961  39240.00  39242.31
16962  39242.31  39244.62
16963  39244.62  39246.94
16964  39246.94  39249.25
16965  39249.25  39251.56
16966  39251.56  39253.88
16967  39253.88  39256.19
16968  39256.19  39258.50
16969  39258.50  39260.81
16970  39260.81  39263.12
16971  39263.12  39265.44
16972  39265.44  39267.75
16973  39267.75  39270.06
16974  39270.06  39272.38
16975  39272.38  39274.69
16976  39274.69  39277.00
16977  39277.00  39279.31
16978  39279.31  39281.62
16979  39281.62  39283.94
16980  39283.94  39286.25
16981  39286.25  39288.56
16982  39288.56  39290.88
16983  39290.88  39293.19
16984  39293.19  39295.50
16985  39295.50  39297.81
16986  39297.81  39300.12
16987  39300.12  39302.44
16988  39302.44  39304.75
16989  39304.75  39307.06
16990  39307.06  39309.38
16991  39309.38  39311.69
16992  39311.69  39314.00
16993  39314.00  39316.31
16994  39316.31  39318.62
16995  39318.62  39320.94
16996  39320.94  39323.25
16997  39323.25  39325.56
16998  39325.56  39327.88
16999  39327.88  39330.19
17000  39330.19  39332.50
17001  39332.50  39334.81
17002  39334.81  39337.12
17003  39337.12  39339.44
17004  39339.44  39341.75
17005  39341.75  39344.06
17006  39344.06  39346.38
17007  39346.38  39348.69
17008  39348.69  39351.00
17009  39351.00  39353.31
17010  39353.31  39355.62
17011  39355.62  39357.94
17012  39357.94  39360.25
17013  39360.25  39362.56
17014  39362.56  39364.88
17015  39364.88  39367.19
17016  39367.19  39369.50
17017  39369.50  39371.81
17018  39371.81  39374.12
17019  39374.12  39376.44
17020  39376.44  39378.75
17021  39378.75  39381.06
17022  39381.06  39383.38
17023  39383.38  39385.69
17024  39385.69  39388.00
17025  39388.00  39390.31
17026  39390.31  39392.62
17027  39392.62  39394.94
17028  39394.94  39397.25
17029  39397.25  39399.56
17030  39399.56  39401.88
17031  39401.88  39404.19
17032  39404.19  39406.50
17033  39406.50  39408.81
17034  39408.81  39411.12
17035  39411.12  39413.44
17036  39413.44  39415.75
17037  39415.75  39418.06
17038  39418.06  39420.38
17039  39420.38  39422.69
17040  39422.69  39425.00
17041  39425.00  39427.31
17042  39427.31  39429.62
17043  39429.62  39431.94
17044  39431.94  39434.25
17045  39434.25  39436.56
17046  39436.56  39438.88
17047  39438.88  39441.19
17048  39441.19  39443.50
17049  39443.50  39445.81
17050  39445.81  39448.12
17051  39448.12  39450.44
17052  39450.44  39452.75
17053  39452.75  39455.06
17054  39455.06  39457.38
17055  39457.38  39459.69
17056  39459.69  39462.00
17057  39462.00  39464.31
17058  39464.31  39466.62
17059  39466.62  39468.94
17060  39468.94  39471.25
17061  39471.25  39473.56
17062  39473.56  39475.88
17063  39475.88  39478.19
17064  39478.19  39480.50
17065  39480.50  39482.81
17066  39482.81  39485.12
17067  39485.12  39487.44
17068  39487.44  39489.75
17069  39489.75  39492.06
17070  39492.06  39494.38
17071  39494.38  39496.69
17072  39496.69  39499.00
17073  39499.00  39501.31
17074  39501.31  39503.62
17075  39503.62  39505.94
17076  39505.94  39508.25
17077  39508.25  39510.56
17078  39510.56  39512.88
17079  39512.88  39515.19
17080  39515.19  39517.50
17081  39517.50  39519.81
17082  39519.81  39522.12
17083  39522.12  39524.44
17084  39524.44  39526.75
17085  39526.75  39529.06
17086  39529.06  39531.38
17087  39531.38  39533.69
17088  39533.69  39536.00
17089  39536.00  39538.31
17090  39538.31  39540.62
17091  39540.62  39542.94
17092  39542.94  39545.25
17093  39545.25  39547.56
17094  39547.56  39549.88
17095  39549.88  39552.19
17096  39552.19  39554.50
17097  39554.50  39556.81
17098  39556.81  39559.12
17099  39559.12  39561.44
17100  39561.44  39563.75
17101  39563.75  39566.06
17102  39566.06  39568.38
17103  39568.38  39570.69
17104  39570.69  39573.00
17105  39573.00  39575.31
17106  39575.31  39577.62
17107  39577.62  39579.94
17108  39579.94  39582.25
17109  39582.25  39584.56
17110  39584.56  39586.88
17111  39586.88  39589.19
17112  39589.19  39591.50
17113  39591.50  39593.81
17114  39593.81  39596.12
17115  39596.12  39598.44
17116  39598.44  39600.75
17117  39600.75  39603.06
17118  39603.06  39605.38
17119  39605.38  39607.69
17120  39607.69  39610.00
17121  39610.00  39612.31
17122  39612.31  39614.62
17123  39614.62  39616.94
17124  39616.94  39619.25
17125  39619.25  39621.56
17126  39621.56  39623.88
17127  39623.88  39626.19
17128  39626.19  39628.50
17129  39628.50  39630.81
17130  39630.81  39633.12
17131  39633.12  39635.44
17132  39635.44  39637.75
17133  39637.75  39640.06
17134  39640.06  39642.38
17135  39642.38  39644.69
17136  39644.69  39647.00
17137  39647.00  39649.31
17138  39649.31  39651.62
17139  39651.62  39653.94
17140  39653.94  39656.25
17141  39656.25  39658.56
17142  39658.56  39660.88
17143  39660.88  39663.19
17144  39663.19  39665.50
17145  39665.50  39667.81
17146  39667.81  39670.12
17147  39670.12  39672.44
17148  39672.44  39674.75
17149  39674.75  39677.06
17150  39677.06  39679.38
17151  39679.38  39681.69
17152  39681.69  39684.00
17153  39684.00  39686.31
17154  39686.31  39688.62
17155  39688.62  39690.94
17156  39690.94  39693.25
17157  39693.25  39695.56
17158  39695.56  39697.88
17159  39697.88  39700.19
17160  39700.19  39702.50
17161  39702.50  39704.81
17162  39704.81  39707.12
17163  39707.12  39709.44
17164  39709.44  39711.75
17165  39711.75  39714.06
17166  39714.06  39716.38
17167  39716.38  39718.69
17168  39718.69  39721.00
17169  39721.00  39723.31
17170  39723.31  39725.62
17171  39725.62  39727.94
17172  39727.94  39730.25
17173  39730.25  39732.56
17174  39732.56  39734.88
17175  39734.88  39737.19
17176  39737.19  39739.50
17177  39739.50  39741.81
17178  39741.81  39744.12
17179  39744.12  39746.44
17180  39746.44  39748.75
17181  39748.75  39751.06
17182  39751.06  39753.38
17183  39753.38  39755.69
17184  39755.69  39758.00
17185  39758.00  39760.31
17186  39760.31  39762.62
17187  39762.62  39764.94
17188  39764.94  39767.25
17189  39767.25  39769.56
17190  39769.56  39771.88
17191  39771.88  39774.19
17192  39774.19  39776.50
17193  39776.50  39778.81
17194  39778.81  39781.12
17195  39781.12  39783.44
17196  39783.44  39785.75
17197  39785.75  39788.06
17198  39788.06  39790.38
17199  39790.38  39792.69
17200  39792.69  39795.00
17201  39795.00  39797.31
17202  39797.31  39799.62
17203  39799.62  39801.94
17204  39801.94  39804.25
17205  39804.25  39806.56
17206  39806.56  39808.88
17207  39808.88  39811.19
17208  39811.19  39813.50
17209  39813.50  39815.81
17210  39815.81  39818.12
17211  39818.12  39820.44
17212  39820.44  39822.75
17213  39822.75  39825.06
17214  39825.06  39827.38
17215  39827.38  39829.69
17216  39829.69  39832.00
17217  39832.00  39834.31
17218  39834.31  39836.62
17219  39836.62  39838.94
17220  39838.94  39841.25
17221  39841.25  39843.56
17222  39843.56  39845.88
17223  39845.88  39848.19
17224  39848.19  39850.50
17225  39850.50  39852.81
17226  39852.81  39855.12
17227  39855.12  39857.44
17228  39857.44  39859.75
17229  39859.75  39862.06
17230  39862.06  39864.38
17231  39864.38  39866.69
17232  39866.69  39869.00
17233  39869.00  39871.31
17234  39871.31  39873.62
17235  39873.62  39875.94
17236  39875.94  39878.25
17237  39878.25  39880.56
17238  39880.56  39882.88
17239  39882.88  39885.19
17240  39885.19  39887.50
17241  39887.50  39889.81
17242  39889.81  39892.12
17243  39892.12  39894.44
17244  39894.44  39896.75
17245  39896.75  39899.06
17246  39899.06  39901.38
17247  39901.38  39903.69
17248  39903.69  39906.00
17249  39906.00  39908.31
17250  39908.31  39910.62
17251  39910.62  39912.94
17252  39912.94  39915.25
17253  39915.25  39917.56
17254  39917.56  39919.88
17255  39919.88  39922.19
17256  39922.19  39924.50
17257  39924.50  39926.81
17258  39926.81  39929.12
17259  39929.12  39931.44
17260  39931.44  39933.75
17261  39933.75  39936.06
17262  39936.06  39938.38
17263  39938.38  39940.69
17264  39940.69  39943.00
17265  39943.00  39945.31
17266  39945.31  39947.62
17267  39947.62  39949.94
17268  39949.94  39952.25
17269  39952.25  39954.56
17270  39954.56  39956.88
17271  39956.88  39959.19
17272  39959.19  39961.50
17273  39961.50  39963.81
17274  39963.81  39966.12
17275  39966.12  39968.44
17276  39968.44  39970.75
17277  39970.75  39973.06
17278  39973.06  39975.38
17279  39975.38  39977.69
17280  39977.69  39980.00
17281  39980.00  39982.31
17282  39982.31  39984.62
17283  39984.62  39986.94
17284  39986.94  39989.25
17285  39989.25  39991.56
17286  39991.56  39993.88
17287  39993.88  39996.19
17288  39996.19  39998.50
17289  39998.50  40000.81
17290  40000.81  40003.12
17291  40003.12  40005.44
17292  40005.44  40007.75
17293  40007.75  40010.06
17294  40010.06  40012.38
17295  40012.38  40014.69
17296  40014.69  40017.00
17297  40017.00  40019.31
17298  40019.31  40021.62
17299  40021.62  40023.94
17300  40023.94  40026.25
17301  40026.25  40028.56
17302  40028.56  40030.88
17303  40030.88  40033.19
17304  40033.19  40035.50
17305  40035.50  40037.81
17306  40037.81  40040.12
17307  40040.12  40042.44
17308  40042.44  40044.75
17309  40044.75  40047.06
17310  40047.06  40049.38
17311  40049.38  40051.69
17312  40051.69  40054.00
17313  40054.00  40056.31
17314  40056.31  40058.62
17315  40058.62  40060.94
17316  40060.94  40063.25
17317  40063.25  40065.56
17318  40065.56  40067.88
17319  40067.88  40070.19
17320  40070.19  40072.50
17321  40072.50  40074.81
17322  40074.81  40077.12
17323  40077.12  40079.44
17324  40079.44  40081.75
17325  40081.75  40084.06
17326  40084.06  40086.38
17327  40086.38  40088.69
17328  40088.69  40091.00
17329  40091.00  40093.31
17330  40093.31  40095.62
17331  40095.62  40097.94
17332  40097.94  40100.25
17333  40100.25  40102.56
17334  40102.56  40104.88
17335  40104.88  40107.19
17336  40107.19  40109.50
17337  40109.50  40111.81
17338  40111.81  40114.12
17339  40114.12  40116.44
17340  40116.44  40118.75
17341  40118.75  40121.06
17342  40121.06  40123.38
17343  40123.38  40125.69
17344  40125.69  40128.00
17345  40128.00  40130.31
17346  40130.31  40132.62
17347  40132.62  40134.94
17348  40134.94  40137.25
17349  40137.25  40139.56
17350  40139.56  40141.88
17351  40141.88  40144.19
17352  40144.19  40146.50
17353  40146.50  40148.81
17354  40148.81  40151.12
17355  40151.12  40153.44
17356  40153.44  40155.75
17357  40155.75  40158.06
17358  40158.06  40160.38
17359  40160.38  40162.69
17360  40162.69  40165.00
17361  40165.00  40167.31
17362  40167.31  40169.62
17363  40169.62  40171.94
17364  40171.94  40174.25
17365  40174.25  40176.56
17366  40176.56  40178.88
17367  40178.88  40181.19
17368  40181.19  40183.50
17369  40183.50  40185.81
17370  40185.81  40188.12
17371  40188.12  40190.44
17372  40190.44  40192.75
17373  40192.75  40195.06
17374  40195.06  40197.38
17375  40197.38  40199.69
17376  40199.69  40202.00
17377  40202.00  40204.31
17378  40204.31  40206.62
17379  40206.62  40208.94
17380  40208.94  40211.25
17381  40211.25  40213.56
17382  40213.56  40215.88
17383  40215.88  40218.19
17384  40218.19  40220.50
17385  40220.50  40222.81
17386  40222.81  40225.12
17387  40225.12  40227.44
17388  40227.44  40229.75
17389  40229.75  40232.06
17390  40232.06  40234.38
17391  40234.38  40236.69
17392  40236.69  40239.00
17393  40239.00  40241.31
17394  40241.31  40243.62
17395  40243.62  40245.94
17396  40245.94  40248.25
17397  40248.25  40250.56
17398  40250.56  40252.88
17399  40252.88  40255.19
17400  40255.19  40257.50
17401  40257.50  40259.81
17402  40259.81  40262.12
17403  40262.12  40264.44
17404  40264.44  40266.75
17405  40266.75  40269.06
17406  40269.06  40271.38
17407  40271.38  40273.69
17408  40273.69  40276.00
17409  40276.00  40278.31
17410  40278.31  40280.62
17411  40280.62  40282.94
17412  40282.94  40285.25
17413  40285.25  40287.56
17414  40287.56  40289.88
17415  40289.88  40292.19
17416  40292.19  40294.50
17417  40294.50  40296.81
17418  40296.81  40299.12
17419  40299.12  40301.44
17420  40301.44  40303.75
17421  40303.75  40306.06
17422  40306.06  40308.38
17423  40308.38  40310.69
17424  40310.69  40313.00
17425  40313.00  40315.31
17426  40315.31  40317.62
17427  40317.62  40319.94
17428  40319.94  40322.25
17429  40322.25  40324.56
17430  40324.56  40326.88
17431  40326.88  40329.19
17432  40329.19  40331.50
17433  40331.50  40333.81
17434  40333.81  40336.12
17435  40336.12  40338.44
17436  40338.44  40340.75
17437  40340.75  40343.06
17438  40343.06  40345.38
17439  40345.38  40347.69
17440  40347.69  40350.00
17441  40350.00  40352.31
17442  40352.31  40354.62
17443  40354.62  40356.94
17444  40356.94  40359.25
17445  40359.25  40361.56
17446  40361.56  40363.88
17447  40363.88  40366.19
17448  40366.19  40368.50
17449  40368.50  40370.81
17450  40370.81  40373.12
17451  40373.12  40375.44
17452  40375.44  40377.75
17453  40377.75  40380.06
17454  40380.06  40382.38
17455  40382.38  40384.69
17456  40384.69  40387.00
17457  40387.00  40389.31
17458  40389.31  40391.62
17459  40391.62  40393.94
17460  40393.94  40396.25
17461  40396.25  40398.56
17462  40398.56  40400.88
17463  40400.88  40403.19
17464  40403.19  40405.50
17465  40405.50  40407.81
17466  40407.81  40410.12
17467  40410.12  40412.44
17468  40412.44  40414.75
17469  40414.75  40417.06
17470  40417.06  40419.38
17471  40419.38  40421.69
17472  40421.69  40424.00
17473  40424.00  40426.31
17474  40426.31  40428.62
17475  40428.62  40430.94
17476  40430.94  40433.25
17477  40433.25  40435.56
17478  40435.56  40437.88
17479  40437.88  40440.19
17480  40440.19  40442.50
17481  40442.50  40444.81
17482  40444.81  40447.12
17483  40447.12  40449.44
17484  40449.44  40451.75
17485  40451.75  40454.06
17486  40454.06  40456.38
17487  40456.38  40458.69
17488  40458.69  40461.00
17489  40461.00  40463.31
17490  40463.31  40465.62
17491  40465.62  40467.94
17492  40467.94  40470.25
17493  40470.25  40472.56
17494  40472.56  40474.88
17495  40474.88  40477.19
17496  40477.19  40479.50
17497  40479.50  40481.81
17498  40481.81  40484.12
17499  40484.12  40486.44
17500  40486.44  40488.75
17501  40488.75  40491.06
17502  40491.06  40493.38
17503  40493.38  40495.69
17504  40495.69  40498.00
17505  40498.00  40500.31
17506  40500.31  40502.62
17507  40502.62  40504.94
17508  40504.94  40507.25
17509  40507.25  40509.56
17510  40509.56  40511.88
17511  40511.88  40514.19
17512  40514.19  40516.50
17513  40516.50  40518.81
17514  40518.81  40521.12
17515  40521.12  40523.44
17516  40523.44  40525.75
17517  40525.75  40528.06
17518  40528.06  40530.38
17519  40530.38  40532.69
17520  40532.69  40535.00
17521  40535.00  40537.31
17522  40537.31  40539.62
17523  40539.62  40541.94
17524  40541.94  40544.25
17525  40544.25  40546.56
17526  40546.56  40548.88
17527  40548.88  40551.19
17528  40551.19  40553.50
17529  40553.50  40555.81
17530  40555.81  40558.12
17531  40558.12  40560.44
17532  40560.44  40562.75
17533  40562.75  40565.06
17534  40565.06  40567.38
17535  40567.38  40569.69
17536  40569.69  40572.00
17537  40572.00  40574.31
17538  40574.31  40576.62
17539  40576.62  40578.94
17540  40578.94  40581.25
17541  40581.25  40583.56
17542  40583.56  40585.88
17543  40585.88  40588.19
17544  40588.19  40590.50
17545  40590.50  40592.81
17546  40592.81  40595.12
17547  40595.12  40597.44
17548  40597.44  40599.75
17549  40599.75  40602.06
17550  40602.06  40604.38
17551  40604.38  40606.69
17552  40606.69  40609.00
17553  40609.00  40611.31
17554  40611.31  40613.62
17555  40613.62  40615.94
17556  40615.94  40618.25
17557  40618.25  40620.56
17558  40620.56  40622.88
17559  40622.88  40625.19
17560  40625.19  40627.50
17561  40627.50  40629.81
17562  40629.81  40632.12
17563  40632.12  40634.44
17564  40634.44  40636.75
17565  40636.75  40639.06
17566  40639.06  40641.38
17567  40641.38  40643.69
17568  40643.69  40646.00
17569  40646.00  40648.31
17570  40648.31  40650.62
17571  40650.62  40652.94
17572  40652.94  40655.25
17573  40655.25  40657.56
17574  40657.56  40659.88
17575  40659.88  40662.19
17576  40662.19  40664.50
17577  40664.50  40666.81
17578  40666.81  40669.12
17579  40669.12  40671.44
17580  40671.44  40673.75
17581  40673.75  40676.06
17582  40676.06  40678.38
17583  40678.38  40680.69
17584  40680.69  40683.00
17585  40683.00  40685.31
17586  40685.31  40687.62
17587  40687.62  40689.94
17588  40689.94  40692.25
17589  40692.25  40694.56
17590  40694.56  40696.88
17591  40696.88  40699.19
17592  40699.19  40701.50
17593  40701.50  40703.81
17594  40703.81  40706.12
17595  40706.12  40708.44
17596  40708.44  40710.75
17597  40710.75  40713.06
17598  40713.06  40715.38
17599  40715.38  40717.69
17600  40717.69  40720.00
17601  40720.00  40722.31
17602  40722.31  40724.62
17603  40724.62  40726.94
17604  40726.94  40729.25
17605  40729.25  40731.56
17606  40731.56  40733.88
17607  40733.88  40736.19
17608  40736.19  40738.50
17609  40738.50  40740.81
17610  40740.81  40743.12
17611  40743.12  40745.44
17612  40745.44  40747.75
17613  40747.75  40750.06
17614  40750.06  40752.38
17615  40752.38  40754.69
17616  40754.69  40757.00
17617  40757.00  40759.31
17618  40759.31  40761.62
17619  40761.62  40763.94
17620  40763.94  40766.25
17621  40766.25  40768.56
17622  40768.56  40770.88
17623  40770.88  40773.19
17624  40773.19  40775.50
17625  40775.50  40777.81
17626  40777.81  40780.12
17627  40780.12  40782.44
17628  40782.44  40784.75
17629  40784.75  40787.06
17630  40787.06  40789.38
17631  40789.38  40791.69
17632  40791.69  40794.00
17633  40794.00  40796.31
17634  40796.31  40798.62
17635  40798.62  40800.94
17636  40800.94  40803.25
17637  40803.25  40805.56
17638  40805.56  40807.88
17639  40807.88  40810.19
17640  40810.19  40812.50
17641  40812.50  40814.81
17642  40814.81  40817.12
17643  40817.12  40819.44
17644  40819.44  40821.75
17645  40821.75  40824.06
17646  40824.06  40826.38
17647  40826.38  40828.69
17648  40828.69  40831.00
17649  40831.00  40833.31
17650  40833.31  40835.62
17651  40835.62  40837.94
17652  40837.94  40840.25
17653  40840.25  40842.56
17654  40842.56  40844.88
17655  40844.88  40847.19
17656  40847.19  40849.50
17657  40849.50  40851.81
17658  40851.81  40854.12
17659  40854.12  40856.44
17660  40856.44  40858.75
17661  40858.75  40861.06
17662  40861.06  40863.38
17663  40863.38  40865.69
17664  40865.69  40868.00
17665  40868.00  40870.31
17666  40870.31  40872.62
17667  40872.62  40874.94
17668  40874.94  40877.25
17669  40877.25  40879.56
17670  40879.56  40881.88
17671  40881.88  40884.19
17672  40884.19  40886.50
17673  40886.50  40888.81
17674  40888.81  40891.12
17675  40891.12  40893.44
17676  40893.44  40895.75
17677  40895.75  40898.06
17678  40898.06  40900.38
17679  40900.38  40902.69
17680  40902.69  40905.00
17681  40905.00  40907.31
17682  40907.31  40909.62
17683  40909.62  40911.94
17684  40911.94  40914.25
17685  40914.25  40916.56
17686  40916.56  40918.88
17687  40918.88  40921.19
17688  40921.19  40923.50
17689  40923.50  40925.81
17690  40925.81  40928.12
17691  40928.12  40930.44
17692  40930.44  40932.75
17693  40932.75  40935.06
17694  40935.06  40937.38
17695  40937.38  40939.69
17696  40939.69  40942.00
17697  40942.00  40944.31
17698  40944.31  40946.62
17699  40946.62  40948.94
17700  40948.94  40951.25
17701  40951.25  40953.56
17702  40953.56  40955.88
17703  40955.88  40958.19
17704  40958.19  40960.50
17705  40960.50  40962.81
17706  40962.81  40965.12
17707  40965.12  40967.44
17708  40967.44  40969.75
17709  40969.75  40972.06
17710  40972.06  40974.38
17711  40974.38  40976.69
17712  40976.69  40979.00
17713  40979.00  40981.31
17714  40981.31  40983.62
17715  40983.62  40985.94
17716  40985.94  40988.25
17717  40988.25  40990.56
17718  40990.56  40992.88
17719  40992.88  40995.19
17720  40995.19  40997.50
17721  40997.50  40999.81
17722  40999.81  41002.12
17723  41002.12  41004.44
17724  41004.44  41006.75
17725  41006.75  41009.06
17726  41009.06  41011.38
17727  41011.38  41013.69
17728  41013.69  41016.00
17729  41016.00  41018.31
17730  41018.31  41020.62
17731  41020.62  41022.94
17732  41022.94  41025.25
17733  41025.25  41027.56
17734  41027.56  41029.88
17735  41029.88  41032.19
17736  41032.19  41034.50
17737  41034.50  41036.81
17738  41036.81  41039.12
17739  41039.12  41041.44
17740  41041.44  41043.75
17741  41043.75  41046.06
17742  41046.06  41048.38
17743  41048.38  41050.69
17744  41050.69  41053.00
17745  41053.00  41055.31
17746  41055.31  41057.62
17747  41057.62  41059.94
17748  41059.94  41062.25
17749  41062.25  41064.56
17750  41064.56  41066.88
17751  41066.88  41069.19
17752  41069.19  41071.50
17753  41071.50  41073.81
17754  41073.81  41076.12
17755  41076.12  41078.44
17756  41078.44  41080.75
17757  41080.75  41083.06
17758  41083.06  41085.38
17759  41085.38  41087.69
17760  41087.69  41090.00
17761  41090.00  41092.31
17762  41092.31  41094.62
17763  41094.62  41096.94
17764  41096.94  41099.25
17765  41099.25  41101.56
17766  41101.56  41103.88
17767  41103.88  41106.19
17768  41106.19  41108.50
17769  41108.50  41110.81
17770  41110.81  41113.12
17771  41113.12  41115.44
17772  41115.44  41117.75
17773  41117.75  41120.06
17774  41120.06  41122.38
17775  41122.38  41124.69
17776  41124.69  41127.00
17777  41127.00  41129.31
17778  41129.31  41131.62
17779  41131.62  41133.94
17780  41133.94  41136.25
17781  41136.25  41138.56
17782  41138.56  41140.88
17783  41140.88  41143.19
17784  41143.19  41145.50
17785  41145.50  41147.81
17786  41147.81  41150.12
17787  41150.12  41152.44
17788  41152.44  41154.75
17789  41154.75  41157.06
17790  41157.06  41159.38
17791  41159.38  41161.69
17792  41161.69  41164.00
17793  41164.00  41166.31
17794  41166.31  41168.62
17795  41168.62  41170.94
17796  41170.94  41173.25
17797  41173.25  41175.56
17798  41175.56  41177.88
17799  41177.88  41180.19
17800  41180.19  41182.50
17801  41182.50  41184.81
17802  41184.81  41187.12
17803  41187.12  41189.44
17804  41189.44  41191.75
17805  41191.75  41194.06
17806  41194.06  41196.38
17807  41196.38  41198.69
17808  41198.69  41201.00
17809  41201.00  41203.31
17810  41203.31  41205.62
17811  41205.62  41207.94
17812  41207.94  41210.25
17813  41210.25  41212.56
17814  41212.56  41214.88
17815  41214.88  41217.19
17816  41217.19  41219.50
17817  41219.50  41221.81
17818  41221.81  41224.12
17819  41224.12  41226.44
17820  41226.44  41228.75
17821  41228.75  41231.06
17822  41231.06  41233.38
17823  41233.38  41235.69
17824  41235.69  41238.00
17825  41238.00  41240.31
17826  41240.31  41242.62
17827  41242.62  41244.94
17828  41244.94  41247.25
17829  41247.25  41249.56
17830  41249.56  41251.88
17831  41251.88  41254.19
17832  41254.19  41256.50
17833  41256.50  41258.81
17834  41258.81  41261.12
17835  41261.12  41263.44
17836  41263.44  41265.75
17837  41265.75  41268.06
17838  41268.06  41270.38
17839  41270.38  41272.69
17840  41272.69  41275.00
17841  41275.00  41277.31
17842  41277.31  41279.62
17843  41279.62  41281.94
17844  41281.94  41284.25
17845  41284.25  41286.56
17846  41286.56  41288.88
17847  41288.88  41291.19
17848  41291.19  41293.50
17849  41293.50  41295.81
17850  41295.81  41298.12
17851  41298.12  41300.44
17852  41300.44  41302.75
17853  41302.75  41305.06
17854  41305.06  41307.38
17855  41307.38  41309.69
17856  41309.69  41312.00
17857  41312.00  41314.31
17858  41314.31  41316.62
17859  41316.62  41318.94
17860  41318.94  41321.25
17861  41321.25  41323.56
17862  41323.56  41325.88
17863  41325.88  41328.19
17864  41328.19  41330.50
17865  41330.50  41332.81
17866  41332.81  41335.12
17867  41335.12  41337.44
17868  41337.44  41339.75
17869  41339.75  41342.06
17870  41342.06  41344.38
17871  41344.38  41346.69
17872  41346.69  41349.00
17873  41349.00  41351.31
17874  41351.31  41353.62
17875  41353.62  41355.94
17876  41355.94  41358.25
17877  41358.25  41360.56
17878  41360.56  41362.88
17879  41362.88  41365.19
17880  41365.19  41367.50
17881  41367.50  41369.81
17882  41369.81  41372.12
17883  41372.12  41374.44
17884  41374.44  41376.75
17885  41376.75  41379.06
17886  41379.06  41381.38
17887  41381.38  41383.69
17888  41383.69  41386.00
17889  41386.00  41388.31
17890  41388.31  41390.62
17891  41390.62  41392.94
17892  41392.94  41395.25
17893  41395.25  41397.56
17894  41397.56  41399.88
17895  41399.88  41402.19
17896  41402.19  41404.50
17897  41404.50  41406.81
17898  41406.81  41409.12
17899  41409.12  41411.44
17900  41411.44  41413.75
17901  41413.75  41416.06
17902  41416.06  41418.38
17903  41418.38  41420.69
17904  41420.69  41423.00
17905  41423.00  41425.31
17906  41425.31  41427.62
17907  41427.62  41429.94
17908  41429.94  41432.25
17909  41432.25  41434.56
17910  41434.56  41436.88
17911  41436.88  41439.19
17912  41439.19  41441.50
17913  41441.50  41443.81
17914  41443.81  41446.12
17915  41446.12  41448.44
17916  41448.44  41450.75
17917  41450.75  41453.06
17918  41453.06  41455.38
17919  41455.38  41457.69
17920  41457.69  41460.00
17921  41460.00  41462.31
17922  41462.31  41464.62
17923  41464.62  41466.94
17924  41466.94  41469.25
17925  41469.25  41471.56
17926  41471.56  41473.88
17927  41473.88  41476.19
17928  41476.19  41478.50
17929  41478.50  41480.81
17930  41480.81  41483.12
17931  41483.12  41485.44
17932  41485.44  41487.75
17933  41487.75  41490.06
17934  41490.06  41492.38
17935  41492.38  41494.69
17936  41494.69  41497.00
17937  41497.00  41499.31
17938  41499.31  41501.62
17939  41501.62  41503.94
17940  41503.94  41506.25
17941  41506.25  41508.56
17942  41508.56  41510.88
17943  41510.88  41513.19
17944  41513.19  41515.50
17945  41515.50  41517.81
17946  41517.81  41520.12
17947  41520.12  41522.44
17948  41522.44  41524.75
17949  41524.75  41527.06
17950  41527.06  41529.38
17951  41529.38  41531.69
17952  41531.69  41534.00
17953  41534.00  41536.31
17954  41536.31  41538.62
17955  41538.62  41540.94
17956  41540.94  41543.25
17957  41543.25  41545.56
17958  41545.56  41547.88
17959  41547.88  41550.19
17960  41550.19  41552.50
17961  41552.50  41554.81
17962  41554.81  41557.12
17963  41557.12  41559.44
17964  41559.44  41561.75
17965  41561.75  41564.06
17966  41564.06  41566.38
17967  41566.38  41568.69
17968  41568.69  41571.00
17969  41571.00  41573.31
17970  41573.31  41575.62
17971  41575.62  41577.94
17972  41577.94  41580.25
17973  41580.25  41582.56
17974  41582.56  41584.88
17975  41584.88  41587.19
17976  41587.19  41589.50
17977  41589.50  41591.81
17978  41591.81  41594.12
17979  41594.12  41596.44
17980  41596.44  41598.75
17981  41598.75  41601.06
17982  41601.06  41603.38
17983  41603.38  41605.69
17984  41605.69  41608.00
17985  41608.00  41610.31
17986  41610.31  41612.62
17987  41612.62  41614.94
17988  41614.94  41617.25
17989  41617.25  41619.56
17990  41619.56  41621.88
17991  41621.88  41624.19
17992  41624.19  41626.50
17993  41626.50  41628.81
17994  41628.81  41631.12
17995  41631.12  41633.44
17996  41633.44  41635.75
17997  41635.75  41638.06
17998  41638.06  41640.38
17999  41640.38  41642.69
18000  41642.69  41645.00
18001  41645.00  41647.31
18002  41647.31  41649.62
18003  41649.62  41651.94
18004  41651.94  41654.25
18005  41654.25  41656.56
18006  41656.56  41658.88
18007  41658.88  41661.19
18008  41661.19  41663.50
18009  41663.50  41665.81
18010  41665.81  41668.12
18011  41668.12  41670.44
18012  41670.44  41672.75
18013  41672.75  41675.06
18014  41675.06  41677.38
18015  41677.38  41679.69
18016  41679.69  41682.00
18017  41682.00  41684.31
18018  41684.31  41686.62
18019  41686.62  41688.94
18020  41688.94  41691.25
18021  41691.25  41693.56
18022  41693.56  41695.88
18023  41695.88  41698.19
18024  41698.19  41700.50
18025  41700.50  41702.81
18026  41702.81  41705.12
18027  41705.12  41707.44
18028  41707.44  41709.75
18029  41709.75  41712.06
18030  41712.06  41714.38
18031  41714.38  41716.69
18032  41716.69  41719.00
18033  41719.00  41721.31
18034  41721.31  41723.62
18035  41723.62  41725.94
18036  41725.94  41728.25
18037  41728.25  41730.56
18038  41730.56  41732.88
18039  41732.88  41735.19
18040  41735.19  41737.50
18041  41737.50  41739.81
18042  41739.81  41742.12
18043  41742.12  41744.44
18044  41744.44  41746.75
18045  41746.75  41749.06
18046  41749.06  41751.38
18047  41751.38  41753.69
18048  41753.69  41756.00
18049  41756.00  41758.31
18050  41758.31  41760.62
18051  41760.62  41762.94
18052  41762.94  41765.25
18053  41765.25  41767.56
18054  41767.56  41769.88
18055  41769.88  41772.19
18056  41772.19  41774.50
18057  41774.50  41776.81
18058  41776.81  41779.12
18059  41779.12  41781.44
18060  41781.44  41783.75
18061  41783.75  41786.06
18062  41786.06  41788.38
18063  41788.38  41790.69
18064  41790.69  41793.00
18065  41793.00  41795.31
18066  41795.31  41797.62
18067  41797.62  41799.94
18068  41799.94  41802.25
18069  41802.25  41804.56
18070  41804.56  41806.88
18071  41806.88  41809.19
18072  41809.19  41811.50
18073  41811.50  41813.81
18074  41813.81  41816.12
18075  41816.12  41818.44
18076  41818.44  41820.75
18077  41820.75  41823.06
18078  41823.06  41825.38
18079  41825.38  41827.69
18080  41827.69  41830.00
18081  41830.00  41832.31
18082  41832.31  41834.62
18083  41834.62  41836.94
18084  41836.94  41839.25
18085  41839.25  41841.56
18086  41841.56  41843.88
18087  41843.88  41846.19
18088  41846.19  41848.50
18089  41848.50  41850.81
18090  41850.81  41853.12
18091  41853.12  41855.44
18092  41855.44  41857.75
18093  41857.75  41860.06
18094  41860.06  41862.38
18095  41862.38  41864.69
18096  41864.69  41867.00
18097  41867.00  41869.31
18098  41869.31  41871.62
18099  41871.62  41873.94
18100  41873.94  41876.25
18101  41876.25  41878.56
18102  41878.56  41880.88
18103  41880.88  41883.19
18104  41883.19  41885.50
18105  41885.50  41887.81
18106  41887.81  41890.12
18107  41890.12  41892.44
18108  41892.44  41894.75
18109  41894.75  41897.06
18110  41897.06  41899.38
18111  41899.38  41901.69
18112  41901.69  41904.00
18113  41904.00  41906.31
18114  41906.31  41908.62
18115  41908.62  41910.94
18116  41910.94  41913.25
18117  41913.25  41915.56
18118  41915.56  41917.88
18119  41917.88  41920.19
18120  41920.19  41922.50
18121  41922.50  41924.81
18122  41924.81  41927.12
18123  41927.12  41929.44
18124  41929.44  41931.75
18125  41931.75  41934.06
18126  41934.06  41936.38
18127  41936.38  41938.69
18128  41938.69  41941.00
18129  41941.00  41943.31
18130  41943.31  41945.62
18131  41945.62  41947.94
18132  41947.94  41950.25
18133  41950.25  41952.56
18134  41952.56  41954.88
18135  41954.88  41957.19
18136  41957.19  41959.50
18137  41959.50  41961.81
18138  41961.81  41964.12
18139  41964.12  41966.44
18140  41966.44  41968.75
18141  41968.75  41971.06
18142  41971.06  41973.38
18143  41973.38  41975.69
18144  41975.69  41978.00
18145  41978.00  41980.31
18146  41980.31  41982.62
18147  41982.62  41984.94
18148  41984.94  41987.25
18149  41987.25  41989.56
18150  41989.56  41991.88
18151  41991.88  41994.19
18152  41994.19  41996.50
18153  41996.50  41998.81
18154  41998.81  42001.12
18155  42001.12  42003.44
18156  42003.44  42005.75
18157  42005.75  42008.06
18158  42008.06  42010.38
18159  42010.38  42012.69
18160  42012.69  42015.00
18161  42015.00  42017.31
18162  42017.31  42019.62
18163  42019.62  42021.94
18164  42021.94  42024.25
18165  42024.25  42026.56
18166  42026.56  42028.88
18167  42028.88  42031.19
18168  42031.19  42033.50
18169  42033.50  42035.81
18170  42035.81  42038.12
18171  42038.12  42040.44
18172  42040.44  42042.75
18173  42042.75  42045.06
18174  42045.06  42047.38
18175  42047.38  42049.69
18176  42049.69  42052.00
18177  42052.00  42054.31
18178  42054.31  42056.62
18179  42056.62  42058.94
18180  42058.94  42061.25
18181  42061.25  42063.56
18182  42063.56  42065.88
18183  42065.88  42068.19
18184  42068.19  42070.50
18185  42070.50  42072.81
18186  42072.81  42075.12
18187  42075.12  42077.44
18188  42077.44  42079.75
18189  42079.75  42082.06
18190  42082.06  42084.38
18191  42084.38  42086.69
18192  42086.69  42089.00
18193  42089.00  42091.31
18194  42091.31  42093.62
18195  42093.62  42095.94
18196  42095.94  42098.25
18197  42098.25  42100.56
18198  42100.56  42102.88
18199  42102.88  42105.19
18200  42105.19  42107.50
18201  42107.50  42109.81
18202  42109.81  42112.12
18203  42112.12  42114.44
18204  42114.44  42116.75
18205  42116.75  42119.06
18206  42119.06  42121.38
18207  42121.38  42123.69
18208  42123.69  42126.00
18209  42126.00  42128.31
18210  42128.31  42130.62
18211  42130.62  42132.94
18212  42132.94  42135.25
18213  42135.25  42137.56
18214  42137.56  42139.88
18215  42139.88  42142.19
18216  42142.19  42144.50
18217  42144.50  42146.81
18218  42146.81  42149.12
18219  42149.12  42151.44
18220  42151.44  42153.75
18221  42153.75  42156.06
18222  42156.06  42158.38
18223  42158.38  42160.69
18224  42160.69  42163.00
18225  42163.00  42165.31
18226  42165.31  42167.62
18227  42167.62  42169.94
18228  42169.94  42172.25
18229  42172.25  42174.56
18230  42174.56  42176.88
18231  42176.88  42179.19
18232  42179.19  42181.50
18233  42181.50  42183.81
18234  42183.81  42186.12
18235  42186.12  42188.44
18236  42188.44  42190.75
18237  42190.75  42193.06
18238  42193.06  42195.38
18239  42195.38  42197.69
18240  42197.69  42200.00
18241  42200.00  42202.31
18242  42202.31  42204.62
18243  42204.62  42206.94
18244  42206.94  42209.25
18245  42209.25  42211.56
18246  42211.56  42213.88
18247  42213.88  42216.19
18248  42216.19  42218.50
18249  42218.50  42220.81
18250  42220.81  42223.12
18251  42223.12  42225.44
18252  42225.44  42227.75
18253  42227.75  42230.06
18254  42230.06  42232.38
18255  42232.38  42234.69
18256  42234.69  42237.00
18257  42237.00  42239.31
18258  42239.31  42241.62
18259  42241.62  42243.94
18260  42243.94  42246.25
18261  42246.25  42248.56
18262  42248.56  42250.88
18263  42250.88  42253.19
18264  42253.19  42255.50
18265  42255.50  42257.81
18266  42257.81  42260.12
18267  42260.12  42262.44
18268  42262.44  42264.75
18269  42264.75  42267.06
18270  42267.06  42269.38
18271  42269.38  42271.69
18272  42271.69  42274.00
18273  42274.00  42276.31
18274  42276.31  42278.62
18275  42278.62  42280.94
18276  42280.94  42283.25
18277  42283.25  42285.56
18278  42285.56  42287.88
18279  42287.88  42290.19
18280  42290.19  42292.50
18281  42292.50  42294.81
18282  42294.81  42297.12
18283  42297.12  42299.44
18284  42299.44  42301.75
18285  42301.75  42304.06
18286  42304.06  42306.38
18287  42306.38  42308.69
18288  42308.69  42311.00
18289  42311.00  42313.31
18290  42313.31  42315.62
18291  42315.62  42317.94
18292  42317.94  42320.25
18293  42320.25  42322.56
18294  42322.56  42324.88
18295  42324.88  42327.19
18296  42327.19  42329.50
18297  42329.50  42331.81
18298  42331.81  42334.12
18299  42334.12  42336.44
18300  42336.44  42338.75
18301  42338.75  42341.06
18302  42341.06  42343.38
18303  42343.38  42345.69
18304  42345.69  42348.00
18305  42348.00  42350.31
18306  42350.31  42352.62
18307  42352.62  42354.94
18308  42354.94  42357.25
18309  42357.25  42359.56
18310  42359.56  42361.88
18311  42361.88  42364.19
18312  42364.19  42366.50
18313  42366.50  42368.81
18314  42368.81  42371.12
18315  42371.12  42373.44
18316  42373.44  42375.75
18317  42375.75  42378.06
18318  42378.06  42380.38
18319  42380.38  42382.69
18320  42382.69  42385.00
18321  42385.00  42387.31
18322  42387.31  42389.62
18323  42389.62  42391.94
18324  42391.94  42394.25
18325  42394.25  42396.56
18326  42396.56  42398.88
18327  42398.88  42401.19
18328  42401.19  42403.50
18329  42403.50  42405.81
18330  42405.81  42408.12
18331  42408.12  42410.44
18332  42410.44  42412.75
18333  42412.75  42415.06
18334  42415.06  42417.38
18335  42417.38  42419.69
18336  42419.69  42422.00
18337  42422.00  42424.31
18338  42424.31  42426.62
18339  42426.62  42428.94
18340  42428.94  42431.25
18341  42431.25  42433.56
18342  42433.56  42435.88
18343  42435.88  42438.19
18344  42438.19  42440.50
18345  42440.50  42442.81
18346  42442.81  42445.12
18347  42445.12  42447.44
18348  42447.44  42449.75
18349  42449.75  42452.06
18350  42452.06  42454.38
18351  42454.38  42456.69
18352  42456.69  42459.00
18353  42459.00  42461.31
18354  42461.31  42463.62
18355  42463.62  42465.94
18356  42465.94  42468.25
18357  42468.25  42470.56
18358  42470.56  42472.88
18359  42472.88  42475.19
18360  42475.19  42477.50
18361  42477.50  42479.81
18362  42479.81  42482.12
18363  42482.12  42484.44
18364  42484.44  42486.75
18365  42486.75  42489.06
18366  42489.06  42491.38
18367  42491.38  42493.69
18368  42493.69  42496.00
18369  42496.00  42498.31
18370  42498.31  42500.62
18371  42500.62  42502.94
18372  42502.94  42505.25
18373  42505.25  42507.56
18374  42507.56  42509.88
18375  42509.88  42512.19
18376  42512.19  42514.50
18377  42514.50  42516.81
18378  42516.81  42519.12
18379  42519.12  42521.44
18380  42521.44  42523.75
18381  42523.75  42526.06
18382  42526.06  42528.38
18383  42528.38  42530.69
18384  42530.69  42533.00
18385  42533.00  42535.31
18386  42535.31  42537.62
18387  42537.62  42539.94
18388  42539.94  42542.25
18389  42542.25  42544.56
18390  42544.56  42546.88
18391  42546.88  42549.19
18392  42549.19  42551.50
18393  42551.50  42553.81
18394  42553.81  42556.12
18395  42556.12  42558.44
18396  42558.44  42560.75
18397  42560.75  42563.06
18398  42563.06  42565.38
18399  42565.38  42567.69
18400  42567.69  42570.00
18401  42570.00  42572.31
18402  42572.31  42574.62
18403  42574.62  42576.94
18404  42576.94  42579.25
18405  42579.25  42581.56
18406  42581.56  42583.88
18407  42583.88  42586.19
18408  42586.19  42588.50
18409  42588.50  42590.81
18410  42590.81  42593.12
18411  42593.12  42595.44
18412  42595.44  42597.75
18413  42597.75  42600.06
18414  42600.06  42602.38
18415  42602.38  42604.69
18416  42604.69  42607.00
18417  42607.00  42609.31
18418  42609.31  42611.62
18419  42611.62  42613.94
18420  42613.94  42616.25
18421  42616.25  42618.56
18422  42618.56  42620.88
18423  42620.88  42623.19
18424  42623.19  42625.50
18425  42625.50  42627.81
18426  42627.81  42630.12
18427  42630.12  42632.44
18428  42632.44  42634.75
18429  42634.75  42637.06
18430  42637.06  42639.38
18431  42639.38  42641.69
18432  42641.69  42644.00
18433  42644.00  42646.31
18434  42646.31  42648.62
18435  42648.62  42650.94
18436  42650.94  42653.25
18437  42653.25  42655.56
18438  42655.56  42657.88
18439  42657.88  42660.19
18440  42660.19  42662.50
18441  42662.50  42664.81
18442  42664.81  42667.12
18443  42667.12  42669.44
18444  42669.44  42671.75
18445  42671.75  42674.06
18446  42674.06  42676.38
18447  42676.38  42678.69
18448  42678.69  42681.00
18449  42681.00  42683.31
18450  42683.31  42685.62
18451  42685.62  42687.94
18452  42687.94  42690.25
18453  42690.25  42692.56
18454  42692.56  42694.88
18455  42694.88  42697.19
18456  42697.19  42699.50
18457  42699.50  42701.81
18458  42701.81  42704.12
18459  42704.12  42706.44
18460  42706.44  42708.75
18461  42708.75  42711.06
18462  42711.06  42713.38
18463  42713.38  42715.69
18464  42715.69  42718.00
18465  42718.00  42720.31
18466  42720.31  42722.62
18467  42722.62  42724.94
18468  42724.94  42727.25
18469  42727.25  42729.56
18470  42729.56  42731.88
18471  42731.88  42734.19
18472  42734.19  42736.50
18473  42736.50  42738.81
18474  42738.81  42741.12
18475  42741.12  42743.44
18476  42743.44  42745.75
18477  42745.75  42748.06
18478  42748.06  42750.38
18479  42750.38  42752.69
18480  42752.69  42755.00
18481  42755.00  42757.31
18482  42757.31  42759.62
18483  42759.62  42761.94
18484  42761.94  42764.25
18485  42764.25  42766.56
18486  42766.56  42768.88
18487  42768.88  42771.19
18488  42771.19  42773.50
18489  42773.50  42775.81
18490  42775.81  42778.12
18491  42778.12  42780.44
18492  42780.44  42782.75
18493  42782.75  42785.06
18494  42785.06  42787.38
18495  42787.38  42789.69
18496  42789.69  42792.00
18497  42792.00  42794.31
18498  42794.31  42796.62
18499  42796.62  42798.94
18500  42798.94  42801.25
18501  42801.25  42803.56
18502  42803.56  42805.88
18503  42805.88  42808.19
18504  42808.19  42810.50
18505  42810.50  42812.81
18506  42812.81  42815.12
18507  42815.12  42817.44
18508  42817.44  42819.75
18509  42819.75  42822.06
18510  42822.06  42824.38
18511  42824.38  42826.69
18512  42826.69  42829.00
18513  42829.00  42831.31
18514  42831.31  42833.62
18515  42833.62  42835.94
18516  42835.94  42838.25
18517  42838.25  42840.56
18518  42840.56  42842.88
18519  42842.88  42845.19
18520  42845.19  42847.50
18521  42847.50  42849.81
18522  42849.81  42852.12
18523  42852.12  42854.44
18524  42854.44  42856.75
18525  42856.75  42859.06
18526  42859.06  42861.38
18527  42861.38  42863.69
18528  42863.69  42866.00
18529  42866.00  42868.31
18530  42868.31  42870.62
18531  42870.62  42872.94
18532  42872.94  42875.25
18533  42875.25  42877.56
18534  42877.56  42879.88
18535  42879.88  42882.19
18536  42882.19  42884.50
18537  42884.50  42886.81
18538  42886.81  42889.12
18539  42889.12  42891.44
18540  42891.44  42893.75
18541  42893.75  42896.06
18542  42896.06  42898.38
18543  42898.38  42900.69
18544  42900.69  42903.00
18545  42903.00  42905.31
18546  42905.31  42907.62
18547  42907.62  42909.94
18548  42909.94  42912.25
18549  42912.25  42914.56
18550  42914.56  42916.88
18551  42916.88  42919.19
18552  42919.19  42921.50
18553  42921.50  42923.81
18554  42923.81  42926.12
18555  42926.12  42928.44
18556  42928.44  42930.75
18557  42930.75  42933.06
18558  42933.06  42935.38
18559  42935.38  42937.69
18560  42937.69  42940.00
18561  42940.00  42942.31
18562  42942.31  42944.62
18563  42944.62  42946.94
18564  42946.94  42949.25
18565  42949.25  42951.56
18566  42951.56  42953.88
18567  42953.88  42956.19
18568  42956.19  42958.50
18569  42958.50  42960.81
18570  42960.81  42963.12
18571  42963.12  42965.44
18572  42965.44  42967.75
18573  42967.75  42970.06
18574  42970.06  42972.38
18575  42972.38  42974.69
18576  42974.69  42977.00
18577  42977.00  42979.31
18578  42979.31  42981.62
18579  42981.62  42983.94
18580  42983.94  42986.25
18581  42986.25  42988.56
18582  42988.56  42990.88
18583  42990.88  42993.19
18584  42993.19  42995.50
18585  42995.50  42997.81
18586  42997.81  43000.12
18587  43000.12  43002.44
18588  43002.44  43004.75
18589  43004.75  43007.06
18590  43007.06  43009.38
18591  43009.38  43011.69
18592  43011.69  43014.00
18593  43014.00  43016.31
18594  43016.31  43018.62
18595  43018.62  43020.94
18596  43020.94  43023.25
18597  43023.25  43025.56
18598  43025.56  43027.88
18599  43027.88  43030.19
18600  43030.19  43032.50
18601  43032.50  43034.81
18602  43034.81  43037.12
18603  43037.12  43039.44
18604  43039.44  43041.75
18605  43041.75  43044.06
18606  43044.06  43046.38
18607  43046.38  43048.69
18608  43048.69  43051.00
18609  43051.00  43053.31
18610  43053.31  43055.62
18611  43055.62  43057.94
18612  43057.94  43060.25
18613  43060.25  43062.56
18614  43062.56  43064.88
18615  43064.88  43067.19
18616  43067.19  43069.50
18617  43069.50  43071.81
18618  43071.81  43074.12
18619  43074.12  43076.44
18620  43076.44  43078.75
18621  43078.75  43081.06
18622  43081.06  43083.38
18623  43083.38  43085.69
18624  43085.69  43088.00
18625  43088.00  43090.31
18626  43090.31  43092.62
18627  43092.62  43094.94
18628  43094.94  43097.25
18629  43097.25  43099.56
18630  43099.56  43101.88
18631  43101.88  43104.19
18632  43104.19  43106.50
18633  43106.50  43108.81
18634  43108.81  43111.12
18635  43111.12  43113.44
18636  43113.44  43115.75
18637  43115.75  43118.06
18638  43118.06  43120.38
18639  43120.38  43122.69
18640  43122.69  43125.00
18641  43125.00  43127.31
18642  43127.31  43129.62
18643  43129.62  43131.94
18644  43131.94  43134.25
18645  43134.25  43136.56
18646  43136.56  43138.88
18647  43138.88  43141.19
18648  43141.19  43143.50
18649  43143.50  43145.81
18650  43145.81  43148.12
18651  43148.12  43150.44
18652  43150.44  43152.75
18653  43152.75  43155.06
18654  43155.06  43157.38
18655  43157.38  43159.69
18656  43159.69  43162.00
18657  43162.00  43164.31
18658  43164.31  43166.62
18659  43166.62  43168.94
18660  43168.94  43171.25
18661  43171.25  43173.56
18662  43173.56  43175.88
18663  43175.88  43178.19
18664  43178.19  43180.50
18665  43180.50  43182.81
18666  43182.81  43185.12
18667  43185.12  43187.44
18668  43187.44  43189.75
18669  43189.75  43192.06
18670  43192.06  43194.38
18671  43194.38  43196.69
18672  43196.69  43199.00
18673  43199.00  43201.31
18674  43201.31  43203.62
18675  43203.62  43205.94
18676  43205.94  43208.25
18677  43208.25  43210.56
18678  43210.56  43212.88
18679  43212.88  43215.19
18680  43215.19  43217.50
18681  43217.50  43219.81
18682  43219.81  43222.12
18683  43222.12  43224.44
18684  43224.44  43226.75
18685  43226.75  43229.06
18686  43229.06  43231.38
18687  43231.38  43233.69
18688  43233.69  43236.00
18689  43236.00  43238.31
18690  43238.31  43240.62
18691  43240.62  43242.94
18692  43242.94  43245.25
18693  43245.25  43247.56
18694  43247.56  43249.88
18695  43249.88  43252.19
18696  43252.19  43254.50
18697  43254.50  43256.81
18698  43256.81  43259.12
18699  43259.12  43261.44
18700  43261.44  43263.75
18701  43263.75  43266.06
18702  43266.06  43268.38
18703  43268.38  43270.69
18704  43270.69  43273.00
18705  43273.00  43275.31
18706  43275.31  43277.62
18707  43277.62  43279.94
18708  43279.94  43282.25
18709  43282.25  43284.56
18710  43284.56  43286.88
18711  43286.88  43289.19
18712  43289.19  43291.50
18713  43291.50  43293.81
18714  43293.81  43296.12
18715  43296.12  43298.44
18716  43298.44  43300.75
18717  43300.75  43303.06
18718  43303.06  43305.38
18719  43305.38  43307.69
18720  43307.69  43310.00
18721  43310.00  43312.31
18722  43312.31  43314.62
18723  43314.62  43316.94
18724  43316.94  43319.25
18725  43319.25  43321.56
18726  43321.56  43323.88
18727  43323.88  43326.19
18728  43326.19  43328.50
18729  43328.50  43330.81
18730  43330.81  43333.12
18731  43333.12  43335.44
18732  43335.44  43337.75
18733  43337.75  43340.06
18734  43340.06  43342.38
18735  43342.38  43344.69
18736  43344.69  43347.00
18737  43347.00  43349.31
18738  43349.31  43351.62
18739  43351.62  43353.94
18740  43353.94  43356.25
18741  43356.25  43358.56
18742  43358.56  43360.88
18743  43360.88  43363.19
18744  43363.19  43365.50
18745  43365.50  43367.81
18746  43367.81  43370.12
18747  43370.12  43372.44
18748  43372.44  43374.75
18749  43374.75  43377.06
18750  43377.06  43379.38
18751  43379.38  43381.69
18752  43381.69  43384.00
18753  43384.00  43386.31
18754  43386.31  43388.62
18755  43388.62  43390.94
18756  43390.94  43393.25
18757  43393.25  43395.56
18758  43395.56  43397.88
18759  43397.88  43400.19
18760  43400.19  43402.50
18761  43402.50  43404.81
18762  43404.81  43407.12
18763  43407.12  43409.44
18764  43409.44  43411.75
18765  43411.75  43414.06
18766  43414.06  43416.38
18767  43416.38  43418.69
18768  43418.69  43421.00
18769  43421.00  43423.31
18770  43423.31  43425.62
18771  43425.62  43427.94
18772  43427.94  43430.25
18773  43430.25  43432.56
18774  43432.56  43434.88
18775  43434.88  43437.19
18776  43437.19  43439.50
18777  43439.50  43441.81
18778  43441.81  43444.12
18779  43444.12  43446.44
18780  43446.44  43448.75
18781  43448.75  43451.06
18782  43451.06  43453.38
18783  43453.38  43455.69
18784  43455.69  43458.00
18785  43458.00  43460.31
18786  43460.31  43462.62
18787  43462.62  43464.94
18788  43464.94  43467.25
18789  43467.25  43469.56
18790  43469.56  43471.88
18791  43471.88  43474.19
18792  43474.19  43476.50
18793  43476.50  43478.81
18794  43478.81  43481.12
18795  43481.12  43483.44
18796  43483.44  43485.75
18797  43485.75  43488.06
18798  43488.06  43490.38
18799  43490.38  43492.69
18800  43492.69  43495.00
18801  43495.00  43497.31
18802  43497.31  43499.62
18803  43499.62  43501.94
18804  43501.94  43504.25
18805  43504.25  43506.56
18806  43506.56  43508.88
18807  43508.88  43511.19
18808  43511.19  43513.50
18809  43513.50  43515.81
18810  43515.81  43518.12
18811  43518.12  43520.44
18812  43520.44  43522.75
18813  43522.75  43525.06
18814  43525.06  43527.38
18815  43527.38  43529.69
18816  43529.69  43532.00
18817  43532.00  43534.31
18818  43534.31  43536.62
18819  43536.62  43538.94
18820  43538.94  43541.25
18821  43541.25  43543.56
18822  43543.56  43545.88
18823  43545.88  43548.19
18824  43548.19  43550.50
18825  43550.50  43552.81
18826  43552.81  43555.12
18827  43555.12  43557.44
18828  43557.44  43559.75
18829  43559.75  43562.06
18830  43562.06  43564.38
18831  43564.38  43566.69
18832  43566.69  43569.00
18833  43569.00  43571.31
18834  43571.31  43573.62
18835  43573.62  43575.94
18836  43575.94  43578.25
18837  43578.25  43580.56
18838  43580.56  43582.88
18839  43582.88  43585.19
18840  43585.19  43587.50
18841  43587.50  43589.81
18842  43589.81  43592.12
18843  43592.12  43594.44
18844  43594.44  43596.75
18845  43596.75  43599.06
18846  43599.06  43601.38
18847  43601.38  43603.69
18848  43603.69  43606.00
18849  43606.00  43608.31
18850  43608.31  43610.62
18851  43610.62  43612.94
18852  43612.94  43615.25
18853  43615.25  43617.56
18854  43617.56  43619.88
18855  43619.88  43622.19
18856  43622.19  43624.50
18857  43624.50  43626.81
18858  43626.81  43629.12
18859  43629.12  43631.44
18860  43631.44  43633.75
18861  43633.75  43636.06
18862  43636.06  43638.38
18863  43638.38  43640.69
18864  43640.69  43643.00
18865  43643.00  43645.31
18866  43645.31  43647.62
18867  43647.62  43649.94
18868  43649.94  43652.25
18869  43652.25  43654.56
18870  43654.56  43656.88
18871  43656.88  43659.19
18872  43659.19  43661.50
18873  43661.50  43663.81
18874  43663.81  43666.12
18875  43666.12  43668.44
18876  43668.44  43670.75
18877  43670.75  43673.06
18878  43673.06  43675.38
18879  43675.38  43677.69
18880  43677.69  43680.00
18881  43680.00  43682.31
18882  43682.31  43684.62
18883  43684.62  43686.94
18884  43686.94  43689.25
18885  43689.25  43691.56
18886  43691.56  43693.88
18887  43693.88  43696.19
18888  43696.19  43698.50
18889  43698.50  43700.81
18890  43700.81  43703.12
18891  43703.12  43705.44
18892  43705.44  43707.75
18893  43707.75  43710.06
18894  43710.06  43712.38
18895  43712.38  43714.69
18896  43714.69  43717.00
18897  43717.00  43719.31
18898  43719.31  43721.62
18899  43721.62  43723.94
18900  43723.94  43726.25
18901  43726.25  43728.56
18902  43728.56  43730.88
18903  43730.88  43733.19
18904  43733.19  43735.50
18905  43735.50  43737.81
18906  43737.81  43740.12
18907  43740.12  43742.44
18908  43742.44  43744.75
18909  43744.75  43747.06
18910  43747.06  43749.38
18911  43749.38  43751.69
18912  43751.69  43754.00
18913  43754.00  43756.31
18914  43756.31  43758.62
18915  43758.62  43760.94
18916  43760.94  43763.25
18917  43763.25  43765.56
18918  43765.56  43767.88
18919  43767.88  43770.19
18920  43770.19  43772.50
18921  43772.50  43774.81
18922  43774.81  43777.12
18923  43777.12  43779.44
18924  43779.44  43781.75
18925  43781.75  43784.06
18926  43784.06  43786.38
18927  43786.38  43788.69
18928  43788.69  43791.00
18929  43791.00  43793.31
18930  43793.31  43795.62
18931  43795.62  43797.94
18932  43797.94  43800.25
18933  43800.25  43802.56
18934  43802.56  43804.88
18935  43804.88  43807.19
18936  43807.19  43809.50
18937  43809.50  43811.81
18938  43811.81  43814.12
18939  43814.12  43816.44
18940  43816.44  43818.75
18941  43818.75  43821.06
18942  43821.06  43823.38
18943  43823.38  43825.69
18944  43825.69  43828.00
18945  43828.00  43830.31
18946  43830.31  43832.62
18947  43832.62  43834.94
18948  43834.94  43837.25
18949  43837.25  43839.56
18950  43839.56  43841.88
18951  43841.88  43844.19
18952  43844.19  43846.50
18953  43846.50  43848.81
18954  43848.81  43851.12
18955  43851.12  43853.44
18956  43853.44  43855.75
18957  43855.75  43858.06
18958  43858.06  43860.38
18959  43860.38  43862.69
18960  43862.69  43865.00
18961  43865.00  43867.31
18962  43867.31  43869.62
18963  43869.62  43871.94
18964  43871.94  43874.25
18965  43874.25  43876.56
18966  43876.56  43878.88
18967  43878.88  43881.19
18968  43881.19  43883.50
18969  43883.50  43885.81
18970  43885.81  43888.12
18971  43888.12  43890.44
18972  43890.44  43892.75
18973  43892.75  43895.06
18974  43895.06  43897.38
18975  43897.38  43899.69
18976  43899.69  43902.00
18977  43902.00  43904.31
18978  43904.31  43906.62
18979  43906.62  43908.94
18980  43908.94  43911.25
18981  43911.25  43913.56
18982  43913.56  43915.88
18983  43915.88  43918.19
18984  43918.19  43920.50
18985  43920.50  43922.81
18986  43922.81  43925.12
18987  43925.12  43927.44
18988  43927.44  43929.75
18989  43929.75  43932.06
18990  43932.06  43934.38
18991  43934.38  43936.69
18992  43936.69  43939.00
18993  43939.00  43941.31
18994  43941.31  43943.62
18995  43943.62  43945.94
18996  43945.94  43948.25
18997  43948.25  43950.56
18998  43950.56  43952.88
18999  43952.88  43955.19
19000  43955.19  43957.50
19001  43957.50  43959.81
19002  43959.81  43962.12
19003  43962.12  43964.44
19004  43964.44  43966.75
19005  43966.75  43969.06
19006  43969.06  43971.38
19007  43971.38  43973.69
19008  43973.69  43976.00
19009  43976.00  43978.31
19010  43978.31  43980.62
19011  43980.62  43982.94
19012  43982.94  43985.25
19013  43985.25  43987.56
19014  43987.56  43989.88
19015  43989.88  43992.19
19016  43992.19  43994.50
19017  43994.50  43996.81
19018  43996.81  43999.12
19019  43999.12  44001.44
19020  44001.44  44003.75
19021  44003.75  44006.06
19022  44006.06  44008.38
19023  44008.38  44010.69
19024  44010.69  44013.00
19025  44013.00  44015.31
19026  44015.31  44017.62
19027  44017.62  44019.94
19028  44019.94  44022.25
19029  44022.25  44024.56
19030  44024.56  44026.88
19031  44026.88  44029.19
19032  44029.19  44031.50
19033  44031.50  44033.81
19034  44033.81  44036.12
19035  44036.12  44038.44
19036  44038.44  44040.75
19037  44040.75  44043.06
19038  44043.06  44045.38
19039  44045.38  44047.69
19040  44047.69  44050.00
19041  44050.00  44052.31
19042  44052.31  44054.62
19043  44054.62  44056.94
19044  44056.94  44059.25
19045  44059.25  44061.56
19046  44061.56  44063.88
19047  44063.88  44066.19
19048  44066.19  44068.50
19049  44068.50  44070.81
19050  44070.81  44073.12
19051  44073.12  44075.44
19052  44075.44  44077.75
19053  44077.75  44080.06
19054  44080.06  44082.38
19055  44082.38  44084.69
19056  44084.69  44087.00
19057  44087.00  44089.31
19058  44089.31  44091.62
19059  44091.62  44093.94
19060  44093.94  44096.25
19061  44096.25  44098.56
19062  44098.56  44100.88
19063  44100.88  44103.19
19064  44103.19  44105.50
19065  44105.50  44107.81
19066  44107.81  44110.12
19067  44110.12  44112.44
19068  44112.44  44114.75
19069  44114.75  44117.06
19070  44117.06  44119.38
19071  44119.38  44121.69
19072  44121.69  44124.00
19073  44124.00  44126.31
19074  44126.31  44128.62
19075  44128.62  44130.94
19076  44130.94  44133.25
19077  44133.25  44135.56
19078  44135.56  44137.88
19079  44137.88  44140.19
19080  44140.19  44142.50
19081  44142.50  44144.81
19082  44144.81  44147.12
19083  44147.12  44149.44
19084  44149.44  44151.75
19085  44151.75  44154.06
19086  44154.06  44156.38
19087  44156.38  44158.69
19088  44158.69  44161.00
19089  44161.00  44163.31
19090  44163.31  44165.62
19091  44165.62  44167.94
19092  44167.94  44170.25
19093  44170.25  44172.56
19094  44172.56  44174.88
19095  44174.88  44177.19
19096  44177.19  44179.50
19097  44179.50  44181.81
19098  44181.81  44184.12
19099  44184.12  44186.44
19100  44186.44  44188.75
19101  44188.75  44191.06
19102  44191.06  44193.38
19103  44193.38  44195.69
19104  44195.69  44198.00
19105  44198.00  44200.31
19106  44200.31  44202.62
19107  44202.62  44204.94
19108  44204.94  44207.25
19109  44207.25  44209.56
19110  44209.56  44211.88
19111  44211.88  44214.19
19112  44214.19  44216.50
19113  44216.50  44218.81
19114  44218.81  44221.12
19115  44221.12  44223.44
19116  44223.44  44225.75
19117  44225.75  44228.06
19118  44228.06  44230.38
19119  44230.38  44232.69
19120  44232.69  44235.00
19121  44235.00  44237.31
19122  44237.31  44239.62
19123  44239.62  44241.94
19124  44241.94  44244.25
19125  44244.25  44246.56
19126  44246.56  44248.88
19127  44248.88  44251.19
19128  44251.19  44253.50
19129  44253.50  44255.81
19130  44255.81  44258.12
19131  44258.12  44260.44
19132  44260.44  44262.75
19133  44262.75  44265.06
19134  44265.06  44267.38
19135  44267.38  44269.69
19136  44269.69  44272.00
19137  44272.00  44274.31
19138  44274.31  44276.62
19139  44276.62  44278.94
19140  44278.94  44281.25
19141  44281.25  44283.56
19142  44283.56  44285.88
19143  44285.88  44288.19
19144  44288.19  44290.50
19145  44290.50  44292.81
19146  44292.81  44295.12
19147  44295.12  44297.44
19148  44297.44  44299.75
19149  44299.75  44302.06
19150  44302.06  44304.38
19151  44304.38  44306.69
19152  44306.69  44309.00
19153  44309.00  44311.31
19154  44311.31  44313.62
19155  44313.62  44315.94
19156  44315.94  44318.25
19157  44318.25  44320.56
19158  44320.56  44322.88
19159  44322.88  44325.19
19160  44325.19  44327.50
19161  44327.50  44329.81
19162  44329.81  44332.12
19163  44332.12  44334.44
19164  44334.44  44336.75
19165  44336.75  44339.06
19166  44339.06  44341.38
19167  44341.38  44343.69
19168  44343.69  44346.00
19169  44346.00  44348.31
19170  44348.31  44350.62
19171  44350.62  44352.94
19172  44352.94  44355.25
19173  44355.25  44357.56
19174  44357.56  44359.88
19175  44359.88  44362.19
19176  44362.19  44364.50
19177  44364.50  44366.81
19178  44366.81  44369.12
19179  44369.12  44371.44
19180  44371.44  44373.75
19181  44373.75  44376.06
19182  44376.06  44378.38
19183  44378.38  44380.69
19184  44380.69  44383.00
19185  44383.00  44385.31
19186  44385.31  44387.62
19187  44387.62  44389.94
19188  44389.94  44392.25
19189  44392.25  44394.56
19190  44394.56  44396.88
19191  44396.88  44399.19
19192  44399.19  44401.50
19193  44401.50  44403.81
19194  44403.81  44406.12
19195  44406.12  44408.44
19196  44408.44  44410.75
19197  44410.75  44413.06
19198  44413.06  44415.38
19199  44415.38  44417.69
19200  44417.69  44420.00
19201  44420.00  44422.31
19202  44422.31  44424.62
19203  44424.62  44426.94
19204  44426.94  44429.25
19205  44429.25  44431.56
19206  44431.56  44433.88
19207  44433.88  44436.19
19208  44436.19  44438.50
19209  44438.50  44440.81
19210  44440.81  44443.12
19211  44443.12  44445.44
19212  44445.44  44447.75
19213  44447.75  44450.06
19214  44450.06  44452.38
19215  44452.38  44454.69
19216  44454.69  44457.00
19217  44457.00  44459.31
19218  44459.31  44461.62
19219  44461.62  44463.94
19220  44463.94  44466.25
19221  44466.25  44468.56
19222  44468.56  44470.88
19223  44470.88  44473.19
19224  44473.19  44475.50
19225  44475.50  44477.81
19226  44477.81  44480.12
19227  44480.12  44482.44
19228  44482.44  44484.75
19229  44484.75  44487.06
19230  44487.06  44489.38
19231  44489.38  44491.69
19232  44491.69  44494.00
19233  44494.00  44496.31
19234  44496.31  44498.62
19235  44498.62  44500.94
19236  44500.94  44503.25
19237  44503.25  44505.56
19238  44505.56  44507.88
19239  44507.88  44510.19
19240  44510.19  44512.50
19241  44512.50  44514.81
19242  44514.81  44517.12
19243  44517.12  44519.44
19244  44519.44  44521.75
19245  44521.75  44524.06
19246  44524.06  44526.38
19247  44526.38  44528.69
19248  44528.69  44531.00
19249  44531.00  44533.31
19250  44533.31  44535.62
19251  44535.62  44537.94
19252  44537.94  44540.25
19253  44540.25  44542.56
19254  44542.56  44544.88
19255  44544.88  44547.19
19256  44547.19  44549.50
19257  44549.50  44551.81
19258  44551.81  44554.12
19259  44554.12  44556.44
19260  44556.44  44558.75
19261  44558.75  44561.06
19262  44561.06  44563.38
19263  44563.38  44565.69
19264  44565.69  44568.00
19265  44568.00  44570.31
19266  44570.31  44572.62
19267  44572.62  44574.94
19268  44574.94  44577.25
19269  44577.25  44579.56
19270  44579.56  44581.88
19271  44581.88  44584.19
19272  44584.19  44586.50
19273  44586.50  44588.81
19274  44588.81  44591.12
19275  44591.12  44593.44
19276  44593.44  44595.75
19277  44595.75  44598.06
19278  44598.06  44600.38
19279  44600.38  44602.69
19280  44602.69  44605.00
19281  44605.00  44607.31
19282  44607.31  44609.62
19283  44609.62  44611.94
19284  44611.94  44614.25
19285  44614.25  44616.56
19286  44616.56  44618.88
19287  44618.88  44621.19
19288  44621.19  44623.50
19289  44623.50  44625.81
19290  44625.81  44628.12
19291  44628.12  44630.44
19292  44630.44  44632.75
19293  44632.75  44635.06
19294  44635.06  44637.38
19295  44637.38  44639.69
19296  44639.69  44642.00
19297  44642.00  44644.31
19298  44644.31  44646.62
19299  44646.62  44648.94
19300  44648.94  44651.25
19301  44651.25  44653.56
19302  44653.56  44655.88
19303  44655.88  44658.19
19304  44658.19  44660.50
19305  44660.50  44662.81
19306  44662.81  44665.12
19307  44665.12  44667.44
19308  44667.44  44669.75
19309  44669.75  44672.06
19310  44672.06  44674.38
19311  44674.38  44676.69
19312  44676.69  44679.00
19313  44679.00  44681.31
19314  44681.31  44683.62
19315  44683.62  44685.94
19316  44685.94  44688.25
19317  44688.25  44690.56
19318  44690.56  44692.88
19319  44692.88  44695.19
19320  44695.19  44697.50
19321  44697.50  44699.81
19322  44699.81  44702.12
19323  44702.12  44704.44
19324  44704.44  44706.75
19325  44706.75  44709.06
19326  44709.06  44711.38
19327  44711.38  44713.69
19328  44713.69  44716.00
19329  44716.00  44718.31
19330  44718.31  44720.62
19331  44720.62  44722.94
19332  44722.94  44725.25
19333  44725.25  44727.56
19334  44727.56  44729.88
19335  44729.88  44732.19
19336  44732.19  44734.50
19337  44734.50  44736.81
19338  44736.81  44739.12
19339  44739.12  44741.44
19340  44741.44  44743.75
19341  44743.75  44746.06
19342  44746.06  44748.38
19343  44748.38  44750.69
19344  44750.69  44753.00
19345  44753.00  44755.31
19346  44755.31  44757.62
19347  44757.62  44759.94
19348  44759.94  44762.25
19349  44762.25  44764.56
19350  44764.56  44766.88
19351  44766.88  44769.19
19352  44769.19  44771.50
19353  44771.50  44773.81
19354  44773.81  44776.12
19355  44776.12  44778.44
19356  44778.44  44780.75
19357  44780.75  44783.06
19358  44783.06  44785.38
19359  44785.38  44787.69
19360  44787.69  44790.00
19361  44790.00  44792.31
19362  44792.31  44794.62
19363  44794.62  44796.94
19364  44796.94  44799.25
19365  44799.25  44801.56
19366  44801.56  44803.88
19367  44803.88  44806.19
19368  44806.19  44808.50
19369  44808.50  44810.81
19370  44810.81  44813.12
19371  44813.12  44815.44
19372  44815.44  44817.75
19373  44817.75  44820.06
19374  44820.06  44822.38
19375  44822.38  44824.69
19376  44824.69  44827.00
19377  44827.00  44829.31
19378  44829.31  44831.62
19379  44831.62  44833.94
19380  44833.94  44836.25
19381  44836.25  44838.56
19382  44838.56  44840.88
19383  44840.88  44843.19
19384  44843.19  44845.50
19385  44845.50  44847.81
19386  44847.81  44850.12
19387  44850.12  44852.44
19388  44852.44  44854.75
19389  44854.75  44857.06
19390  44857.06  44859.38
19391  44859.38  44861.69
19392  44861.69  44864.00
